අං	1009
අංක	23357
අංකය	14443
අංකයක්	978
අංකයට	1122
අංකයපණිවුඞයපණිවුඞයක	6082
අංකයෙන්	393
අංකල්	4274
අංකල්ගේ	317
අංකල්ට	427
අංකල්ලා	200
අංකුර	643
අංග	4475
අංගනය	318
අංගනයට	218
අංගනයේ	276
අංගම්	626
අංගම්පොර	624
අංගය	742
අංගයක්	2367
අංගයකි	483
අංගයන්	479
අංගසම්පූර්ණ	267
අංගුත්තර	504
අංගුලිමාල	450
අංගොඩ	969
අංගෝපාංග	253
අංජන	598
අංශ	14737
අංශක	3059
අංශය	16065
අංශයක්	952
අංශයට	9376
අංශයන්	453
අංශයන්හි	200
අංශයෙන්	2077
අංශයේ	11900
අංශවල	1409
අංශවලට	875
අංශවලින්	356
අංශු	2016
අංශුව	247
අංශුවක්	313
අකටයුතුකම්	445
අකමැත්ත	1036
අකමැත්තක්	664
අකමැත්තෙන්	1357
අකමැති	6268
අකමැතිම	384
අකමැතිය	273
අකමැතියි	793
අකරතැබ්බ	221
අකරතැබ්බයක්	234
අකලංක	434
අකලට	329
අකල්	657
අකවුන්ට්	269
අක්	267
අක්ක	3224
අක්කගෙ	1420
අක්කගේ	1398
අක්කට	2064
අක්කටත්	282
අක්කත්	738
අක්කයි	914
අක්කර	6377
අක්කල	509
අක්කලා	1464
අක්කව	429
අක්කා	11097
අක්කාගේ	949
අක්කාට	619
අක්කාත්	253
අක්කි	1145
අක්කිට	204
අක්කියෝ	449
අක්කෙ	1383
අක්කේ	5588
අක්කෝ	248
අක්බාර්	414
අක්මා	198
අක්මාව	449
අක්මීමන	657
අක්ෂය	444
අක්ෂර	2316
අක්ෂරය	475
අක්ෂාංශ	251
අක්ෂි	900
අකාබනික	302
අකාරය	535
අකාරයට	389
අකාරයෙන්	214
අකාරයේ	219
අකාර්යක්ෂම	350
අකාලයේ	746
අකාලික	238
අකැප	352
අකැමති	286
අකැමැත්තෙන්	198
අකැමැති	860
අකිල	3260
අකීකරු	827
අකුණක්	352
අකුණු	3076
අකුර	1336
අකුරක්	1459
අකුරට	987
අකුරටම	627
අකුරණ	304
අකුරැ	220
අකුරැස්ස	1219
අකුරින්	1037
අකුරු	14251
අකුරෙන්	799
අකුල්	431
අකුලා	218
අකුශල	575
අකුසල	1235
අකුසලය	324
අකුසලයක්	209
අකුසල්	1460
අඛණ්ඩ	1878
අඛණ්ඩව	4254
අඛන්ඩ	532
අඛන්ඩව	899
අග	8099
අගක්	394
අගට	1274
අගටම	226
අගතියක්	297
අගතියට	650
අගදී	427
අගනගරය	395
අගනා	3163
අගනුවර	2705
අගනුවරට	305
අගනේය	429
අගභාගයේ	277
අගමැති	15572
අගමැතිකම	478
අගමැතිකමින්	393
අගමැතිගෙන්	336
අගමැතිගේ	473
අගමැතිට	652
අගමැතිතුමා	748
අගමැතිනි	246
අගමැතිනිය	251
අගමැතිවරයා	3523
අගමැතිවරයාගේ	606
අගමැතිවරයාට	476
අගය	16204
අගයක	487
අගයකට	235
අගයක්	3489
අගයකි	220
අගයකින්	291
අගයට	489
අගයන	763
අගයන්	1399
අගයනු	196
අගයමින්	410
අගයමු	1180
අගයයන්	361
අගයෙන්	222
අගරදගුරු	982
අගලවත්ත	490
අගල්	939
අගවිනිසුරු	2425
අගවිනිසුරුවරයා	493
අගවිනිසුරුවරිය	390
අගවිනිසුරුවරියට	237
අගහරු	303
අගහරුවාදා	461
අග්ගමහා	233
අග්ගලා	226
අග්නි	635
අග්නිදිග	805
අග්බෝ	281
අගාධයට	264
අගින්	644
අගුණ	442
අගුරු	588
අගුල	205
අගුල්	236
අගුලු	529
අගුළු	335
අගෙයි	1663
අගේ	2422
අගේට	1049
අගොස්තු	551
අගෝ	736
අගෝස්තු	15377
අගෝස්තුවේ	312
අගෞරව	313
අගෞරවයක්	348
අඟ	503
අඟලක්	316
අඟල්	2117
අඟවන	198
අඟවමින්	211
අඟවයි	472
අඟවා	644
අඟහරු	2016
අඟහරුවාදා	4895
අඟුරු	2175
අඟුලාන	229
අචල	454
අච්චර	765
අච්චාරු	653
අච්චාරුවක්	203
අච්චු	1055
අචාර්ය	297
අජන්ත	640
අජන්තා	489
අජාන්	230
අජාසත්	270
අජිත්	10557
අජිත්ගේ	242
අජීවී	277
අඥාන	294
අට	6584
අටං	245
අටක	713
අටකට	812
අටක්	2853
අටකින්	362
අටට	677
අටපිරිකර	250
අටම්	505
අටම්පහුර	324
අටමා	462
අටයි	483
අටවක	693
අටවන	781
අටවා	693
අටවැනි	426
අටවිසි	262
අටවෙනි	244
අටසිය	343
අට්ටාලය	211
අටියෙන්	409
අටුවා	808
අටුවාව	316
අටෙන්	227
අටේ	1141
අඩ	3056
අඩංගු	9042
අඩංගුය	232
අඩංගුයි	204
අඩංගුව	242
අඩංගුවට	3789
අඩංගුවේ	358
අඩකට	360
අඩකටත්	208
අඩක්	1674
අඩන	393
අඩනවා	481
අඩන්තේට්ටම්	257
අඩන්න	670
අඩපණ	982
අඩපන	428
අඩවන්	330
අඩවි	12240
අඩවිය	17923
අඩවියක	939
අඩවියකට	489
අඩවියක්	3676
අඩවියකි	230
අඩවියකින්	237
අඩවියට	5066
අඩවියත්	290
අඩවියයි	246
අඩවියෙ	296
අඩවියෙන්	1941
අඩවියෙහි	332
අඩවියේ	7220
අඩවිවල	615
අඩවිවලට	307
අඩස්සියේ	204
අඩා	327
අඩාල	1407
අඩි	12073
අඩිඉඩමේ	258
අඩිතාලම	755
අඩිපාරේ	210
අඩිය	1630
අඩියකට	204
අඩියක්	1715
අඩියට	350
අඩියෙන්	210
අඩියේ	270
අඩු	55100
අඩුකර	1010
අඩුකරන	264
අඩුකිරීම	342
අඩුකිරීමට	252
අඩුගානෙ	431
අඩුගානේ	565
අඩුපාඩු	4675
අඩුපාඩුකම්	393
අඩුපාඩුව	513
අඩුපාඩුවක්	1153
අඩුම	10188
අඩුය	1034
අඩුයි	6792
අඩුව	2024
අඩුවක්	4263
අඩුවට	679
අඩුවන	622
අඩුවනු	199
අඩුවැඩි	251
අඩුවිය	276
අඩුවී	1050
අඩුවීම	1220
අඩුවීමක්	751
අඩුවීමට	262
අඩුවෙන	287
අඩුවෙනවා	428
අඩුවෙන්	3919
අඩුවෙන්න	223
අඩුවෙන්ම	286
අඩුවෙනි	309
අඩුවෙමින්	257
අඩුවෙයි	415
අඩුවෙලා	976
අඩුවේ	438
අඩේ	4380
අඩෝ	3010
අණ	4243
අණට	283
අණදෙන	1245
අණපනත්	234
අණසක	443
අණසකට	209
අණින්	249
අණු	822
අණුක	594
අඬ	1437
අඬන	985
අඬනව	218
අඬනවා	914
අඬන්න	1374
අඬන්නට	233
අඬන්නෙ	254
අඬන්නේ	438
අඬපු	211
අඬලා	356
අඬහැරය	501
අඬා	592
අඬු	452
අත	35729
අතඇරලා	281
අතක	647
අතකට	2434
අතක්	2777
අතකින්	3264
අතගා	427
අතගාල	233
අතගාලා	339
අතට	22783
අතටම	775
අතත්	303
අතන	892
අතපත	523
අතපත්තු	755
අතපය	1307
අතපසු	1237
අතපසුවීම්	204
අතම	217
අතමිට	373
අතර	353691
අතරට	6954
අතරත්	1336
අතරතුර	8680
අතරතුරදී	1293
අතරතුරයි	316
අතරතුරේ	536
අතරද	594
අතරදී	259
අතරම	4716
අතරමං	2497
අතරමංව	340
අතරමග	1397
අතරමගදී	497
අතරමඟ	503
අතරමන්	406
අතරමැද	502
අතරමැදි	747
අතරය	516
අතරයි	420
අතරවාරයේ	841
අතරින්	19297
අතරිනුත්	249
අතරෙ	4928
අතරෙත්	253
අතරෙදි	546
අතරෙන්	403
අතරෙම	444
අතරෙහි	381
අතරේ	14686
අතරේදී	288
අතරේම	381
අතල්	305
අතලොස්සක්	836
අතවර	2218
අතවරයක්	274
අතවරයට	580
අතහරින්න	350
අතහැර	5268
අතහැරලා	664
අතහැරීම	332
අතහිත	363
අතළොස්සක්	271
අත්	26741
අත්අඩංගුවට	63823
අත්අඩංගුවේ	1820
අත්කම්	302
අත්කර	1762
අත්කරගෙන	327
අත්ත	724
අත්තක	333
අත්තක්	708
අත්තට	208
අත්තටු	465
අත්තන	202
අත්තනගල්ල	626
අත්තනායක	2162
අත්තනෝමතික	1114
අත්තම්ම	367
අත්තම්මා	967
අත්තා	356
අත්තිකාරම්	756
අත්තිඩිය	243
අත්තිවාරම	389
අත්තිවාරම්	242
අත්තේ	663
අත්දකින	343
අත්දැක	296
අත්දැකිමක්	230
අත්දැකිම්	499
අත්දැකීම	3376
අත්දැකීමකට	242
අත්දැකීමක්	5069
අත්දැකීමකි	296
අත්දැකීමට	362
අත්දැකීම්	14330
අත්දැකීමෙන්	1271
අත්දැකීමෙන්ම	335
අත්දුටු	361
අත්දුටුවයි	292
අත්දෙක	500
අත්පත්	4664
අත්පත්කර	362
අත්පා	229
අත්පුඩි	369
අත්පොත	421
අත්පොත්	317
අත්පොලසන්	271
අත්පොළසන්	211
අත්බෝම්බ	393
අත්බෝම්බයක්	287
අත්භූත	416
අත්ල	417
අත්ලාන්තික්	443
අත්වන	552
අත්වල	404
අත්වැල	403
අත්වැලක්	675
අත්වැල්	1919
අත්වැසුම්	210
අත්විඳි	301
අත්විඳින	391
අත්විඳින්න	248
අත්විඳින්නට	200
අත්වූ	328
අත්වේවා	481
අත්සන	1230
අත්සන්	12375
අත්සනින්	765
අත්හදා	4427
අත්හදාබැලීම්	242
අත්හරින	241
අත්හරින්න	269
අත්හල	225
අත්හළ	239
අත්හැර	2431
අත්හැරලා	219
අත්හැරීම	360
අත්හැරීමට	248
අත්හිටවනු	233
අත්හිටවූ	397
අත්හිටුවන	1311
අත්හිටුවනු	470
අත්හිටුවයි	488
අත්හිටුවා	1370
අත්හිටුවීම	385
අත්හිටුවීමට	1305
අතාත්වික	266
අතාර්කික	313
අතාරින්න	482
අතාවුද	248
අතැඟිලි	460
අතැති	243
අතැතිව	694
අතැර	885
අතෑරල	393
අතෑරලා	871
අතෑරියා	223
අති	17484
අතිං	397
අතිඋතුම්	379
අතිකාල	637
අතිගරු	2465
අතිජාත	615
අතිතයේ	201
අතිනත	413
අතින්	29409
අතින්ද	262
අතින්ම	1378
අතිනි	510
අතිනුත්	554
අතිමහත්	880
අතිමූලික	201
අතිරික්ත	754
අතිරික්තය	364
අතිරික්තයක්	352
අතිරේක	7984
අතිරේකය	206
අතිරේකව	244
අතිවිශාල	1377
අතිවිශේෂ	475
අතිශය	7612
අතිශයින්	2992
අතිශයින්ම	2009
අතිශයෝක්තියක්	305
අතීත	6291
අතීතය	5291
අතීතයක	238
අතීතයක්	765
අතීතයට	2161
අතීතයෙ	236
අතීතයෙන්	667
අතීතයේ	7296
අතීතයේදී	922
අතීතෙ	227
අතීතෙට	400
අතීතේ	369
අතු	4432
අතුකෝරල	597
අතුකෝරළ	391
අතුකෝරාල	202
අතුගා	626
අතුගාන	202
අතුරලියේ	1131
අතුරා	631
අතුරින්	3655
අතුරු	8813
අතුරුගිරිය	788
අතුරුදන්	5960
අතුරුදන්ව	1561
අතුරුදන්වී	335
අතුරුදන්වීම	311
අතුරුදන්වූ	563
අතුරුදන්වූවන්	465
අතුරුදන්වූවන්ගේ	199
අතුරුදහන්	5404
අතුරුදහන්ව	249
අතුරුදහන්වූවන්	201
අතුරෙන්	1261
අතුල	2166
අතුලත්	224
අතුල්	404
අතුළු	232
අතෙකින්	277
අතෙන්	259
අතෙහි	450
අතේ	14814
අතොරක්	295
අද	274286
අදට	5032
අදටත්	8977
අදටද	275
අදත්	11932
අදද	812
අදනම්	728
අදනේ	281
අදම	2122
අදමයි	1090
අදයි	3018
අදරේ	227
අදවත්	360
අදවන	336
අදහන	2145
අදහන්න	521
අදහන්නේ	367
අදහස	18471
අදහසකට	304
අදහසක්	13506
අදහසකි	568
අදහසකින්	349
අදහසකුත්	224
අදහසට	2393
අදහසත්	643
අදහසයි	2321
අදහස්	79751
අදහස්ද	197
අදහස්වලට	539
අදහස්වලින්	218
අදහසින්	1306
අදහසුත්	367
අදහසේ	290
අදහා	658
අදහාගත	373
අද්දර	1829
අද්දරට	276
අද්දැකීමක්	201
අද්දැකීම්	493
අද්භූත	1362
අද්මිරාල්	2193
අද්විතීය	739
අදායම	291
අදායමක්	226
අදායම්	432
අදාල	25228
අදාලයි	620
අදාලව	2824
අදාළ	56987
අදාළයි	203
අදාළව	8158
අදාළවයි	409
අදි	262
අදික	299
අදිකරණය	255
අදිකාරම්	382
අදිටන්	592
අදිටනින්	204
අදින	2482
අදිනව	201
අදිනවා	865
අදින්	1981
අදින්න	1958
අදින්නට	224
අදින්නෙ	250
අදින්නේ	582
අදිමදි	264
අදිමින්	407
අදියර	5095
අදියරක්	404
අදියරට	367
අදියරේ	1257
අදියරේදී	505
අදිසි	609
අදී	258
අදීන	317
අදුන	425
අදුනන	241
අදුර	782
අදුරගන්න	254
අදුරන	363
අදුරු	1274
අදුරේ	311
අදූරදර්ශී	257
අදේශපාලනික	214
අධම	413
අධ්යක්ෂ	202
අධාර	291
අධි	5395
අධික	25059
අධිකය	310
අධිකයි	658
අධිකරණ	13167
අධිකරණය	14598
අධිකරණයකට	199
අධිකරණයක්	925
අධිකරණයට	14491
අධිකරණයෙන්	2410
අධිකරණයේ	4069
අධිකරණයේදී	937
අධිකරන	539
අධිකරනය	412
අධිකව	430
අධිකාරය	476
අධිකාරි	3359
අධිකාරිය	7463
අධිකාරියක්	383
අධිකාරියට	1369
අධිකාරියෙන්	360
අධිකාරියේ	4562
අධිකාරිවරයා	369
අධිකාරී	5177
අධිකාරීවරයා	443
අධිකාරීවරුන්	277
අධිචෝදනා	592
අධිනීතිඥ	397
අධිපති	5028
අධිපතිවරයා	875
අධිපතිවාදී	384
අධිබලැති	226
අධිරාජයා	620
අධිවේගයේ	312
අධිවේගි	491
අධිවේගී	5986
අධිෂ්ඨාන	1014
අධිෂ්ඨානය	705
අධිෂ්ඨානයක්	215
අධිෂ්ඨානයෙන්	244
අධීක්ෂණ	1026
අධීක්ෂණය	2361
අධීක්ෂණයට	227
අධීක්ෂනය	233
අධෛර්යමත්	283
අධෝ	323
අධෝරක්ත	351
අන	736
අනං	766
අනංමනං	234
අනගාරික	1447
අනගි	1033
අනතුර	9256
අනතුරක	477
අනතුරකට	1267
අනතුරක්	3798
අනතුරකින්	4415
අනතුරට	5452
අනතුරැව	201
අනතුරින්	3191
අනතුරු	13030
අනතුරුදායක	1326
අනතුරුව	31497
අනතුරුවය	561
අනතුරුවයි	4159
අනතුරුවලට	295
අනතුරුවලින්	545
අනතුරෙන්	2281
අනතුරේ	1313
අනන	201
අනන්	336
අනන්ත	1921
අනන්තය	890
අනන්තයට	203
අනන්තයි	926
අනන්තවත්	1102
අනපේක්ෂිත	945
අනම්	423
අනර්ග	212
අනර්ඝ	718
අනර්ඝයි	289
අනවබෝධය	237
අනවරත	409
අනවසර	1944
අනවසරයෙන්	1546
අන්	14005
අන්කල්	2307
අන්කල්ට	310
අන්ත	4622
අන්තගාමී	248
අන්තය	846
අන්තයක්	345
අන්තයට	292
අන්තයේ	1574
අන්තයේදී	204
අන්තරය	339
අන්තර්	10117
අන්තර්ගත	3849
අන්තර්ගතය	2588
අන්තර්ගතයට	199
අන්තර්ගතයන්	418
අන්තර්ගතව	284
අන්තර්ජාතික	5383
අන්තර්ජාතිකව	215
අන්තර්ජාල	7598
අන්තර්ජාලය	7067
අන්තර්ජාලයට	2322
අන්තර්ජාලයෙන්	1880
අන්තර්ජාලයේ	3771
අන්තර්ජාලේ	243
අන්තරා	266
අන්තරාය	449
අන්තරායකර	299
අන්තරේ	737
අන්තවාදය	1384
අන්තවාදයක්	261
අන්තවාදයට	427
අන්තවාදී	3341
අන්තවාදීන්	1126
අන්තවාදීන්ගේ	269
අන්තවාදීන්ට	273
අන්තිම	13307
අන්තිමට	16089
අන්තිමටම	611
අන්තිමයා	242
අන්තිමයි	463
අන්තිමේ	2721
අන්තිමේට	328
අන්තිමේදි	1402
අන්තිමේදී	1982
අන්තීමට	356
අන්තෝනි	589
අන්ද	492
අන්දන	358
අන්දන්න	493
අන්දම	2794
අන්දමට	2910
අන්දමන්ද	245
අන්දමින්	3947
අන්දමේ	1313
අන්දර	220
අන්දරය	357
අන්දරේ	898
අන්දලා	477
අන්දවා	403
අන්ධ	2596
අන්ධකාර	325
අන්ධකාරය	443
අන්ධකාරයේ	201
අන්න	17477
අන්නා	209
අන්නාසි	900
අන්ලොක්	367
අන්වර්	907
අන්වර්ථ	725
අන්සතු	521
අනා	628
අනාගත	8504
අනාගතය	7533
අනාගතයකට	279
අනාගතයක්	2801
අනාගතයට	1483
අනාගතයේ	3384
අනාගතයේදී	1697
අනාගතේ	1561
අනාගමික	287
අනාගාමී	320
අනාගෙන	240
අනාචාරයේ	223
අනාත	506
අනාත්ම	562
අනාථ	1936
අනාථයන්	309
අනාදිමත්	525
අනාරක්ෂිත	1475
අනාවරණ	6762
අනාවරණය	12055
අනාවරණයක්	208
අනාවරනය	529
අනාවැකි	4104
අනාවැකිය	744
අනාවැකියක්	514
අනාවැකියට	464
අනික	17564
අනිකක්	225
අනික්	12773
අනික්වා	209
අනිකා	611
අනිකුත්	2375
අනිටු	203
අනිත්	38644
අනිද්ද	240
අනිද්දට	391
අනිද්දා	3037
අනින	289
අනිනවා	266
අනින්න	329
අනියත	605
අනියම්	3079
අනියමින්	247
අනිල්	1927
අනිව	308
අනිවා	5828
අනිවාර්ය	4168
අනිවාර්යය	615
අනිවාර්යයි	576
අනිවාර්යයෙන්	2547
අනිවාර්යයෙන්ම	4115
අනිවාර්යෙන්	1989
අනිවාර්යෙන්ම	3009
අනිසි	1181
අනී	279
අනීතික	352
අනු	2819
අනුකම්පා	1882
අනුකම්පාව	918
අනුකම්පාවක්	706
අනුකම්පාවෙන්	568
අනුකමිටුව	259
අනුකරණය	1168
අනුකාරක	613
අනුකුලව	214
අනුකූල	1616
අනුකූලව	2236
අනුගත	1611
අනුගතව	270
අනුගමනය	10872
අනුගාමික	207
අනුගාමිකයන්	738
අනුගාමිකයින්	292
අනුත්තරා	392
අනුදැන	254
අනුදැනුම	526
අනුන්	2788
අනුන්ගෙ	1164
අනුන්ගෙන්	329
අනුන්ගේ	4088
අනුන්ට	3271
අනුනායක	884
අනුපමේය	219
අනුපාත	1458
අනුපාතය	2402
අනුපාතයක්	303
අනුපාතයට	325
අනුපාතික	477
අනුපාතිකය	707
අනුපිළිවෙල	238
අනුබද්ධ	1233
අනුබද්ධව	196
අනුබද්ධිත	391
අනුබල	1863
අනුභව	2460
අනුභවය	652
අනුමත	11244
අනුමතිය	308
අනුමාන	2866
අනුමානය	295
අනුමැතිය	8667
අනුමැතියක්	348
අනුමැතියකින්	431
අනුමැතියට	337
අනුමැතියෙන්	241
අනුමෝදන්	938
අනුයුක්ත	1539
අනුයුක්තව	935
අනුර	9002
අනුරපුර	437
අනුරාධ	1396
අනුරාධපුර	13395
අනුරාධපුරය	1984
අනුරාධපුරයට	668
අනුරාධපුරයෙන්	245
අනුරාධපුරයේ	1344
අනුරාධපුරයේදී	208
අනුරාධපුරරු	259
අනුරාධපුරේ	906
අනුරාධා	329
අනුරුද්ධ	1217
අනුරුවක්	305
අනුරූප	598
අනුරූපව	280
අනුලා	806
අනුව	130519
අනුවණ	298
අනුවත්	490
අනුවද	412
අනුවනම්	239
අනුවම	389
අනුවය	1403
අනුවයි	4315
අනුවර්තන	231
අනුවර්තනය	500
අනුවාදය	929
අනුවේදනීය	423
අනුශාසක	269
අනුශාසනා	1162
අනුෂ්ක	272
අනුෂ්කා	234
අනුෂා	239
අනුසස්	363
අනුස්මරණ	1532
අනුස්මරණය	532
අනුසාරයෙන්	640
අනුහස	217
අනුහස්	549
අනුහසින්	222
අනූ	1682
අනූන	518
අනූව	2112
අනූවක්	281
අනූෂ	213
අනූෂා	398
අනෙ	1324
අනෙක	3690
අනෙකක්	468
අනෙක්	31849
අනෙකා	1762
අනෙකාගේ	683
අනෙකාට	567
අනෙකුත්	20705
අනෙකුන්	237
අනෙත්	906
අනේ	53138
අනේක	1283
අනේකවිධ	239
අනේද	503
අනේපිඬු	357
අනෝමා	1287
අනෝරා	273
අඳ	800
අඳහස්	324
අඳින	2970
අඳිනවා	506
අඳින්න	2199
අඳින්නට	277
අඳින්නෙ	370
අඳින්නේ	713
අඳුන	852
අඳුනගන්න	446
අඳුනන	659
අඳුන්	205
අඳුනා	332
අඳුර	2948
අඳුරගන්න	405
අඳුරට	702
අඳුරන	474
අඳුරු	5677
අඳුරෙන්	283
අඳුරේ	1353
අප	136654
අපක්ෂපාතී	488
අපකීර්තිමත්	331
අපකීර්තියට	689
අපගමනය	420
අපගෙ	299
අපගෙන්	468
අපගේ	27078
අපචාර	1318
අපට	75099
අපටත්	2017
අපටද	486
අපටම	507
අපටයි	475
අපත	213
අපත්	1018
අපතේ	1469
අපද	572
අපදාන	221
අපනයන	4238
අපනයනය	2085
අපම	207
අපමණ	1388
අපමණය	308
අපමණයි	221
අපයෝජන	502
අපයෝජනය	858
අපයෝජනයට	926
අපර	557
අපරදිග	412
අපරභාග	209
අපරභාගයේදී	481
අපරාජිත	231
අපරාද	852
අපරාදයක්	510
අපරාදෙ	2089
අපරාදේ	3626
අපරාධ	28709
අපරාධකරුවන්	1400
අපරාධකරුවන්ට	319
අපරාධකරුවෙකු	226
අපරාධය	1409
අපරාධයක්	2016
අපරාධයකි	283
අපරාධයට	379
අපරාධවල	208
අපරාධවලට	666
අපරිමිත	613
අපල	1545
අපලය	231
අපලයි	199
අපව	3373
අපවත්	1630
අපවත්වී	308
අපවත්වීම	218
අපවාද	206
අපවෙත	331
අපහට	543
අපහරණය	1439
අපහස	424
අපහසු	6921
අපහසුතා	1323
අපහසුතාව	313
අපහසුතාවකට	216
අපහසුතාවක්	265
අපහසුතාවට	965
අපහසුතාවය	404
අපහසුතාවයකට	376
අපහසුතාවයක්	348
අපහසුතාවයට	1522
අපහසුය	975
අපහසුයි	1057
අපහසුව	470
අපහසුවක්	746
අපහසුවකින්	337
අපහසුවට	275
අපහසුවෙන්	751
අපහාස	6988
අපහාසය	302
අපහාසයක්	1290
අපහාසයට	372
අපහාසාත්මක	465
අපහැදිලි	205
අපහු	689
අප්	1222
අප්ඩේට්	1816
අප්ප	661
අප්පච්චි	3162
අප්පච්චිගෙ	308
අප්පච්චිගේ	322
අප්පච්චිට	564
අප්පච්චිත්	212
අප්පච්චියි	248
අප්පච්චී	1219
අප්පට	1133
අප්පටසිරි	217
අප්පා	7077
අප්පිරියයි	290
අප්පු	744
අප්පුහාමි	783
අප්පේ	1795
අප්පෝ	331
අප්ලෝඩ්	971
අප්සට්	1152
අප්සැට්	222
අප්සෙට්	1119
අපා	417
අපාගත	207
අපාය	869
අපායක්	384
අපායට	784
අපායෙ	234
අපායෙන්	420
අපායේ	914
අපැහැදිලි	767
අපි	287462
අපිට	79279
අපිටත්	6014
අපිටනම්	380
අපිටම	1089
අපිත්	15587
අපිද	497
අපිනං	266
අපිනම්	689
අපිම	1462
අපිමයි	249
අපියි	507
අපිරිසිදු	1094
අපිව	9132
අපිවත්	754
අපී	305
අපු	585
අපුරු	1818
අපුරුම	284
අපුරුයි	482
අපුරුවට	398
අපුල	286
අපූර්ව	1518
අපූර්වතම	220
අපූර්වත්වය	385
අපූරු	11807
අපූරුම	220
අපූරුය	266
අපූරුයි	2214
අපූරුව	806
අපූරුවට	2364
අපෙ	7981
අපෙත්	760
අපෙන්	4998
අපෙනුත්	315
අපේ	233969
අපේකම	278
අපේක්ෂක	4431
අපේක්ෂකත්වය	563
අපේක්ෂකයකු	346
අපේක්ෂකයන්	1466
අපේක්ෂකයන්ගේ	238
අපේක්ෂකයන්ට	307
අපේක්ෂකයා	3291
අපේක්ෂකයාගේ	270
අපේක්ෂකයාට	352
අපේක්ෂකයින්	1441
අපේක්ෂකයින්ගේ	261
අපේක්ෂකයින්ට	217
අපේක්ෂකයෙක්	519
අපේක්ෂකයෙකු	719
අපේක්ෂකයෝ	198
අපේක්ෂා	11290
අපේක්ෂාව	1405
අපේක්ෂාවක්	275
අපේක්ෂාවන්	648
අපේක්ෂාවයි	298
අපේක්ෂාවෙන්	1609
අපේක්ෂිත	1795
අපේක්ෂිතය	204
අපේක්ෂිතයි	199
අපේම	3718
අපොයි	3890
අපොස	878
අපොහොසත්	1709
අපෝ	3449
අබ	1387
අබමල්	373
අබරණ	227
අබලන්	797
අබ්දුල්	1361
අබ්දුල්ලා	439
අබ්බාස්	215
අබා	609
අබාධිත	370
අබිං	298
අබිබවා	252
අබියස	930
අබිරහස	231
අබිරහස්	541
අබු	419
අබුඩාබි	396
අබේ	646
අබේකෝන්	674
අබේගුණවර්ධන	878
අබේනායක	225
අබේරත්න	848
අබේවර්ධන	2368
අබේසිංහ	1189
අබේසුන්දර	324
අබේසේකර	1482
අබෞද්ධ	229
අභය	1881
අභයගිරි	434
අභයගිරිය	269
අභයතිස්ස	199
අභාවය	843
අභාවයට	959
අභාවයෙන්	531
අභිජනන	232
අභිජනනය	252
අභිත	207
අභිධර්ම	1058
අභිධර්මය	475
අභිනව	860
අභිනවයෙන්	465
අභිබවා	1581
අභිභවා	203
අභිමත	348
අභිමතය	702
අභිමතාර්ථ	263
අභිමානය	1470
අභිමානයක්	400
අභිමානයෙන්	478
අභිමානවත්	1248
අභිමුඛ	310
අභිමුව	373
අභියස	1452
අභියසදී	278
අභියා	202
අභියාචනය	321
අභියාචනයක්	404
අභියාචනා	1054
අභියාචනාධිකරණ	742
අභියාචනාධිකරණය	1455
අභියාචනාධිකරණයට	329
අභියාචනාධිකරණයේ	383
අභියෝග	6601
අභියෝගය	3069
අභියෝගයකට	349
අභියෝගයක්	3271
අභියෝගයකි	308
අභියෝගයට	2085
අභියෝගයන්	295
අභියෝගයන්ට	270
අභියෝගවලට	325
අභියෝගාත්මක	616
අභිරහස	410
අභිරහසක්	321
අභිරහස්	1766
අභිලාශය	247
අභිලාෂ	225
අභිලාෂය	468
අභිලාෂයන්	738
අභිවෘද්ධිය	764
අභිෂේක	473
අභීත	2607
අභීතව	258
අභූත	575
අම	356
අමතක	35946
අමතකද	400
අමතකම	275
අමතකය	226
අමතකයි	647
අමතකව	842
අමතන	956
අමතන්න	3001
අමතන්නේ	468
අමතනු	260
අමතමින්	3895
අමතමිනි	691
අමතයි	624
අමතර	11465
අමතරව	25612
අමතා	2726
අමන	1292
අමන්	230
අමන්දා	228
අමන්දානන්දයට	393
අමනාප	1200
අමනාපයක්	522
අමර	483
අමරකීර්ති	519
අමරණීය	909
අමරතුංග	2952
අමරදේව	2281
අමරදේවයන්	864
අමරදේවයන්ගේ	547
අමරපුර	810
අමරවීර	2565
අමරසිංහ	1753
අමරසිරි	982
අමරසේකර	1604
අමරසේන	201
අමරා	253
අමරිකානු	226
අමරේ	427
අමල්	1251
අම්පාර	5252
අම්පාරේ	546
අම්පිටියේ	234
අම්බ	252
අම්බලංගොඩ	204
අම්බලන්ගොඩ	2357
අම්බලන්ගොඩයා	203
අම්බලන්තොට	1010
අම්බලම	465
අම්බානක	866
අම්බානකට	353
අම්බානට	320
අම්බෝ	262
අම්ම	10412
අම්මගෙ	2452
අම්මගෙන්	1164
අම්මගෙයි	315
අම්මගේ	3049
අම්මට	8360
අම්මටත්	521
අම්මටයි	625
අම්මණ්ඩි	213
අම්මත්	2177
අම්මපා	2429
අම්මයි	3993
අම්මල	1784
අම්මලගෙ	270
අම්මලට	517
අම්මලත්	250
අම්මලා	4019
අම්මලාගේ	588
අම්මලාට	642
අම්මව	1339
අම්මවත්	202
අම්මා	31723
අම්මාගෙ	260
අම්මාගෙන්	587
අම්මාගේ	2617
අම්මාට	2231
අම්මාත්	592
අම්මාන්	779
අම්මාපල්ල	256
අම්මාය	220
අම්මාව	365
අම්මි	824
අම්මෙ	1227
අම්මෙක්	387
අම්මේ	5218
අම්මෝ	4167
අම්ල	1001
අම්ලය	865
අමා	1900
අමානුෂික	1975
අමායා	229
අමාරු	8863
අමාරුකම්	230
අමාරුද	479
අමාරුම	781
අමාරුය	228
අමාරුයි	10210
අමාරුව	1829
අමාරුවක	325
අමාරුවක්	1602
අමාරුවට	425
අමාරුවෙ	456
අමාරුවෙන්	6553
අමාරුවේ	1590
අමාලි	216
අමාවක	823
අමිත්	437
අමිතාබ්	366
අමිල	3402
අමිහිරි	1136
අමීන්	280
අමීර්	548
අමු	5815
අමුඩ	536
අමුණ	218
අමුණා	677
අමුණු	278
අමුණුගම	1261
අමුත්තක්	845
අමුත්තන්	1674
අමුත්තන්ගේ	265
අමුත්තා	1790
අමුත්තෙක්	347
අමුත්තෝ	256
අමුතු	10286
අමුතුම	3813
අමුතුයි	999
අමුතුවෙන්	4696
අමුම	448
අමුමිරිස්	254
අමුවෙන්	397
අමුවෙන්ම	228
අමුවේ	997
අමූලික	745
අමෙරිකන්	262
අමෙරිකා	653
අමෙරිකානු	4189
අමෙරිකාව	1283
අමෙරිකාවට	380
අමෙරිකාවෙන්	206
අමෙරිකාවේ	1629
අඹ	4518
අඹගමුව	269
අඹතලේ	260
අඹරා	535
අඹු	1156
අඹුසැමි	370
අඹේපුස්ස	254
අය	118408
අයකර	902
අයකරන	451
අයකිරීම	257
අයකු	2616
අයකුගේ	353
අයකුට	1006
අයගම	213
අයගෙ	2958
අයගෙන්	4328
අයගේ	12672
අයට	45118
අයටත්	4013
අයටද	464
අයටනම්	252
අයටයි	665
අයත්	40619
අයත්ය	577
අයත්ව	565
අයත්වන	307
අයථා	1127
අයද	1581
අයදුම්	2281
අයදුම්කරුවන්	772
අයදුම්පත	702
අයදුම්පතක්	256
අයදුම්පත්	2155
අයන	416
අයනම්	405
අයන්	687
අයනේ	285
අයම	703
අයයි	2430
අයර්ලන්ත	472
අයර්ලන්තය	412
අයර්ලන්තයේ	336
අයව	3031
අයවත්	435
අයවලුන්	667
අයවළුන්	264
අයවැය	8451
අයවැයක්	674
අයවැයට	2187
අයවැයෙන්	2010
අයවැයේ	335
අයවිය	274
අයහපත	284
අයහපතක්	241
අයහපත්	3798
අය්ය	671
අය්යට	294
අය්යා	1949
අය්යාගේ	238
අය්යෙ	446
අය්යේ	1064
අය්යෝ	649
අයා	374
අයාලේ	876
අයැද	350
අයැදුම්	342
අයැදුම්පත්	330
අයි	14718
අයිං	296
අයිඑස්	242
අයිකන්	280
අයිටම්	473
අයිටීඑන්	404
අයිඩියා	752
අයිතම	289
අයිත්	223
අයිති	9270
අයිතිකරු	906
අයිතිකරුවන්	581
අයිතිකාර	243
අයිතිකාරයා	763
අයිතිකාරයෝ	274
අයිතින්	226
අයිතිය	14924
අයිතියක්	5598
අයිතියට	3667
අයිතියත්	214
අයිතියි	487
අයිතිවාසිකම	369
අයිතිවාසිකමක්	440
අයිතිවාසිකම්	9397
අයිතීන්	5573
අයිතීන්ට	470
අයිනට	487
අයින්	8906
අයින්ස්ටයින්	1188
අයින්ස්ටයින්ගේ	279
අයිනෙ	927
අයිනෙන්	262
අයිනේ	1904
අයිය	5436
අයියගෙ	1739
අයියගෙන්	393
අයියගේ	2379
අයියට	3754
අයියටත්	554
අයියටයි	240
අයියණ්ඩි	267
අයියත්	1445
අයියන්ඩි	368
අයියයි	1227
අයියල	999
අයියලා	2532
අයියලාගේ	263
අයියලාට	235
අයියව	637
අයියා	28724
අයියාගෙ	240
අයියාගෙන්	261
අයියාගේ	2070
අයියාට	1658
අයියාටත්	230
අයියාත්	446
අයියාව	312
අයියෙ	4504
අයියෙක්	220
අයියේ	13948
අයියෝ	5395
අයිරාංගනී	244
අයිරින්	244
අයිලන්ඩ්	493
අයිවන්	1187
අයිස්	5057
අයිසැක්	279
අයිසිස්	447
අයිසෙ	523
අයිසේ	576
අයිෆල්	219
අයිෆෝන්	294
අයුක්තිය	227
අයුතු	1590
අයුරක්	229
අයුරකින්	1360
අයුරින්	11716
අයුරින්ම	1131
අයුරිනි	526
අයුරු	10367
අයුරුත්	530
අයුරුද	257
අයුරුයි	375
අයුරෙන්	287
අයෙ	454
අයෙක්	8217
අයෙක්ට	219
අයෙකි	2074
අයෙකු	7421
අයෙකුගෙන්	203
අයෙකුගේ	1040
අයෙකුට	4002
අයෙත්	1594
අයෙමත්	424
අයේ	772
අයේශා	314
අයේෂා	426
අයෝමය	294
අර	89236
අරං	7475
අරක	1437
අරකයි	197
අරක්	481
අරක්කු	4516
අරක්ගෙන	232
අරගත්ත	222
අරගත්තා	353
අරගන	610
අරගන්න	1058
අරගල	4340
අරගලය	5749
අරගලයක	715
අරගලයකට	339
අරගලයක්	1907
අරගලයට	1215
අරගලයන්	310
අරගලයේ	1893
අරගලයේදී	245
අරගලවලට	197
අරගෙන	30519
අරගෙනත්	210
අරගෙනම	473
අරගෙනයි	315
අරටුව	201
අරණ	695
අරණායක	703
අරණේ	270
අරන්	31965
අරපිරිමැස්මෙන්	283
අරබයා	665
අරභයා	1133
අරම	295
අරම්භ	255
අරමුණ	13532
අරමුණක්	3138
අරමුණකින්	473
අරමුණට	320
අරමුණයි	1834
අරමුණින්	5527
අරමුණු	9503
අරමුණෙන්	855
අරමුදල	3999
අරමුදලක්	488
අරමුදලට	954
අරමුදල්	4225
අරමුදලින්	393
අරමුදලෙන්	399
අරමුදලේ	1922
අරමුන	1472
අරමුනක්	261
අරමුනින්	238
අරමුනු	952
අරඹන	1109
අරඹන්න	463
අරඹන්නට	225
අරඹන්නේ	282
අරඹමින්	242
අරඹයා	254
අරඹයි	1175
අරඹා	1753
අරය	392
අරයා	510
අරලගංවිල	430
අරලිය	1286
අරලියගහ	2723
අරලියා	269
අරව	436
අරවා	713
අරවින්ද	1587
අරසු	420
අරහං	599
අරහත්	577
අර්ජුණ	359
අර්ජුන	3475
අර්ජුන්	2789
අර්තාපල්	1171
අර්ථ	7255
අර්ථකතන	210
අර්ථකතනය	243
අර්ථකථන	361
අර්ථකථනය	782
අර්ථකථනයක්	248
අර්ථය	3792
අර්ථයක්	1059
අර්ථයකින්	372
අර්ථයන්	244
අර්ථයෙන්	1785
අර්ථයෙන්ම	527
අර්ථවත්	1470
අර්ථසාධක	908
අර්ථාන්විත	303
අර්ධ	5561
අර්ධද්වීපය	382
අර්ධද්වීපයේ	438
අර්ධය	319
අර්නස්ට්	393
අර්බුද	1743
අර්බුදකාරී	558
අර්බුදය	5875
අර්බුදයක	474
අර්බුදයකට	1003
අර්බුදයක්	1623
අර්බුදයට	1683
අර්බුදයෙන්	591
අර්බුදයේ	1110
අර්බුධ	197
අර්බුධය	275
අර්බූදය	226
අර්හත්	492
අරා	629
අරාජික	480
අරාබි	5218
අරාබිය	866
අරාබියට	316
අරාබියේ	1297
අරි	212
අරින	1143
අරිනව	204
අරිනවා	843
අරින්න	2441
අරින්නෙ	300
අරින්නේ	608
අරියධම්ම	280
අරිසෙන්	519
අරී	385
අරු	354
අරුං	201
අරුණ	2125
අරුණළු	230
අරුණැල්ල	257
අරුණි	2113
අරුත	2388
අරුතක්	879
අරුත්	1827
අරුත්බර	223
අරුතින්	416
අරුන්	975
අරුන්දතී	341
අරුන්දික	366
අරුම	2151
අරුමය	642
අරුමයක්	1123
අරුමේ	197
අරුමෝසම්	219
අරූ	2549
අරූගෙ	208
අරූගේ	256
අරූට	476
අරූප	317
අරෙහෙ	213
අල	4268
අලංකරණ	204
අලංකරණය	287
අලංකාර	2968
අලංකාරය	458
අලංකාරව	230
අලංකාරවත්	245
අලගියවන්න	558
අලයක්	306
අලලා	533
අලවතුවල	249
අලවන	308
අලවන්න	308
අලවල	233
අලවලා	383
අලව්ව	356
අලවා	997
අලවි	348
අලස	571
අලස්	705
අලහකෝන්	253
අලහප්පෙරුම	1463
අල්	6388
අල්කයිඩා	328
අල්කුර්ආනය	212
අල්ප	1271
අල්පය	272
අල්පයි	197
අල්මාරිය	315
අල්මාරියේ	241
අල්ල	3455
අල්ලං	463
අල්ලගත්ත	298
අල්ලගත්තා	260
අල්ලගන්න	1286
අල්ලගෙන	3623
අල්ලට	211
අල්ලන	1948
අල්ලනවා	729
අල්ලන්	1558
අල්ලන්න	2949
අල්ලන්නට	366
අල්ලන්නෙ	355
අල්ලන්නේ	690
අල්ලපු	4292
අල්ලමින්	334
අල්ලයි	1225
අල්ලල	1298
අල්ලලා	3350
අල්ලස	424
අල්ලසක්	617
අල්ලස්	7051
අල්ලා	9794
අල්ලාගත්	619
අල්ලාගෙන	3141
අල්ලාප	216
අල්ලාහ්	3781
අල්ලාහ්ගේ	1027
අල්ලාහ්ට	377
අල්ලේ	269
අල්වා	529
අල්විස්	2161
අලාභ	1243
අලාභය	721
අලාභයක්	567
අලාභහානි	338
අලි	15718
අලින්	965
අලින්ගේ	310
අලින්ට	559
අලිමංකඩ	581
අලිය	314
අලියට	317
අලියා	3068
අලියාගේ	481
අලියාට	330
අලියෙක්	907
අලියෙකු	608
අලී	577
අලු	706
අලුත	1435
අලුත්	49455
අලුත්කඩේ	471
අලුත්ගම	1509
අලුත්ගමගේ	972
අලුත්නුවර	790
අලුත්ම	7872
අලුත්වැඩියා	1725
අලුත්වැඩියාව	323
අලුතින්	6545
අලුතින්ම	512
අලුතෙන්	4050
අලුතෙන්ම	461
අලුයම	4194
අලුයම්	234
අලුවිහාරේ	325
අලූත්	5185
අලූත්ගම	380
අලූත්ගමගේ	357
අලූත්ම	509
අලූත්වැඩියා	344
අලූතින්	906
අලූතෙන්	308
අලූයම	2077
අලෙවි	9436
අලෙවිකරණ	479
අලෙවිකරණය	254
අලෙවිය	1254
අලෙවියට	213
අලෙවියෙන්	245
අලෙවිසැල්	340
අලේ	650
අවංක	4528
අවංකයි	203
අවංකව	1801
අවංකවම	1547
අවකල	212
අවකාශ	2102
අවකාශය	4694
අවකාශයක	245
අවකාශයක්	1269
අවකාශයට	1070
අවකාශයෙන්	262
අවකාශයේ	4067
අවකාශෙ	280
අවකාශේ	460
අවකාසේ	201
අවජාතක	765
අවට	12687
අවටින්	384
අවතක්සේරු	573
අවතාර	917
අවතාරය	426
අවතාරයක්	215
අවතාර්	261
අවතැන්	2582
අවතැන්ව	318
අවතැන්වූ	222
අවතැන්වූවන්	264
අවතීර්ණ	1450
අවදානම	3488
අවදානමක	196
අවදානමකට	409
අවදානමක්	3586
අවදානමට	653
අවදානම්	4028
අවදානය	967
අවදානයක්	273
අවදානයට	218
අවදානයෙන්	324
අවදි	5134
අවදිය	389
අවදියෙන්	792
අවදියේ	910
අවදියේදී	197
අවදිව	399
අවධානම	759
අවධානමක්	865
අවධානම්	541
අවධානය	19041
අවධානයක්	3872
අවධානයකින්	348
අවධානයට	3531
අවධානයෙන්	2461
අවධාරණය	12130
අවධාරණයෙන්	255
අවධාරනය	2102
අවධි	786
අවධිය	1224
අවධියක	340
අවධියක්	273
අවධියෙන්	199
අවධියේ	2075
අවධියේදී	505
අවනඩුව	301
අවනත	1530
අවන්	602
අවන්හල	495
අවන්හලක	243
අවන්හලක්	203
අවන්හල්	647
අවන්හලේ	339
අවනීතිය	253
අවපාතය	470
අවපාතයක්	221
අවබෝද	324
අවබෝදයක්	384
අවබෝධ	10370
අවබෝධකර	274
අවබෝධතා	1326
අවබෝධය	3087
අවබෝධයක්	6133
අවබෝධයකින්	670
අවබෝධයට	362
අවබෝධයෙන්	1272
අවභාවිත	832
අවභාවිතය	323
අවභාවිතා	428
අවම	18030
අවමංගල	438
අවමගුල්	300
අවමන්	794
අවමය	266
අවමානයක්	259
අවමානයට	398
අවයව	1520
අවයවය	375
අවයවයක්	269
අවර	331
අවරට	281
අවරුදු	669
අවලං	234
අවලංගු	4212
අවලංගුයි	199
අවලම්	258
අවලස්සන	415
අවලාද	879
අවවාද	3723
අවවාදය	688
අවවාදයක්	583
අවවාදයයි	261
අවශ	245
අවශය	679
අවශ්ය	1582
අවශේෂ	900
අවශෝෂණය	1066
අවසන	2571
අවසන්	73965
අවසන්ය	845
අවසන්ව	750
අවසන්වී	220
අවසන්වීමට	360
අවසන්වූ	248
අවසර	12620
අවසරය	2277
අවසරයක්	938
අවසරයකින්	738
අවසරයි	817
අවසරයෙන්	272
අවස්තා	662
අවස්තාව	1496
අවස්තාවක	310
අවස්තාවක්	1171
අවස්තාවේ	315
අවස්ථා	19002
අවස්ථාත්	474
අවස්ථාද	607
අවස්ථානුකූලව	196
අවස්ථාපූර්ණ	915
අවස්ථාව	27811
අවස්ථාවක	6677
අවස්ථාවකට	758
අවස්ථාවකදි	203
අවස්ථාවකදී	2205
අවස්ථාවකදීම	596
අවස්ථාවකම	600
අවස්ථාවක්	12740
අවස්ථාවකි	980
අවස්ථාවට	11211
අවස්ථාවත්	253
අවස්ථාවද	358
අවස්ථාවන්	2570
අවස්ථාවන්ට	350
අවස්ථාවන්හි	589
අවස්ථාවන්හිදී	709
අවස්ථාවයි	607
අවස්ථාවල	4290
අවස්ථාවලදි	320
අවස්ථාවලදී	4248
අවස්ථාවාදී	859
අවස්ථාවාදීන්	197
අවස්ථාවෙ	268
අවස්ථාවෙන්	609
අවස්ථාවෙහි	295
අවස්ථාවේ	15754
අවස්ථාවේදි	479
අවස්ථාවේදියි	969
අවස්ථාවේදී	10677
අවස්ථාවේදීම	532
අවස්ථාවේදීය	371
අවස්ථාවේදීයි	1365
අවස්ථාවේම	199
අවසාන	20337
අවසානය	5574
අවසානයක්	1327
අවසානයට	1411
අවසානයත්	248
අවසානයි	757
අවසානයේ	14867
අවසානයේදි	263
අවසානයේදී	3895
අවසානෙ	281
අවසානෙට	270
අවසානෙදි	222
අවසානේ	421
අවහිර	3497
අවහිරතා	281
අව්	797
අව්රුදු	207
අව්ලක්	589
අව්ව	813
අව්වට	444
අව්වෙ	210
අව්වේ	712
අවා	1836
අවාසනාව	709
අවාසනාවකට	1798
අවාසනාවක්	254
අවාසනාවකි	225
අවාසනාවට	1459
අවාසනාවන්ත	2815
අවාසි	950
අවාසිදායක	324
අවාසිය	286
අවාසියක්	364
අවැඩක්	322
අවැසි	3370
අවි	10171
අවිත්	308
අවිධිමත්	957
අවිනිශ්චිත	1125
අවිය	1275
අවියක්	1948
අවියකින්	209
අවියෙන්	262
අවිවාදයෙන්	307
අවිවාහක	957
අවිවේකී	257
අවිශ්ක	239
අවිශ්වාස	253
අවිශ්වාසය	311
අවිස්සාවේල්ල	1755
අවිහිංසක	368
අවිහිංසාව	198
අවිහිංසාවාදී	323
අවු	2725
අවුකන	333
අවුට්	1495
අවුත්	997
අවුරැදු	720
අවුරුද්ද	7765
අවුරුද්දක	733
අවුරුද්දකට	2435
අවුරුද්දකම	281
අවුරුද්දක්	7516
අවුරුද්දක්ම	208
අවුරුද්දකින්	385
අවුරුද්දකුත්	239
අවුරුද්දට	3247
අවුරුද්දත්	426
අවුරුද්දයි	495
අවුරුද්දෙ	2608
අවුරුද්දෙත්	386
අවුරුද්දෙන්	452
අවුරුද්දෙම	415
අවුරුද්දේ	6298
අවුරුදු	71064
අවුල	3730
අවුලකට	364
අවුලක්	12212
අවුලක්ද	216
අවුලට	292
අවුල්	7521
අවුල්ද	306
අවුලුවා	206
අවුලෙන්	273
අවුස්සන	424
අවුස්සන්න	293
අවුස්සලා	317
අවුස්සා	395
අවූරුදු	197
අවේ	1186
අවොත්	412
අශ්ව	853
අශ්වයන්	328
අශ්වයා	589
අශාන්	582
අශිෂ්ට	281
අශීලාචාර	295
අශුද්ධ	198
අශුභ	208
අශෝක	3004
අශෝක්	768
අශෝභන	337
අෂ්ට	237
අෂ්ටාංගික	303
අෂ්ඨාංගික	247
අස	525
අසංක	1903
අසංග	696
අසංවේදී	218
අසති	207
අසන	3283
අසන්න	951
අසන්නට	4133
අසන්නන්	267
අසන්නා	231
අසන්නේ	726
අසනි	234
අසනීප	3266
අසනීපය	288
අසනීපයක්	490
අසනීපෙන්	261
අසනු	627
අසපු	457
අසපුව	1171
අසපුවේ	352
අසබඩ	696
අසම	347
අසමගිය	228
අසමජ්ජාති	279
අසමත්	3822
අසමත්ව	248
අසමසම	735
අසම්පූර්ණ	781
අසම්මත	920
අසම්මතය	449
අසමාන	433
අසමානතාව	290
අසමි	758
අසමින්	712
අසමු	218
අසයි	1137
අසරණ	8394
අසරණයා	595
අසරණයි	450
අසරණව	636
අසරන	564
අසල	13159
අසලට	2400
අසලදී	1597
අසලම	777
අසල්	367
අසල්වාසීන්	323
අසල්වැසි	1554
අසල්වැසියන්	381
අසල්වැසියා	280
අසලින්	2301
අසලින්ම	237
අසවල්	478
අසව්	237
අසහන	245
අසහනකාරී	210
අසහනය	756
අසහනයට	248
අසහාය	685
අසළ	2854
අසළට	367
අසළදී	393
අසළින්	330
අස්	3139
අස්කර	520
අස්ගිරි	2885
අස්ථාන	260
අස්ථානගත	269
අස්ථාවර	1215
අස්ථාවරත්වය	206
අස්ථි	1796
අස්පස්	277
අස්වන	534
අස්වනු	1688
අස්වර්	221
අස්වාභාවික	526
අස්වැන්න	2404
අස්වැන්නක්	533
අස්වැන්නට	202
අස්වැසිල්ලක්	472
අස්විය	509
අස්වී	542
අස්වීම	677
අස්වීමට	614
අස්වීමේ	677
අස්වූ	263
අස්වෙන්න	241
අස්වෙයි	541
අස්වෙලා	258
අස්වේ	231
අස්සක්	407
අස්සට	1605
අස්සන්	479
අස්සයා	251
අස්සෙ	3643
අස්සෙන්	2091
අස්සෙම	271
අස්සේ	6378
අසා	11342
අසාගෙන	282
අසාද්	1660
අසාද්ගේ	196
අසාධාරණ	2280
අසාධාරණකම්	421
අසාධාරණය	1182
අසාධාරණයක්	2246
අසාධාරණයට	1025
අසාධාරණයි	512
අසාධාරන	265
අසාන්ජ්	446
අසාර්ථක	4992
අසාර්ථකත්වය	262
අසාර්ථකයි	482
අසාවෙන්	327
අසැබි	387
අසික්කිත	462
අසිත	342
අසිපත	320
අසිරි	243
අසිරිමත්	1770
අසිරිය	1330
අසීමිත	2450
අසීමිතව	450
අසීරු	2754
අසීරුය	323
අසීරුයි	249
අසීරුවෙන්	400
අසු	1434
අසුචි	256
අසුන	944
අසුනක	249
අසුනක්	396
අසුනට	326
අසුන්	2294
අසුන්ගෙන	368
අසුන්දර	369
අසුනේ	989
අසුබ	476
අසුභ	536
අසුර	636
අසුරා	595
අසුරු	308
අසුවන	208
අසුවී	259
අසුවූ	217
අසූ	1683
අසූචි	829
අසූව	649
අසූවක්	276
අසෙනිය	210
අසේල	1190
අසෝක	582
අහ	1472
අහං	520
අහංකාර	378
අහංගම	409
අහක	3107
අහකට	631
අහක්	533
අහගත්තා	253
අහගන්න	1603
අහගෙන	3765
අහද්දි	461
අහද්දී	373
අහන	5078
අහනකොට	599
අහනව	1430
අහනවද	246
අහනවලු	225
අහනවා	5184
අහන්	1328
අහන්ට	497
අහන්ඩ	448
අහන්න	16758
අහන්නට	835
අහන්නත්	1140
අහන්නද	251
අහන්නම්	282
අහන්නෙ	2476
අහන්නෙත්	197
අහන්නේ	4333
අහපං	234
අහපන්	512
අහපි	351
අහපු	4693
අහමඩ්	664
අහම්බයක්	485
අහම්බයෙන්	204
අහම්බෙන්	3498
අහමු	320
අහඹු	1395
අහර	473
අහරක්	240
අහල	11868
අහලකවත්	197
අහලත්	342
අහලම	515
අහලවත්	267
අහලා	10556
අහවර	1872
අහවරය	220
අහවරයි	473
අහවල්	4680
අහවලා	560
අහස	9347
අහසක	226
අහසක්	489
අහසට	2913
අහසත්	261
අහසයි	199
අහස්	2507
අහසින්	1607
අහසෙ	776
අහසෙන්	237
අහසෙහි	339
අහසේ	4704
අහළ	233
අහ්	2925
අහ්හ්	421
අහා	791
අහාර	593
අහිංසක	11014
අහිංසකයන්	258
අහිංසකයා	328
අහිංසකයි	490
අහිතකර	3178
අහිතක්	437
අහින්සක	906
අහිමි	15155
අහිමිව	1002
අහිමිවන	333
අහිමිවී	375
අහිමිවීම	472
අහිමිවූ	428
අහු	3999
අහුබුදු	564
අහුරක්	397
අහුරා	296
අහුරු	252
අහුල	234
අහුලා	436
අහුවුණා	213
අහුවුනා	328
අහුවුනේ	241
අහුවුනොත්	267
අහුවෙච්ච	290
අහුවෙන	933
අහුවෙනවා	359
අහුවෙන්න	523
අහුවෙන්නෙ	197
අහුවෙන්නේ	308
අහුවෙයි	279
අහුවෙලා	1297
අහෝ	2145
අහෝසි	8411
අහෝසියි	210
අළලා	334
අළු	2768
අළුත	401
අළුත්	14227
අළුත්ගම	320
අළුත්ම	1464
අළුත්වැඩියා	335
අළුතින්	1916
අළුතෙන්	1184
අළුයම	1046
අළුවිහාරේ	211
අළෙවි	889
අෆ්ෆා	776
ආකර	241
ආකරය	342
ආකරයට	264
ආකරයේ	201
ආකර්ශණය	298
ආකර්ශණීය	290
ආකර්ශනය	865
ආකර්ශනයක්	208
ආකර්ශනීය	734
ආකර්ෂණය	1694
ආකර්ෂණයක්	308
ආකර්ෂණීය	912
ආකර්ෂනය	262
ආකල්ප	3327
ආකල්පමය	468
ආකල්පය	1130
ආකල්පයක්	508
ආක්ටික්	261
ආකාර	3016
ආකාරය	22213
ආකාරයඉදිරිපත්	455
ආකාරයක	2649
ආකාරයකට	1882
ආකාරයක්	1316
ආකාරයකින්	2630
ආකාරයට	17933
ආකාරයටම	1322
ආකාරයටය	450
ආකාරයටයි	433
ආකාරයත්	1207
ආකාරයද	318
ආකාරයන්	286
ආකාරයයි	1549
ආකාරයෙන්	9094
ආකාරයෙන්ම	1307
ආකාරයෙනි	367
ආකාරයේ	9954
ආකාශ	516
ආකාස	311
ආකාසේ	265
ආකෘති	1616
ආකෘතිය	2186
ආකෘතියක්	893
ආකෘතියට	341
ආකෘතියේ	304
ආකෘතීන්	201
ආගන්තුක	2017
ආගන්තුකයා	477
ආගම	11275
ආගමක	601
ආගමකට	709
ආගමක්	3026
ආගමට	2171
ආගමත්	249
ආගමන	2084
ආගමනය	930
ආගමනයත්	199
ආගමයි	201
ආගම්	8212
ආගම්වල	452
ආගම්වලට	439
ආගම්වාදය	396
ආගම්වාදී	487
ආගමික	20582
ආගමිකයන්	435
ආගමෙන්	485
ආගමේ	1998
ආගිය	1484
ආචරණය	417
ආච්චි	4237
ආච්චිගෙ	316
ආච්චිගේ	635
ආච්චිට	609
ආච්චිලා	569
ආච්චී	800
ආචාර	3273
ආචාරධර්ම	456
ආචාරය	799
ආචාර්ය	19206
ආචාර්යවරයා	222
ආචාර්යවරු	613
ආචාර්යවරුන්	1147
ආචාර්යවරුන්ගේ	1115
ආචාර්යවරුන්ට	245
ආඥා	1518
ආඥාදායක	410
ආඥාදායකත්වය	276
ආඥාපති	1164
ආඥාපනත	294
ආඥාව	229
ආඥාවක්	301
ආටිකල්	359
ආටිගල	525
ආඩම්බර	2662
ආඩම්බරකාර	428
ආඩම්බරය	218
ආඩම්බරයක්	853
ආඩම්බරයි	951
ආඩම්බරයෙන්	692
ආඩම්බරෙන්	465
ආණමඩුව	428
ආණ්ඩු	10211
ආණ්ඩුකාර	2614
ආණ්ඩුකාරයා	336
ආණ්ඩුකාරවරයා	1038
ආණ්ඩුකාරවරුන්	299
ආණ්ඩුව	32649
ආණ්ඩුවක	419
ආණ්ඩුවකට	674
ආණ්ඩුවක්	5603
ආණ්ඩුවට	11451
ආණ්ඩුවත්	773
ආණ්ඩුවයි	266
ආණ්ඩුවලට	199
ආණ්ඩුවෙ	816
ආණ්ඩුවෙන්	3444
ආණ්ඩුවේ	15515
ආතක්	199
ආතති	232
ආතතිය	1406
ආතතීන්	777
ආතර	251
ආතර්	1548
ආතල්	13902
ආතල්ය	209
ආත්තම්මා	246
ආත්ම	5027
ආත්මය	2879
ආත්මයක	234
ආත්මයක්	956
ආත්මයට	279
ආත්මයෙන්	277
ආත්මයේ	553
ආත්මාර්ථකාමී	914
ආත්මාර්ථය	209
ආත්මික	359
ආත්මීය	733
ආත්මෙ	363
ආත්මේ	515
ආතා	560
ආතුර	227
ආදම්	572
ආදයම්	197
ආදර	9024
ආදරණිය	1202
ආදරණීය	5780
ආදරනීය	539
ආදරය	28621
ආදරයක	400
ආදරයක්	3902
ආදරයට	1846
ආදරයත්	506
ආදරයද	216
ආදරයයි	524
ආදරයෙන්	3459
ආදරයේ	2366
ආදරවන්තයා	203
ආදරවන්තයින්ගේ	202
ආදරවන්තිය	208
ආදර්ශ	1942
ආදර්ශමත්	780
ආදර්ශය	913
ආදර්ශයක්	1704
ආදර්ශයට	576
ආදර්ශවත්	322
ආදරෙ	683
ආදරෙත්	284
ආදරෙන්	3837
ආදරෙයි	5810
ආදරේ	23184
ආදරේට	1663
ආදරේද	398
ආදාන	205
ආදායම	6050
ආදායමක්	2687
ආදායමට	443
ආදායම්	9220
ආදායම්ලාභී	523
ආදායමින්	241
ආදායමෙන්	731
ආදායමේ	229
ආදාහන	660
ආදාහනය	429
ආදි	6054
ආදිය	11129
ආදියට	846
ආදියත්	361
ආදියද	353
ආදියයි	295
ආදියෙන්	1157
ආදියෙහි	411
ආදියේ	497
ආදිවාසී	532
ආදිවාසීන්	276
ආදී	21151
ආදීනව	775
ආදීන්	848
ආදීහු	213
ආදේශ	1682
ආදේශක	472
ආදේශකයක්	323
ආධාර	10920
ආධාරක	525
ආධාරකයක්	239
ආධාරකරුවන්	1160
ආධාරය	360
ආධාරයක්	532
ආධාරයෙන්	2018
ආධුනික	1326
ආනන්ද	8643
ආනන්දය	719
ආනන්දයෙන්	217
ආනන්දි	246
ආනමඩුව	345
ආනයන	1819
ආනයනකරුවන්ගේ	236
ආනයනය	5020
ආනයනික	1178
ආන්	474
ආන්ටි	667
ආන්ඩු	2206
ආන්ඩුව	8813
ආන්ඩුවක්	1129
ආන්ඩුවට	2543
ආන්ඩුවල	260
ආන්ඩුවෙ	265
ආන්ඩුවෙන්	528
ආන්ඩුවේ	4398
ආන්තික	629
ආන්දෝලනයකට	339
ආන්දෝලනයක්	463
ආන්දෝලනයට	419
ආන්දෝලනාත්මක	1307
ආන්න	1426
ආන්යා	283
ආන්සර්	498
ආනා	261
ආනිශංස	249
ආනිසංස	341
ආනුභාවයෙන්	224
ආනේ	325
ආපදා	7616
ආපදාවක්	210
ආපදාවට	584
ආපන	982
ආපනශාලා	486
ආපස්සට	1342
ආපසු	12140
ආපහු	17647
ආප්ප	1795
ආපිට	212
ආපු	23513
ආපුවාම	222
ආපෝ	588
ආබාධ	2057
ආබාධය	298
ආබාධයකට	321
ආබාධයක්	607
ආබාධයකින්	208
ආබාධිත	3242
ආබෲ	290
ආභරණ	1139
ආභරණයක්	268
ආභාෂය	558
ආභාසය	436
ආම්පන්න	785
ආම්ලික	205
ආමි	1530
ආමිස	413
ආය	2164
ආයතන	26296
ආයතනගත	199
ආයතනය	18513
ආයතනයක	2389
ආයතනයකට	1098
ආයතනයක්	5095
ආයතනයකි	412
ආයතනයකින්	687
ආයතනයට	3600
ආයතනයත්	202
ආයතනයන්	407
ආයතනයන්හි	370
ආයතනයයි	299
ආයතනයෙ	291
ආයතනයෙන්	1588
ආයතනයේ	12050
ආයතනයේදී	377
ආයතනවල	4005
ආයතනවලට	1684
ආයතනවලින්	631
ආයතනික	1345
ආයම	753
ආයාචනය	405
ආයාචනයක්	265
ආයාචනා	662
ආයාසයකින්	214
ආයාසයෙන්	428
ආයි	3302
ආයිත්	3410
ආයිත්තම්	259
ආයිබෝං	355
ආයිමත්	1165
ආයු	1873
ආයුද	465
ආයුධ	6519
ආයුධය	385
ආයුධයක්	645
ආයුධයකින්	1202
ආයුධවලින්	490
ආයුබෝ	266
ආයුබෝවන්	2982
ආයුර්වේද	2609
ආයුර්වේදය	298
ආයුර්වේදයේ	198
ආයුෂ	1236
ආයුෂ්මත්	1860
ආයූර්වේද	220
ආයෙ	8617
ආයෙත්	16099
ආයෙම	4498
ආයෙමත්	6316
ආයේ	12169
ආයෝජකයන්	865
ආයෝජකයන්ට	429
ආයෝජකයින්	699
ආයෝජකයින්ට	262
ආයෝජකයෝ	252
ආයෝජන	7496
ආයෝජනය	3468
ආයෝජනයක්	877
ආයෝජනයට	317
ආයෝජනයන්	225
ආර	1030
ආරංචි	8768
ආරංචිමාර්ග	481
ආරංචිය	1846
ආරංචියක්	1717
ආරංචියි	626
ආරක	267
ආරක්ශක	639
ආරක්ශා	433
ආරක්ශාව	355
ආරක්ෂ	258
ආරක්ෂක	35217
ආරක්ෂකයන්	316
ආරක්ෂකයා	348
ආරක්ෂකයින්	372
ආරක්ෂණ	1980
ආරක්ෂණය	465
ආරක්ෂන	285
ආරක්ෂා	16064
ආරක්ෂාකර	232
ආරක්ෂාකාරී	554
ආරක්ෂාව	13657
ආරක්ෂාවක්	1272
ආරක්ෂාවට	2588
ආරක්ෂිත	4011
ආරක්ෂිතව	7323
ආරච්චි	867
ආරච්චිකට්ටුව	295
ආරච්චිගේ	399
ආරධනා	196
ආරන්චි	278
ආරම්බ	604
ආරම්භ	58973
ආරම්භක	4301
ආරම්භකර	385
ආරම්භය	4122
ආරම්භයක්	1359
ආරම්භයට	404
ආරම්භයත්	305
ආරම්භයේ	2630
ආරම්භයේදී	1078
ආරම්භයේදීම	371
ආරම්භවන	232
ආරම්භවී	213
ආරම්භවීමට	402
ආරමිභ	242
ආරවුල	257
ආරවුලක්	1497
ආරවුල්	777
ආර්	19026
ආර්ට්	759
ආර්ටිකල්	202
ආර්තික	376
ආර්ථික	37153
ආර්ථිකමය	571
ආර්ථිකය	9775
ආර්ථිකයක	199
ආර්ථිකයක්	1618
ආර්ථිකයට	1876
ආර්ථිකයන්	499
ආර්ථිකයේ	2191
ආර්ථිකව	196
ආර්ථිකේ	251
ආර්ථීක	1238
ආර්ථීකය	267
ආර්ය	2466
ආර්යන්	246
ආර්යයන්	234
ආර්යා	586
ආර්යාව	432
ආරාධනය	1224
ආරාධනයකට	378
ආරාධනයක්	537
ආරාධනයෙන්	502
ආරාධනා	7697
ආරාධනාව	572
ආරාධනාවක්	1006
ආරාධිත	1819
ආරාධිතයන්	227
ආරාධිතයා	571
ආරාධිතයින්	246
ආරාම	372
ආරාමය	308
ආරි	213
ආරිය	254
ආරියදාස	655
ආරියරත්න	1490
ආරියවංශ	522
ආරියසිංහ	321
ආරු	215
ආරුක්කු	256
ආරුමුගම්	354
ආරූඩ	212
ආරූඪ	532
ආරෝපණ	287
ආරෝපණය	1084
ආරෝපනය	256
ආරෝපිත	331
ආල	476
ආලය	1556
ආලවක	221
ආලින්දයේ	204
ආලේ	492
ආලේප	1126
ආලේපන	516
ආලෝක	3427
ආලෝකමත්	701
ආලෝකය	3995
ආලෝකයක්	1015
ආලෝකයට	385
ආලෝකයෙන්	517
ආලෝකයේ	782
ආලෝකවත්	353
ආලෝකෝ	220
ආව	14414
ආවට	4761
ආවඩා	236
ආවත්	4374
ආවද	1445
ආවනං	199
ආවනම්	509
ආවනෙ	221
ආවනේ	366
ආවම	3578
ආවයි	307
ආවරණ	1646
ආවරණය	6370
ආවරණයක්	722
ආවරනය	517
ආවර්ජනය	459
ආවලු	759
ආවහම	829
ආව්	303
ආවා	28176
ආවාට	1051
ආවාද	227
ආවානම්	202
ආවාම	1178
ආවාය	498
ආවාස	226
ආවෙ	9363
ආවෙත්	798
ආවෙමි	528
ආවෙමු	249
ආවේ	21298
ආවේග	335
ආවේගය	334
ආවේගශීලී	381
ආවේණික	2372
ආවේනික	1557
ආවේය	1965
ආවේශ	329
ආවොත්	4471
ආවෝ	292
ආශ්චර්ය	642
ආශ්චර්යමත්	419
ආශ්චර්යය	758
ආශ්චර්යයක්	231
ආශ්වාදය	498
ආශ්වාදයක්	376
ආශ්වාස	682
ආශා	1472
ආශාව	2331
ආශාවක්	938
ආශාවන්	1173
ආශාවෙන්	995
ආශාවේ	222
ආශිර්වාද	2687
ආශිර්වාදය	1239
ආශිර්වාදයක්	493
ආශිර්වාදයෙන්	219
ආශීර්වාද	708
ආශීර්වාදය	449
ආශු	202
ආස	6381
ආසද	437
ආසන	7322
ආසනය	1158
ආසනයක්	591
ආසනයට	319
ආසනයෙන්	239
ආසනයේ	1254
ආසන්න	16388
ආසන්නතම	680
ආසන්නම	421
ආසන්නය	342
ආසන්නයට	533
ආසන්නයි	462
ආසන්නයෙන්	573
ආසන්නයේ	5004
ආසන්නයේදී	1043
ආසන්නයේම	342
ආසන්නව	1450
ආසනික්	1796
ආසනේ	217
ආසම	2945
ආසයි	8582
ආසවෙන්	231
ආස්ථානය	402
ආස්වාදය	244
ආස්සරේ	270
ආසා	2242
ආසාදන	714
ආසාදනය	3251
ආසාදිත	1614
ආසාදිතයන්	2175
ආසාදිතයන්ගේ	260
ආසාදිතයින්	1496
ආසාදිතයෙකු	303
ආසාව	2196
ආසාවක්	2257
ආසාවට	843
ආසාවන්	325
ආසාවල්	235
ආසාවෙන්	4388
ආසාවේ	241
ආසියා	1458
ආසියාතික	1578
ආසියානු	8491
ආසියාව	1667
ආසියාවට	596
ආසියාවේ	5137
ආසිරි	1413
ආහ	457
ආහ්	2582
ආහාර	26262
ආහාරපාන	671
ආහාරය	2899
ආහාරයක්	1105
ආහාරයට	3478
ආහාරයෙන්	407
ආහාරවල	286
ආෆ්ටර්	211
ඇංග්ලිකන්	325
ඇකඩමි	357
ඇකඩමික්	204
ඇකඩමිය	306
ඇකඩමියේ	196
ඇක්ට්	211
ඇක්ටිව්	340
ඇක්ෂන්	500
ඇක්සිඩන්ට්	538
ඇග	1496
ඇගට	1029
ඇගයීම	1396
ඇගයීමකට	251
ඇගයීමක්	576
ඇගයීමට	1583
ඇගයීම්	1558
ඇගයීමේ	418
ඇගයුම්	248
ඇගලුම්	337
ඇගැයීමට	216
ඇගිල්ල	693
ඇගිලි	1532
ඇගෙ	1075
ඇගෙන්	1159
ඇගේ	27900
ඇගේම	217
ඇඟ	4991
ඇඟට	3374
ඇඟපත	394
ඇඟම	386
ඇඟලුම්	1377
ඇඟලූම්	259
ඇඟවීම	480
ඇඟවීමක්	783
ඇඟවීම්	753
ඇඟවීමේ	432
ඇඟවීය	321
ඇඟවුම්	689
ඇඟළුම්	1741
ඇඟිල්ල	1804
ඇඟිල්ලක්	456
ඇඟිල්ලෙන්	509
ඇඟිලි	5181
ඇඟේ	3513
ඇට	7124
ඇටකටු	396
ඇටය	522
ඇටයක්	760
ඇටවූ	217
ඇටසැකිලි	229
ඇට්	409
ඇට්ටි	233
ඇටෑක්	507
ඇටි	220
ඇටේ	578
ඇඩම්	414
ඇඩම්ස්	389
ඇඩ්	4650
ඇඩ්මිට්	289
ඇඩ්මින්	881
ඇඩ්රස්	355
ඇඩ්වාන්ස්	335
ඇඩ්ස්	272
ඇඩ්සෙන්ස්	503
ඇඩුවා	282
ඇඩෙනවා	462
ඇඩොල්ෆ්	238
ඇණ	2388
ඇණයක්	567
ඇණවුම්	564
ඇණහිට	327
ඇඬුවා	546
ඇඬෙනවා	354
ඇත	219839
ඇතත්	4844
ඇතමුන්	523
ඇතමෙක්	209
ඇතයි	400
ඇත්	3596
ඇත්ත	39477
ඇත්තක්	2277
ඇත්තක්ද	352
ඇත්තකි	477
ඇත්තට	3017
ඇත්තටම	42674
ඇත්තද	2420
ඇත්තන්	1235
ඇත්තන්ගේ	340
ඇත්තන්ට	657
ඇත්තනේ	260
ඇත්තම	5459
ඇත්තමයි	1492
ඇත්තය	764
ඇත්තයි	614
ඇත්තවශයෙන්ම	200
ඇත්තවුන්	232
ඇත්තා	794
ඇත්තාවූ	1078
ඇත්තාහ	595
ඇත්තාහු	240
ඇත්තී	201
ඇත්තු	205
ඇත්තෙ	2561
ඇත්තෙක්	659
ඇත්තෙකි	312
ඇත්තෙකු	282
ඇත්තෙත්	558
ඇත්තෙන්	957
ඇත්තෙන්ම	6062
ඇත්තෙම	878
ඇත්තෙමි	1358
ඇත්තෙමු	1122
ඇත්තේ	111884
ඇත්තේත්	328
ඇත්තේද	1559
ඇත්තේම	619
ඇත්තේය	2898
ඇත්තො	482
ඇත්තෝ	2239
ඇත්තෝය	209
ඇත්ද	3157
ඇත්දැයි	2077
ඇත්නම්	7014
ඇතා	1115
ඇතාගේ	240
ඇතැ	1138
ඇතැම්	29315
ඇතැම්විට	1177
ඇතැම්හු	575
ඇතැමි	236
ඇතැමුන්	2107
ඇතැමුන්ට	345
ඇතැමෙක්	889
ඇතැයි	37996
ඇතැයිද	1567
ඇති	567890
ඇතිකර	2639
ඇතිකරගත්	646
ඇතිකරගන්න	280
ඇතිකරගෙන	461
ඇතිකරන	928
ඇතිකරන්න	293
ඇතිකල	433
ඇතිකළ	454
ඇතිකිරීම	647
ඇතිකිරීමට	552
ඇතිද	2362
ඇතිදැයි	362
ඇතිනම්	631
ඇතින්	238
ඇතින්න	221
ඇතිනෙ	1459
ඇතිනේ	3213
ඇතිබව	1450
ඇතිමුත්	235
ඇතිය	1312
ඇතියි	370
ඇතිරිලි	258
ඇතිරූ	199
ඇතිව	9761
ඇතිවන	10301
ඇතිවන්නට	220
ඇතිවන්නේ	1212
ඇතිවය	386
ඇතිවයි	386
ඇතිවා	250
ඇතිවිට	288
ඇතිවිය	6295
ඇතිවී	2387
ඇතිවීම	2303
ඇතිවීමට	1516
ඇතිවීමේ	1005
ඇතිවු	987
ඇතිවුණ	207
ඇතිවුණා	895
ඇතිවුණු	539
ඇතිවුණේ	350
ඇතිවුන	546
ඇතිවුනා	471
ඇතිවුනු	325
ඇතිවුනේ	447
ඇතිවුවහොත්	247
ඇතිවූ	6725
ඇතිවූයේ	521
ඇතිවෙච්ච	391
ඇතිවෙන	1887
ඇතිවෙනව	217
ඇතිවෙනවා	1140
ඇතිවෙන්න	1073
ඇතිවෙන්නෙ	373
ඇතිවෙන්නේ	636
ඇතිවෙමින්	262
ඇතිවෙයි	554
ඇතිවෙලා	1280
ඇතිවේ	1644
ඇතී	545
ඇතු	312
ඇතුගල	201
ඇතුථ	252
ඇතුන්	2012
ඇතුන්ගේ	254
ඇතුල	508
ඇතුලට	7635
ඇතුලටම	346
ඇතුලත	5475
ඇතුලත්	14281
ඇතුලත්මුදලි	463
ඇතුලත්ය	392
ඇතුලත්ව	782
ඇතුලතින්	313
ඇතුල්	6082
ඇතුල්වීම	294
ඇතුල්වීමට	204
ඇතුලාන්තය	204
ඇතුලු	11922
ඇතුලුව	1225
ඇතුලූ	3662
ඇතුලෙ	5807
ඇතුලෙත්	270
ඇතුලෙදි	269
ඇතුලෙන්	1163
ඇතුලෙම	520
ඇතුලේ	8189
ඇතුව	2980
ඇතුවත්	201
ඇතුවා	298
ඇතුවාට	248
ඇතුළට	2432
ඇතුළත	5822
ඇතුළත්	24005
ඇතුළත්ය	299
ඇතුළත්ව	1043
ඇතුළතින්	246
ඇතුළු	56806
ඇතුළුව	3319
ඇතුළුවන	387
ඇතුළුවන්නඔබේ	266
ඇතුළුවී	230
ඇතුළුවීම	715
ඇතුළුවීමට	585
ඇතුළෙ	1359
ඇතුළෙන්	250
ඇතුළේ	2103
ඇතෙක්	229
ඇතේ	394
ඇතොත්	604
ඇද	13285
ඇදගත්	266
ඇදගන්න	247
ඇදගන්නා	342
ඇදගෙන	5056
ඇදට	500
ඇදන්	1244
ඇදපු	573
ඇදල	1807
ඇදලා	2950
ඇදහැලෙන	226
ඇදහිය	494
ඇදහිල්ල	615
ඇදහිලි	932
ඇදහීම	505
ඇදහීමට	220
ඇදහීම්	215
ඇදහීමේ	225
ඇද්ද	3692
ඇද්දා	483
ඇද්දැයි	364
ඇද්දේ	204
ඇදි	712
ඇදිරි	416
ඇදිල	595
ඇදිලා	1166
ඇදී	3891
ඇදීම	657
ඇදීමට	281
ඇදීමේ	229
ඇදුන	253
ඇදුනා	400
ඇදුනු	273
ඇදුනේ	213
ඇදුම	1409
ඇදුමක්	657
ඇදුම්	3606
ඇදුම්රු	457
ඇදුමින්	269
ඇදුරන්	406
ඇදුරු	406
ඇදෙන	1885
ඇදෙනවා	533
ඇදෙන්	283
ඇදෙන්න	207
ඇදෙන්නට	325
ඇදෙන්නේ	254
ඇදෙමින්	274
ඇදෙයි	306
ඇදේ	859
ඇන	2513
ඇනගෙන	282
ඇනයක්	233
ඇනල	234
ඇනලා	436
ඇනවුම්	557
ඇන්	2241
ඇන්ඞ්	271
ඇන්ජලීස්	299
ඇන්ජලෝ	1263
ඇන්ජෙලෝ	235
ඇන්ටන්	1175
ඇන්ටනි	204
ඇන්ටනී	199
ඇන්ටි	2996
ඇන්ටිගෙ	295
ඇන්ටිගේ	277
ඇන්ටිට	329
ඇන්ටිලා	307
ඇන්ටී	218
ඇන්ඩර්සන්	318
ඇන්ඩ්	3035
ඇන්ඩි	374
ඇන්ඩෘ	265
ඇන්ඩෲ	340
ඇන්තනි	771
ඇන්තනී	625
ඇන්ද	846
ඇන්දට	231
ඇන්දා	462
ඇන්දෙ	391
ඇන්දේ	761
ඇන්න	666
ඇන්නා	424
ඇනා	422
ඇනිමේෂන්	597
ඇනී	410
ඇනුම්	304
ඇනේ	198
ඇනොනිමස්	485
ඇනෝ	9203
ඇනෝට	283
ඇනෝනිමස්	750
ඇනෝල	212
ඇනෝලට	217
ඇනෝලා	728
ඇඳ	6177
ඇඳක	267
ඇඳක්	459
ඇඳගත්	310
ඇඳගෙන	3288
ඇඳට	1238
ඇඳන්	1986
ඇඳපු	911
ඇඳල	819
ඇඳලා	1910
ඇඳි	1182
ඇඳිය	200
ඇඳිරි	2456
ඇඳිරිනීතිය	481
ඇඳිලා	202
ඇඳී	365
ඇඳීම	778
ඇඳීමට	300
ඇඳුම	2947
ඇඳුමක්	1993
ඇඳුමකින්	335
ඇඳුමට	474
ඇඳුම්	11514
ඇඳුමින්	898
ඇඳුමෙන්	687
ඇඳුමේ	370
ඇඳෙන	230
ඇඳෙන්	711
ඇඳේ	1796
ඇප	11317
ඇපකරුවන්	416
ඇපයක්	670
ඇපයට	393
ඇපල්	4902
ඇපලෝ	616
ඇප්	1550
ඇප්ලයි	356
ඇප්ලිකේෂන්	522
ඇප්ස්	406
ඇබ්බැහි	2375
ඇබැද්දියක්	199
ඇබෑර්තු	435
ඇම	377
ඇමති	20015
ඇමතිකම	526
ඇමතිකමක්	290
ඇමතිකම්	725
ඇමතිගෙන්	219
ඇමතිගේ	569
ඇමතිට	700
ඇමතිතුමා	1653
ඇමතිතුමාගේ	368
ඇමතිතුමාට	320
ඇමතිනි	551
ඇමතිනිය	209
ඇමතිනී	628
ඇමතිය	271
ඇමතියා	268
ඇමතියෙක්	223
ඇමතිලා	420
ඇමතිවරයකු	267
ඇමතිවරයා	3857
ඇමතිවරයාගේ	637
ඇමතිවරයාට	506
ඇමතිවරයෙක්	472
ඇමතිවරයෙකු	327
ඇමතිවරු	2638
ඇමතිවරුන්	2665
ඇමතිවරුන්ගේ	650
ඇමතිවරුන්ට	681
ඇමතීම	459
ඇමතීමට	688
ඇමතීමෙන්	438
ඇමතීය	209
ඇමතු	293
ඇමතුම	1137
ඇමතුමක්	2815
ඇමතුම්	3476
ඇමතුවා	218
ඇමතුවේ	337
ඇමතූ	1309
ඇමයිනෝ	321
ඇමරිකන්	3027
ඇමරිකා	3488
ඇමරිකානු	18795
ඇමරිකානුවන්	692
ඇමරිකාව	7996
ඇමරිකාවට	2586
ඇමරිකාවෙ	793
ඇමරිකාවෙන්	759
ඇමරිකාවේ	7764
ඇමරිකාවේදී	235
ඇමසන්	243
ඇම්	1424
ඇම්ඩන්	964
ඇම්ඩා	599
ඇම්බියුලන්ස්	251
ඇමැති	8529
ඇමැතිතුමා	548
ඇමැතිවරයකු	297
ඇමැතිවරයා	2478
ඇමැතිවරයාගේ	303
ඇමැතිවරයාට	311
ඇමැතිවරු	930
ඇමැතිවරුන්	868
ඇමැතිවරුන්ගේ	211
ඇමැතිවරුන්ට	269
ඇමුණුම	298
ඇමෙරිකන්	1805
ඇමෙරිකා	3086
ඇමෙරිකානු	4647
ඇමෙරිකාව	2535
ඇමෙරිකාවට	918
ඇමෙරිකාවෙන්	211
ඇමෙරිකාවේ	3436
ඇඹරි	353
ඇඹිලිපිටිය	2404
ඇඹිලිපිටියේ	454
ඇඹුල්	1505
ඇය	76096
ඇයගෙ	232
ඇයගෙන්	794
ඇයගේ	12025
ඇයට	19446
ඇයටත්	402
ඇයත්	1449
ඇයද	669
ඇයයි	636
ඇයව	4629
ඇයි	60831
ඇයිද	1713
ඇයිදැයි	831
ඇර	3639
ඇරං	324
ඇරගන්න	269
ඇරගෙන	1919
ඇරත්	679
ඇරන්	685
ඇරපු	650
ඇරඹි	1101
ඇරඹිණි	259
ඇරඹිය	344
ඇරඹී	849
ඇරඹීම	619
ඇරඹීමට	947
ඇරඹීය	314
ඇරඹු	248
ඇරඹුණු	618
ඇරඹුණේ	350
ඇරඹුනු	375
ඇරඹුනේ	312
ඇරඹුම	790
ඇරඹුමක්	271
ඇරඹුවා	265
ඇරඹුවේ	340
ඇරඹූ	891
ඇරඹෙන	1052
ඇරඹෙන්නේ	565
ඇරඹෙයි	739
ඇරඹේ	1698
ඇරයුම	307
ඇරයුමක්	335
ඇරයුම්	1181
ඇරල	1982
ඇරලා	4373
ඇරැඹේ	290
ඇරිය	690
ඇරියස්	643
ඇරියා	1293
ඇරියෙ	300
ඇරියේ	610
ඇරියොත්	363
ඇරිල	611
ඇරිලා	1696
ඇරිස්ටෝටල්	382
ඇරී	462
ඇරීම	275
ඇරුණම	255
ඇරුණු	305
ඇරුන	235
ඇරුනම	609
ඇරුනා	209
ඇරුනාම	218
ඇරෙන	499
ඇරෙනවා	234
ඇරෙන්න	4099
ඇරෙන්නට	276
ඇරෙන්නේ	197
ඇල	3448
ඇලජික්	353
ඇලට	347
ඇලන්	841
ඇලවී	211
ඇලවීම	231
ඇලවූ	200
ඇලහැර	225
ඇල්	1159
ඇල්කෙමියා	204
ඇල්කෙමියාගේ	475
ඇල්කොහොල්	512
ඇල්ගී	234
ඇල්පිටිය	1683
ඇල්බට්	886
ඇල්බමය	408
ඇල්බම්	736
ඇල්ම	685
ඇල්මක්	711
ඇල්ල	4491
ඇල්ලක්	390
ඇල්ලට	371
ඇල්ලීම	948
ඇල්ලීමට	579
ඇල්ලීමේ	346
ඇල්ලුව	199
ඇල්ලුවා	620
ඇල්ලුවෙ	282
ඇල්ලුවේ	534
ඇල්ලූ	546
ඇල්ලේ	783
ඇල්ෆා	291
ඇලි	831
ඇලිලා	200
ඇලිස්	483
ඇලී	701
ඇලීම	330
ඇලුම්	832
ඇලුමිනියම්	427
ඇලෙක්ස්	392
ඇලෙක්සැන්ඩර්	876
ඇලෙන	328
ඇලේ	636
ඇලෝසියස්	822
ඇවතුම්	202
ඇවන්ගාඞ්	301
ඇවන්ගාඩ්	1009
ඇවන්ට්	270
ඇවන්ට්ගාඩ්	561
ඇවැත්	518
ඇවැත්නි	1300
ඇවැසි	992
ඇවෑමෙන්	1284
ඇවිත්	43790
ඇවිද	3765
ඇවිදගෙන	1454
ඇවිදන්	694
ඇවිදල	278
ඇවිදලා	727
ඇවිද්ද	991
ඇවිද්දා	394
ඇවිදින	2062
ඇවිදිනවා	507
ඇවිදින්	2672
ඇවිදින්න	1923
ඇවිදින්නට	377
ඇවිදින්නේ	236
ඇවිදිමින්	524
ඇවිදීම	483
ඇවිදීමට	284
ඇවිරිණි	329
ඇවිරිනි	250
ඇවිල්ල	6785
ඇවිල්ලත්	402
ඇවිල්ලා	9399
ඇවිලී	332
ඇවිලෙන	523
ඇවිස්සීම	213
ඇස	5563
ඇසක්	651
ඇසකින්	476
ඇසට	2222
ඇසල	591
ඇසළ	1770
ඇස්	28195
ඇස්තමේන්තු	1622
ඇස්තමේන්තුගත	609
ඇස්තමේන්තුව	473
ඇස්තමේන්තුවක්	234
ඇස්දෙක	553
ඇස්වල	749
ඇස්වලට	470
ඇස්වලින්	397
ඇස්වහ	288
ඇසි	857
ඇසිඩ්	709
ඇසිණි	219
ඇසින්	2876
ඇසිපිය	554
ඇසිය	1086
ඇසී	721
ඇසීම	940
ඇසීමට	1802
ඇසීමි	296
ඇසීමෙන්	453
ඇසීමේ	273
ඇසීය	1107
ඇසු	816
ඇසුණි	231
ඇසුණු	744
ඇසුන	235
ඇසුනා	196
ඇසුනි	210
ඇසුනු	307
ඇසුනේ	355
ඇසුර	1129
ඇසුරක්	473
ඇසුරට	357
ඇසුරින්	2653
ඇසුරිනි	419
ඇසුරු	3702
ඇසුරුම්	850
ඇසුරෙන්	2621
ඇසුරෙනි	528
ඇසුරේ	459
ඇසුවා	778
ඇසුවාය	602
ඇසුවෙමි	587
ඇසුවේ	1524
ඇසුවේය	789
ඇසුවොත්	326
ඇසූ	4138
ඇසූහ	216
ඇසෙන	1987
ඇසෙන්	218
ඇසෙන්නට	687
ඇසෙන්නේ	539
ඇසෙයි	453
ඇසේ	1736
ඇහ්	323
ඇහැ	2310
ඇහැක්	1177
ඇහැකි	1151
ඇහැට	1844
ඇහැරිලා	529
ඇහැරුනා	215
ඇහැරුනේ	263
ඇහැරෙන	231
ඇහැලියගොඩ	500
ඇහැව්වා	818
ඇහැව්වේ	227
ඇහැළියගොඩ	223
ඇහි	454
ඇහින්	324
ඇහිල	351
ඇහිලා	841
ඇහුණ	258
ඇහුණා	700
ඇහුණේ	209
ඇහුන	805
ඇහුනා	1149
ඇහුනෙ	369
ඇහුනේ	611
ඇහුම්කන්	816
ඇහුව	2913
ඇහුවට	637
ඇහුවත්	565
ඇහුවද	228
ඇහුවම	1937
ඇහුවමයි	428
ඇහුවලු	763
ඇහුවහම	276
ඇහුවා	7515
ඇහුවාම	752
ඇහුවෙ	1989
ඇහුවෙත්	289
ඇහුවේ	3244
ඇහුවොත්	1528
ඇහෙද්දි	199
ඇහෙන	1969
ඇහෙනකොට	340
ඇහෙනව	421
ඇහෙනවා	1412
ඇහෙන්	329
ඇහෙන්න	1365
ඇහෙන්නෙ	615
ඇහෙන්නේ	837
ඇහේ	584
ඇළ	2353
ඇළට	378
ඇළුම්	335
ඇළේ	240
ඇෆ්ගන්	548
ඇෆ්ගනිස්තානය	293
ඇෆ්ගනිස්තානයේ	289
ඇෆ්ගනිස්ථාන	317
ඇෆ්ගනිස්ථානය	604
ඇෆ්ගනිස්ථානයේ	664
ඈගේ	336
ඈට	1402
ඈත	10179
ඈතක	987
ඈතකට	254
ඈතට	3305
ඈත්	4402
ඈත්ත	471
ඈත්තටම	414
ඈත්ව	485
ඈත්වෙලා	296
ඈති	1723
ඈතින්	3264
ඈන්	504
ඈඳා	386
ඈපා	242
ඈය	250
ඈයි	551
ඈයො	332
ඈයෝ	651
ඈව	286
ඈවිත්	392
ඈස්	420
ඈහ්	232
ඉංග්ලිෂ්	358
ඉංගිරිය	1041
ඉංගිරිස්	388
ඉංගිරිසි	2742
ඉංගිරිසින්	484
ඉංගිරිසිය	293
ඉංගිරිසියෙන්	829
ඉංජිනේරු	8311
ඉංජිනේරුමය	220
ඉංජිනේරුවකු	203
ඉංජිනේරුවන්	954
ඉංජිනේරුවරුන්	198
ඉංජිනේරුවා	227
ඉංජිනේරුවෙක්	441
ඉංජිනේරුවෝ	201
ඉක්ටා	243
ඉක්බිත්තෙන්	269
ඉක්බිති	2445
ඉක්බිතිව	496
ඉක්ම	1747
ඉක්මණට	1029
ඉක්මණටම	253
ඉක්මණින්	2248
ඉක්මණින්ම	428
ඉක්මනට	8577
ඉක්මනටම	2375
ඉක්මන්	4784
ඉක්මනින්	9745
ඉක්මනින්ම	2445
ඉක්මවන	656
ඉක්මවයි	482
ඉක්මවා	5541
ඉක්මවූ	1129
ඉකි	1034
ඉකුත්	5503
ඉකුත්දා	313
ඉකොනොමැට්ටා	221
ඉකොනොමැට්ටාගේ	209
ඉගන	1554
ඉගනගන්න	404
ඉගැන්නුවා	407
ඉගැන්නුවෙ	207
ඉගැන්නුවේ	407
ඉගැන්විය	275
ඉගැන්වීම	1463
ඉගැන්වීමට	770
ඉගැන්වීමරු	615
ඉගැන්වීම්	1821
ඉගැන්වීමේ	477
ඉගැන්වූ	658
ඉගැන්වෙන	236
ඉගි	367
ඉගිල	433
ඉගිල්ලෙන	280
ඉගිලී	307
ඉගිලෙන	310
ඉගුරු	234
ඉගෙන	23847
ඉගෙනගත්	538
ඉගෙනගත්ත	363
ඉගෙනගත්තා	243
ඉගෙනගන්න	1776
ඉගෙනගෙන	1095
ඉගෙනීම	1062
ඉගෙනීමට	1063
ඉගෙනීමේ	457
ඉගෙනුම	3029
ඉගෙනුම්	602
ඉඟ	268
ඉඟි	1589
ඉඟියක්	687
ඉඟුරු	740
ඉට	593
ඉට්	286
ඉටා	283
ඉටි	1319
ඉටිපන්දම්	436
ඉටු	17914
ඉටුකර	1641
ඉටුකරන	1035
ඉටුකරනු	228
ඉටුකරමින්	340
ඉටුකල	432
ඉටුකළ	861
ඉටුකිරීම	487
ඉටුකිරීමට	616
ඉටුවන	734
ඉටුවිය	320
ඉඩ	41565
ඉඩං	236
ඉඩකඩ	4050
ඉඩකඩක්	678
ඉඩකඩම්	694
ඉඩක්	7955
ඉඩදිය	366
ඉඩදී	465
ඉඩදීම	238
ඉඩදෙන්න	405
ඉඩම	3994
ඉඩමක	849
ඉඩමක්	2632
ඉඩමට	584
ඉඩම්	19138
ඉඩම්රු	2319
ඉඩම්වල	736
ඉඩමේ	1419
ඉඩි	198
ඉණ	242
ඉත	473
ඉතරක්	384
ඉත්තන්	287
ඉත්තෑකන්දේ	248
ඉත්තෑපානේ	203
ඉතා	71504
ඉතාම	18950
ඉතාමත්	13982
ඉතාමත්ම	1818
ඉතාලි	2608
ඉතාලිය	1390
ඉතාලියට	522
ඉතාලියෙන්	294
ඉතාලියේ	2577
ඉති	1099
ඉතිං	51130
ඉතින්	129868
ඉතියෝපියාව	208
ඉතිරි	16680
ඉතිරිකර	268
ඉතිරිකිරීමේ	202
ඉතිරිය	1882
ඉතිරියත්	5608
ඉතිරිලා	250
ඉතිරිව	2860
ඉතිරිවන	275
ඉතිරිවී	265
ඉතිරිවෙලා	339
ඉතිරී	721
ඉතිරෙන	408
ඉතිහාස	3225
ඉතිහාසගත	707
ඉතිහාසඥයන්	267
ඉතිහාසඥයින්	225
ඉතිහාසය	17329
ඉතිහාසයකට	360
ඉතිහාසයක්	2484
ඉතිහාසයට	1678
ඉතිහාසයත්	233
ඉතිහාසයෙන්	632
ඉතිහාසයෙහි	227
ඉතිහාසයේ	10558
ඉතිහාසෙ	331
ඉතිහාසේ	451
ඉතුරු	12008
ඉතුරුම්	293
ඉතුරුයි	276
ඉතුරුවෙලා	423
ඉද	677
ඉදං	656
ඉදගෙන	1402
ඉදන්	9255
ඉදන්ම	1311
ඉදපන්	250
ඉදපු	533
ඉදල	3799
ඉදලම	1075
ඉදලා	7089
ඉදහිට	437
ඉද්ද	364
ඉද්දමල්ගොඩ	205
ඉද්දි	2951
ඉද්දී	664
ඉදි	6555
ඉදිකටු	212
ඉදිකර	3036
ඉදිකරන	1801
ඉදිකරනු	382
ඉදිකරමින්	395
ඉදිකල	389
ඉදිකළ	1922
ඉදිකිරිම	288
ඉදිකිරිම්	483
ඉදිකිරීම	3401
ඉදිකිරීමක්	249
ඉදිකිරීමට	2205
ඉදිකිරීම්	7583
ඉදිකිරීමේ	1051
ඉදිකිරීමේදී	326
ඉදිකෙරුණු	471
ඉදිකෙරෙන	523
ඉදිකොට	311
ඉදින්	2603
ඉදිමිලා	250
ඉදියි	215
ඉදිරි	23747
ඉදිරිගාමී	204
ඉදිරිදර්ශනය	365
ඉදිරිපත්	84713
ඉදිරිපත්කර	407
ඉදිරිපත්ව	1381
ඉදිරිපත්වන	385
ඉදිරිපත්වී	340
ඉදිරිපත්වීම	314
ඉදිරිපත්වූ	279
ඉදිරිපස	2227
ඉදිරිපසින්	241
ඉදිරිපිට	7715
ඉදිරිපිටට	531
ඉදිරිපිටදී	1166
ඉදිරිපිටින්	456
ඉදිරිපෙළ	218
ඉදිරිය	748
ඉදිරියට	23919
ඉදිරියටත්	2094
ඉදිරියටම	994
ඉදිරියෙ	295
ඉදිරියෙදි	416
ඉදිරියෙන්	4669
ඉදිරියෙන්ම	744
ඉදිරියෙහි	724
ඉදිරියේ	15107
ඉදිරියේදි	885
ඉදිරියේදී	10090
ඉදිරියේදීත්	335
ඉදිවන	724
ඉදිවූ	294
ඉදිවෙමින්	340
ඉදී	247
ඉදුණු	371
ඉන	726
ඉන්	42490
ඉන්ගිරිසි	279
ඉන්ජිනේරු	482
ඉන්ජෙක්ෂන්	294
ඉන්ටනැෂනල්	200
ඉන්ටනෙට්	1066
ඉන්ටර්	200
ඉන්ටර්නැෂනල්	769
ඉන්ටර්නෙට්	2467
ඉන්ටර්වල්	204
ඉන්ටර්විව්	272
ඉන්ටර්වීව්	218
ඉන්ටවල්	463
ඉන්ටවිව්	304
ඉන්ටවීව්	279
ඉන්ටෙර්නෙට්	212
ඉන්ටෙල්	214
ඉන්ඩ	1147
ඉන්ඩියා	205
ඉන්දන	261
ඉන්දරතන	220
ඉන්දරේ	532
ඉන්දැද්දි	459
ඉන්දික	6307
ඉන්දිය	1212
ඉන්දියන්	3748
ඉන්දියන්ස්	334
ඉන්දියා	1110
ඉන්දියානු	10593
ඉන්දියානුවන්	1003
ඉන්දියානුවන්ට	238
ඉන්දියාව	15513
ඉන්දියාවට	5804
ඉන්දියාවත්	413
ඉන්දියාවයි	232
ඉන්දියාවෙ	1393
ඉන්දියාවෙන්	2785
ඉන්දියාවේ	17722
ඉන්දියාවේදී	484
ඉන්දිරා	406
ඉන්දීය	24474
ඉන්දු	3320
ඉන්දුනීසියානු	553
ඉන්දුනීසියාව	840
ඉන්දුනීසියාවේ	856
ඉන්ධන	8744
ඉන්න	122244
ඉන්නං	210
ඉන්නකන්	222
ඉන්නකම්	319
ඉන්නකො	387
ඉන්නකොට	5463
ඉන්නකෝ	913
ඉන්නට	2490
ඉන්නත්	1191
ඉන්නද	516
ඉන්නම	475
ඉන්නම්	1594
ඉන්නයි	449
ඉන්නව	10915
ඉන්නවට	897
ඉන්නවද	4721
ඉන්නවනං	383
ඉන්නවනම්	2103
ඉන්නවනෙ	678
ඉන්නවනේ	1287
ඉන්නවයි	214
ඉන්නවලු	1066
ඉන්නවා	44480
ඉන්නවාට	227
ඉන්නවාද	889
ඉන්නවානම්	609
ඉන්නවානේ	335
ඉන්නවාය	512
ඉන්නා	5158
ඉන්නෙ	21355
ඉන්නෙත්	1304
ඉන්නේ	38025
ඉන්පස්සෙ	219
ඉන්පස්සේ	232
ඉන්පසු	7888
ඉන්පසුව	2373
ඉන්ෂුවරන්ස්	407
ඉන්ස්ටෝල්	1079
ඉන්සියුලින්	296
ඉන්ෆ්ලුවෙන්සා	216
ඉනි	373
ඉනික්බිති	532
ඉනිම	2783
ඉනිමක්	328
ඉනිමට	465
ඉනිමේ	702
ඉනිමේදී	265
ඉනු	204
ඉනේ	536
ඉනෝකා	321
ඉඳ	2292
ඉඳං	1342
ඉඳගත්ත	211
ඉඳගත්තා	208
ඉඳගන්න	468
ඉඳගෙන	3998
ඉඳන්	16539
ඉඳන්ම	2195
ඉඳපන්	331
ඉඳපු	551
ඉඳල	9805
ඉඳලත්	379
ඉඳලම	2467
ඉඳලා	13844
ඉඳලාම	399
ඉඳහිට	1853
ඉඳි	909
ඉඳිආප්ප	315
ඉඳිකටු	221
ඉඳිද්දි	296
ඉඳිද්දී	243
ඉඳින්	591
ඉඳියි	492
ඉඳී	230
ඉඳීම	248
ඉඳීවි	369
ඉඳුනිල්	463
ඉඳුරන්	280
ඉඳුරා	242
ඉඳුරාම	384
ඉඳුල්	432
ඉපදිච්ච	282
ඉපදිලා	1258
ඉපදී	1151
ඉපදීම	1174
ඉපදීමට	394
ඉපදුණු	564
ඉපදුණේ	230
ඉපදුන	1226
ඉපදුනා	305
ඉපදුනු	752
ඉපදුනේ	786
ඉපදෙන	782
ඉපදෙන්න	513
ඉපයීම	355
ඉපයීමට	205
ඉපයූ	229
ඉපැයූ	204
ඉපැරණි	1636
ඉපැරැණි	313
ඉපිද	1251
ඉබ්බන්	270
ඉබ්බා	1051
ඉබ්බාගමුව	234
ඉබ්බෙක්	313
ඉබ්බෝ	220
ඉබාගාතේ	426
ඉබි	707
ඉබේ	1051
ඉබේටම	682
ඉබේම	2088
ඉබෝලා	360
ඉම	628
ඉමක්	403
ඉමදුව	211
ඉමහත්	3247
ඉම්	230
ඉම්රාන්	704
ඉමි	342
ඉමු	1517
ඉමේ	242
ඉමේජ්	447
ඉඹින්න	206
ඉයන්	1220
ඉයර්	486
ඉර	6877
ඉරක්	894
ඉරට	401
ඉරටු	208
ඉරණම	3344
ඉරණමකට	211
ඉරණමක්	278
ඉරණමට	297
ඉරණමඩු	312
ඉරනම	417
ඉරා	896
ඉරාක	1116
ඉරාකය	960
ඉරාකයට	274
ඉරාකයේ	1261
ඉරාගෙන	298
ඉරාජ්	819
ඉරාජ්ගේ	284
ඉරාන	2052
ඉරානය	1987
ඉරානයට	781
ඉරානයෙන්	246
ඉරානයේ	1113
ඉරාන්	362
ඉරි	2205
ඉරිඟු	829
ඉරිද	383
ඉරිදට	352
ඉරිදා	11543
ඉරිදාට	204
ඉරියව්	1135
ඉරියව්ව	422
ඉරියව්වෙන්	239
ඉරිසියයි	227
ඉරිසියා	864
ඉරිසියාව	799
ඉරිසියාවක්	259
ඉරිසියාවට	224
ඉරිසියාවෙන්	199
ඉරී	286
ඉරු	815
ඉරුදින	684
ඉරුව	245
ඉරෙන්	234
ඉරේ	243
ඉල	495
ඉලංගකෝන්	406
ඉලංගෙයි	408
ඉලංදාරියා	651
ඉලක්ක	7645
ඉලක්කගත	330
ඉලක්කම	301
ඉලක්කම්	1249
ඉලක්කය	3486
ඉලක්කයක්	1613
ඉලක්කයට	472
ඉලක්කයන්	394
ඉලන්දාරියා	474
ඉලව්	296
ඉල්	950
ඉල්ල	1059
ඉල්ලං	367
ඉල්ලගන්න	376
ඉල්ලගෙන	1179
ඉල්ලති	341
ඉල්ලන	3211
ඉල්ලනව	376
ඉල්ලනවා	2047
ඉල්ලන්	660
ඉල්ලන්න	1969
ඉල්ලන්නෙ	557
ඉල්ලන්නේ	1886
ඉල්ලපු	761
ඉල්ලම්	205
ඉල්ලමි	505
ඉල්ලමින්	2473
ඉල්ලයි	2229
ඉල්ලල	387
ඉල්ලලා	1500
ඉල්ලා	40345
ඉල්ලාගෙන	455
ඉල්ලිම	230
ඉල්ලිමක්	238
ඉල්ලිම්	224
ඉල්ලීම	8334
ඉල්ලීමකට	1029
ඉල්ලීමක්	9315
ඉල්ලීමට	1794
ඉල්ලීම්	7481
ඉල්ලීම්වලට	564
ඉල්ලීමේ	250
ඉල්ලු	274
ඉල්ලුම	1881
ඉල්ලුමක්	1300
ඉල්ලුමට	569
ඉල්ලුම්	3520
ඉල්ලුම්පත්	328
ඉල්ලුව	330
ඉල්ලුවත්	261
ඉල්ලුවා	931
ඉල්ලුවෙ	230
ඉල්ලුවේ	681
ඉල්ලුවොත්	424
ඉල්ලූ	906
ඉල්ලූම	259
ඉල්ලූම්	354
ඉව	1160
ඉවක්	617
ඉවත	2719
ඉවතට	4971
ඉවතලන	291
ඉවත්	44212
ඉවත්කර	1326
ඉවත්කරන	220
ඉවත්කිරීම	409
ඉවත්කිරීමට	266
ඉවත්කොට	262
ඉවත්ව	2387
ඉවත්වන	537
ඉවත්විය	199
ඉවත්වී	505
ඉවත්වීම	574
ඉවත්වීමට	659
ඉවත්වූ	336
ඉවර	21571
ඉවරද	482
ඉවරනේ	362
ඉවරය	271
ඉවරයක්	1913
ඉවරයි	12038
ඉවරයිනෙ	242
ඉවරයිනේ	451
ඉවරවෙන	225
ඉවරවෙලා	1448
ඉවසගෙන	499
ඉවසන	415
ඉවසන්	360
ඉවසන්න	1687
ඉවසන්නට	197
ඉවසල	277
ඉවසලා	481
ඉවසා	1584
ඉවසාගෙන	201
ඉවසිය	470
ඉවසිල්ලක්	389
ඉවසීම	1187
ඉවසීමක්	246
ඉවසීමෙන්	886
ඉවසීමේ	389
ඉවසුම්	198
ඉවසුවා	220
ඉවහල්	2135
ඉවාන්	1328
ඉවුම්	350
ඉවුර	732
ඉවුරට	252
ඉවුරු	656
ඉවුරේ	684
ඉවෙන්	413
ඉවෙන්ට්	290
ඉෂ්ට	1648
ඉෂ්ඨ	1130
ඉෂාන්	349
ඉෂාර	392
ඉස	481
ඉසව්	978
ඉසව්ව	1026
ඉසව්වක්	294
ඉසව්වට	395
ඉසව්වෙන්	259
ඉසව්වේ	635
ඉස්	1315
ඉස්කොලෙ	573
ඉස්කොලේ	998
ඉස්කෝල	1832
ඉස්කෝලයක්	303
ඉස්කෝලවල	300
ඉස්කෝලෙ	8314
ඉස්කෝලෙක	418
ඉස්කෝලෙකට	568
ඉස්කෝලෙට	2135
ඉස්කෝලෙත්	282
ඉස්කෝලෙදි	486
ඉස්කෝලෙන්	1099
ඉස්කෝලෙම	236
ඉස්කෝලේ	8145
ඉස්තරම්	495
ඉස්තාන්බුල්	235
ඉස්තුතියි	207
ඉස්තූතියි	478
ඉස්තෝප්පු	228
ඉස්තෝප්පුවේ	240
ඉස්පාසුවක්	513
ඉස්පිරිතාල	387
ඉස්පිරිතාලෙ	813
ඉස්පිරිතාලෙට	623
ඉස්පිරිතාලේ	783
ඉස්ම	372
ඉස්මත්තට	216
ඉස්මත්තේ	241
ඉස්මතු	3511
ඉස්ලාමය	1577
ඉස්ලාමයට	387
ඉස්ලාමයේ	661
ඉස්ලාම්	9744
ඉස්ලාමික	407
ඉස්ලාමිය	273
ඉස්ලාමීය	3445
ඉස්සන්	513
ඉස්සර	22058
ඉස්සරට	402
ඉස්සරත්	302
ඉස්සරනම්	297
ඉස්සරම	301
ඉස්සරවෙලා	395
ඉස්සරවෙලාම	219
ඉස්සරහ	5741
ඉස්සරහට	8969
ඉස්සරහටත්	560
ඉස්සරහටම	220
ඉස්සරහම	538
ඉස්සරහා	2420
ඉස්සරහින්	1880
ඉස්සරහින්ම	197
ඉස්සල්ලා	216
ඉස්සිලා	210
ඉස්සුවා	421
ඉස්සුවේ	243
ඉස්සෙල්ල	2159
ඉස්සෙල්ලම	2550
ඉස්සෙල්ලා	2194
ඉස්සෙල්ලාම	1689
ඉස්සෝ	255
ඉසිපතන	416
ඉසුර	556
ඉසුරු	1970
ඉසුරුමත්	216
ඉසෙඩ්	679
ඉහ	771
ඉහට	206
ඉහටත්	255
ඉහත	22608
ඉහතදී	1575
ඉහතින්	1279
ඉහල	17800
ඉහලට	2828
ඉහලටම	199
ඉහලම	2049
ඉහලයි	555
ඉහලින්	3299
ඉහලින්ම	851
ඉහවහා	310
ඉහළ	37523
ඉහළගොස්	205
ඉහළට	4261
ඉහළටම	203
ඉහළම	3073
ඉහළයි	508
ඉහළින්	3874
ඉහළින්ම	819
ඉහි	732
ඉහේ	418
ඊගාව	293
ඊගාවට	227
ඊජිප්තු	1708
ඊජිප්තුව	834
ඊජිප්තුවේ	1209
ඊට	99346
ඊටත්	6717
ඊටපස්සෙ	837
ඊටපස්සේ	641
ඊටම	392
ඊතල	530
ඊනියා	9904
ඊමේල්	3737
ඊය	289
ඊයක්	293
ඊයම්	749
ඊයා	454
ඊයෙ	4464
ඊයෙත්	508
ඊයේ	79871
ඊලග	2914
ඊලගට	1268
ඊලඟ	5827
ඊලඟට	2409
ඊලම	217
ඊලම්	465
ඊලාම්	1004
ඊවා	414
ඊස්	333
ඊස්රායලය	330
ඊස්රායල්	328
ඊසාන	762
ඊළග	1480
ඊළගට	1086
ඊළඟ	8922
ඊළඟට	4967
ඊළම	602
ඊළමක්	248
ඊළම්	228
ඊළාම්	2252
උංගෙ	372
උංගේ	238
උංට	359
උඔ	866
උඔට	342
උකසට	205
උකස්	1109
උකහා	842
උක්	828
උක්කුං	230
උක්ත	1808
උකුල	426
උකුලේ	271
උකුවෙල	224
උකුස්සා	201
උකුසු	303
උගත	648
උගත්	6373
උගත්කම	442
උගත්තු	534
උගතුන්	1890
උගතුන්ගේ	315
උගතුන්ට	308
උගතෙක්	274
උගන්නන	762
උගන්නනවා	295
උගන්නන්න	1011
උගන්නපු	719
උගන්නලා	311
උගන්වන	2012
උගන්වනවා	448
උගන්වන්න	1097
උගන්වන්නට	198
උගන්වන්නේ	560
උගන්වනු	278
උගන්වපු	304
උගන්වයි	380
උගන්වා	628
උගසට	200
උගස්	479
උගහටය	200
උග්ගල්	668
උගුර	1108
උගුරක්	536
උගුරට	438
උගුරු	333
උගුරෙන්	242
උගුරේ	536
උගුල	312
උගුලක	201
උගුලකට	203
උගුලක්	376
උගුලට	307
උගුල්	575
උගුලෙන්	274
උගෙ	2079
උගෙන	436
උගෙන්	475
උගේ	6411
උච්ච	881
උච්චතම	406
උච්චාරණය	942
උචිත	2066
උජාරුවට	247
උජාරුවෙන්	446
උට	587
උඩ	26802
උඩගෙඩි	458
උඩඟු	280
උඩට	6885
උඩටම	357
උඩදි	539
උඩදී	478
උඩම	906
උඩයි	225
උඩරට	5233
උඩවත්ත	357
උඩවලව	981
උඩහ	286
උඩහට	251
උඩිං	393
උඩින්	10005
උඩින්ම	1050
උඩු	3432
උඩුකය	630
උඩුගං	229
උඩුගත	254
උඩුගම	850
උඩුදුම්බර	247
උඩුයටිකුරු	262
උඩුවේ	561
උණ	5700
උණක්	503
උණත්	863
උණවටුන	294
උණ්ඩ	2064
උණ්ඩය	203
උණ්ඩයක්	272
උණා	1296
උණාට	261
උණු	3993
උණුවතුර	290
උණුසුම	2555
උණුසුමක්	270
උණුසුමට	244
උණුසුම්	9939
උණුසුම්කාරී	243
උණුහුම	452
උණුහුමට	205
උණේ	497
උත්කර්ශවත්	238
උත්කර්ෂයට	437
උත්කර්ෂවත්	902
උත්තම	1445
උත්තමයා	217
උත්තමාචාර	316
උත්තමාචාරය	340
උත්තර	14794
උත්තරත්	204
උත්තරය	1878
උත්තරයක්	3678
උත්තරා	224
උත්තරීතර	1565
උත්තරේ	3576
උත්තේජක	628
උත්තේජන	205
උත්තේජනය	833
උත්තේජනයක්	426
උත්ථානය	225
උත්පත්ති	965
උත්පත්තිය	419
උත්පලා	427
උත්පාදන	330
උත්පාදනය	1296
උත්සන්න	1970
උත්සව	6977
උත්සවය	9878
උත්සවයක	341
උත්සවයකට	2844
උත්සවයකදී	1180
උත්සවයක්	3013
උත්සවයකින්	764
උත්සවයට	3689
උත්සවයෙන්	282
උත්සවයේ	1740
උත්සවයේදී	791
උත්සවවලට	226
උත්සවාකාරයෙන්	389
උත්සවේ	646
උත්සවේට	267
උත්සහ	7987
උත්සහය	957
උත්සහයක්	851
උත්සහා	1056
උත්සාහ	27204
උත්සාහක	369
උත්සාහය	5185
උත්සාහයක	1174
උත්සාහයක්	3647
උත්සාහයකි	260
උත්සාහයට	624
උත්සාහයන්	1305
උත්සාහයෙන්	507
උත්සාහයේ	469
උත්සාහා	216
උත්සුක	1265
උත්සුකයන්	299
උතුමන්	507
උතුම්	8435
උතුම්ම	418
උතුමා	266
උතුර	5816
උතුරට	1661
උතුරන	455
උතුරා	1018
උතුරින්	642
උතුරු	26115
උතුරුමැද	1876
උතුරෙ	315
උතුරෙන්	556
උතුරේ	10045
උද	269
උදක්ම	319
උදම්	1231
උදය	4529
උදයංග	727
උදයකාන්ත	259
උදයන්	415
උදයේ	469
උදර	332
උදරය	423
උදරයේ	343
උදලු	281
උදව්	14405
උදව්ව	439
උදව්වක්	3992
උදව්වට	821
උදව්වෙන්	438
උදවිය	4986
උදවියගේ	280
උදවියට	1092
උදවියත්	363
උදවු	3889
උදවුවක්	669
උදහසට	349
උදහස්	599
උද්ගත	1178
උද්ගතව	704
උද්ගෝෂණ	239
උද්ඝෝෂකයන්	242
උද්ඝෝෂකයින්	217
උද්ඝෝෂණ	3144
උද්ඝෝෂණය	2008
උද්ඝෝෂණයක	873
උද්ඝෝෂණයක්	1631
උද්ඝෝෂණයට	672
උද්ඝෝෂණයේ	722
උද්ඝෝෂන	453
උද්ඝෝෂනය	891
උද්ඝෝෂනයක්	269
උද්ඝෝෂනයට	239
උද්ඝෝෂනයේ	293
උද්දච්ච	211
උද්දාමයට	280
උද්දීපනය	379
උද්ධමන	257
උද්ධමනය	1351
උද්භිද	1211
උද්යෝගයෙන්	213
උද්වේගකර	257
උදා	10888
උදාකර	757
උදාන	618
උදානය	298
උදාර	1977
උදාරි	482
උදාව	856
උදාවත්	254
උදාවන	1059
උදාවන්නේ	221
උදාවනු	292
උදාවිය	461
උදාවී	849
උදාවූ	354
උදාවෙන	252
උදාවෙයි	222
උදාවෙලා	302
උදාවේ	487
උදාසීන	632
උදාහරණ	5174
උදාහරණය	1791
උදාහරණයකට	862
උදාහරණයක්	9427
උදාහරණයකි	580
උදාහරණයකින්	198
උදාහරණයට	285
උදාහරන	538
උදාහරනයක්	964
උදැල්ල	318
උදැසන	874
උදෑසන	16742
උදෑසනක	212
උදෑසනක්	447
උදෑසනම	549
උදිත	775
උදුර	214
උදුරා	1494
උදුරාගෙන	356
උදුල්	372
උදෙන්	248
උදෙන්ම	1284
උදෙසා	13347
උදෙසාම	277
උදෙසාය	361
උදේ	20762
උදේට	4463
උදේනි	383
උදේම	2681
උන	12997
උනත්	34696
උනන	248
උනනවා	199
උනන්දු	3688
උනන්දුයි	262
උනන්දුව	2199
උනන්දුවක්	3884
උනන්දුවකින්	372
උනන්දුවෙන්	1447
උනහම	1091
උන්	50550
උන්ගෙන්	1096
උන්ගේ	6901
උන්ට	14447
උන්ටත්	1106
උන්ටම	270
උන්ද	432
උන්දලා	407
උන්දැ	1425
උන්දැගෙ	401
උන්දැගේ	276
උන්දැට	668
උන්දැලා	237
උන්දෑ	1187
උන්න	2135
උන්නට	307
උන්නත්	493
උන්නතිය	780
උන්නතියට	231
උන්නද	299
උන්නා	2697
උන්නාන්සෙ	230
උන්නාන්සේ	509
උන්නාය	234
උන්නැහැ	299
උන්නැහෙ	262
උන්නැහේ	2384
උන්නැහේගේ	308
උන්නැහේට	435
උන්නු	2154
උන්නෙ	1421
උන්නෙමි	343
උන්නේ	2779
උන්නේය	403
උන්ම	314
උන්මාද	404
උන්මාදය	344
උන්ය	254
උන්ව	1891
උන්වහන්සේ	9444
උන්වහන්සේගේ	2471
උන්වහන්සේට	1394
උන්වහන්සේලා	533
උන්හිටි	251
උනා	44345
උනාට	14876
උනාද	2298
උනානං	414
උනානම්	1362
උනානෙ	666
උනානේ	1188
උනාම	6954
උනාය	358
උනාලු	723
උනි	208
උනු	2533
උනුත්	2168
උනුන්	375
උනුයි	199
උනුසුම	288
උනුසුම්	817
උනෙ	783
උනෙත්	998
උනෙමි	281
උනේ	29782
උනේය	488
උනොත්	7693
උඳු	228
උඳුවප්	555
උප	9933
උපකරණ	11376
උපකරණජංගම	349
උපකරණපරිගණක	357
උපකරණය	1135
උපකරණයක්	1368
උපකරණයකි	206
උපකරණරු	1659
උපකරන	829
උපකරනයක්	240
උපකල්පන	481
උපකල්පනය	2104
උපකල්පනයක්	225
උපකාර	5079
උපකාරක	1802
උපකාරය	384
උපකාරයක්	965
උපකාරයෙන්	248
උපකාරි	285
උපකාරී	1794
උපකුලපති	824
උපකුලපතිවරයා	274
උපත	6517
උපතක්	654
උපත්	2145
උපතින්	1176
උපතින්ම	972
උපතිස්ස	498
උපතේ	396
උපතේදී	266
උපදවන	819
උපදවයි	250
උපදවා	979
උපදින	2237
උපදිනවා	371
උපදින්න	360
උපදින්නට	249
උපදින්නේ	701
උපදියි	478
උපදී	580
උපදීද	520
උපදෙස	400
උපදෙසක්	801
උපදෙස්	24838
උපදෙස්වලට	197
උපදේශ	294
උපදේශක	3955
උපදේශකයන්	355
උපදේශකයින්	247
උපදේශකයෙකු	256
උපදේශකවරයා	228
උපදේශකවරුන්	243
උපදේශන	1408
උපදේශනය	467
උපදේශය	272
උපදේශයක්	252
උපන්	16816
උපන්දා	386
උපන්දින	1244
උපන්දිනක්	231
උපන්දිනය	1265
උපන්දිනයක්	1846
උපන්දිනයට	295
උපන්දිනේ	735
උපන්දිනේට	312
උපන්න	299
උපන්නා	280
උපන්නෙමි	197
උපන්නේ	884
උපන්නේය	270
උපමා	1598
උපමාව	347
උපමාවක්	277
උපයන	1771
උපයන්න	545
උපයා	2451
උපයාගත්	504
උපයාගෙන	329
උපයෝගි	977
උපයෝගිතා	295
උපයෝගී	4548
උපයෝගීතා	315
උපයෝජනය	298
උපරිම	11748
උපරිමය	902
උපරිමයට	335
උපරිමයි	1219
උපරිමයෙන්	1568
උපරිමයෙන්ම	204
උපරිමෆිල්ටරයන්	654
උපරිමෙන්	209
උපවාස	953
උපවාසය	1650
උපවාසයක	351
උපවාසයක්	742
උපවාසයට	272
උපවාසයේ	685
උපශාන්ත	522
උපසම්පදා	516
උපසම්පදාව	404
උපස්ථාන	627
උපසිරස	344
උපසිරසි	2297
උපසිරැසි	7703
උපසිරැසිය	524
උපසිරැසියක්	244
උපසිරැසියට	526
උපහාර	2075
උපහාරය	521
උපහාරයක්	443
උපහාස	450
උපහාසය	397
උපහාසයට	554
උපහාසයෙන්	218
උපහාසාත්මක	359
උප්පත්තිය	230
උප්පැන්න	866
උපාංග	3117
උපාංගය	500
උපාංගයක්	455
උපාංගරු	7156
උපාදාන	490
උපාදානය	407
උපාදි	216
උපාධි	6345
උපාධිධාරින්	206
උපාධිධාරී	846
උපාධිධාරීන්	1374
උපාධිධාරීන්ගේ	305
උපාධිධාරීන්ට	464
උපාධිය	4093
උපාධියක්	2126
උපාධියට	426
උපාධියේ	225
උපාමාරු	197
උපාය	2708
උපායක්	406
උපායමාර්ග	355
උපායමාර්ගික	365
උපාලි	2644
උපාසක	2004
උපාසිකා	228
උපැස්	393
උපුටනය	305
උපුටා	8748
උපුටාගත්	286
උපුටාගැනීම	274
උපුටාගැනීම්	211
උපුල්	3005
උපේක්ෂා	1099
උපේක්ෂාවෙන්	490
උබ	6768
උබට	2831
උබටත්	240
උබත්	565
උබල	863
උබලගෙ	260
උබලගේ	414
උබලට	601
උබලා	913
උබව	385
උබුන්ටු	1865
උබෙ	355
උබේ	2326
උභය	489
උමං	1291
උමග	284
උමතු	1074
උමතුව	321
උමතුවෙන්	250
උම්බලකඩ	444
උම්බෑ	294
උම්මා	791
උමා	964
උමාලි	200
උඹ	40867
උඹගෙ	333
උඹගේ	784
උඹට	15983
උඹටත්	1290
උඹටම	198
උඹත්	3010
උඹද	204
උඹම	487
උඹයි	555
උඹල	3251
උඹලගෙ	1020
උඹලගේ	1265
උඹලට	2563
උඹලත්	411
උඹලව	266
උඹලා	4842
උඹලාගේ	334
උඹලාට	374
උඹලෑ	274
උඹව	2457
උඹෙ	1186
උඹෙන්	437
උඹේ	11032
උයන	2766
උයනට	331
උයනවා	240
උයන්	690
උයන්ගොඩ	252
උයන්න	1244
උයනේ	950
උයපු	235
උයල	460
උයලා	660
උයා	657
උයාගෙන	263
උර	1407
උරග	234
උරගා	370
උරණ	712
උරන	319
උරන්න	288
උරහිස	574
උරහිසට	472
උරහිස්	425
උරහිසේ	303
උරා	1473
උරුගුවේ	199
උරුම	4680
උරුමකම්	787
උරුමය	7510
උරුමයක්	1180
උරුමයට	511
උරුමයන්	1036
උරුමයෙන්	369
උරුමයේ	1996
උල	483
උලපනේ	202
උලමා	487
උල්	1474
උල්කාපාත	399
උල්පත	702
උල්පතක්	296
උල්පත්	618
උල්පන්දම්	200
උල්ලංගණය	474
උල්ලංගනය	484
උල්ලංඝණය	1312
උල්ලංඝනය	4723
උලා	437
උලුප්පා	322
උලෙල	287
උලෙළ	695
උලෙළේ	361
උව	208
උවත්	968
උවද	664
උවදුර	792
උවදුරු	491
උවමනා	4240
උවමනායි	662
උවමනාව	1676
උවමනාවක්	2607
උවමනාවට	675
උවමනාවන්	570
උවමනාවෙන්	507
උවමනාවෙන්ම	273
උෂ්ණ	280
උෂ්ණත්ව	475
උෂ්ණත්වය	3702
උෂ්ණත්වයක්	260
උෂ්ණත්වයේ	197
උෂ්නත්වය	211
උෂාන්	289
උස	6686
උසකින්	436
උසට	1684
උසම	1254
උසයි	482
උසස්	29381
උසස්පෙල	320
උසස්පෙළ	1040
උසස්ම	562
උසස්වීමක්	219
උසස්වීම්	1177
උස්	3298
උස්ව	283
උස්ස	301
උස්සං	340
උස්සගෙන	1858
උස්සන	451
උස්සනවා	241
උස්සන්	1246
උස්සන්න	831
උස්සපු	386
උස්සල	1041
උස්සලා	1725
උස්සා	718
උස්සාගෙන	460
උසාවි	2792
උසාවිය	1390
උසාවියට	1297
උසාවියෙන්	477
උසාවියේ	897
උසැති	375
උසි	311
උසින්	1084
උසුලන	482
උසුලයි	285
උසුළු	236
උසේන්	283
උහන	318
උහු	211
උහුලන්න	220
උළලේ	226
උළු	825
උළෙල	7878
උළෙලක්	969
උළෙලට	2040
උළෙලවල්	243
උළෙලේ	3409
උළෙලේදී	1185
ඌගේ	387
ඌට	6755
ඌටත්	381
ඌණ	306
ඌත්	1410
ඌන	582
ඌයි	237
ඌරන්	589
ඌරා	782
ඌරු	1588
ඌරෙක්	292
ඌරො	247
ඌරෝ	227
ඌව	9280
ඌවට	228
ඌවේ	857
ඍජු	1836
ඍජුව	1059
ඍජුවම	829
ඍණ	301
ඍතු	255
ඍතුව	227
එ	16175
එංගලන්ත	2845
එංගලන්තය	2425
එංගලන්තයට	1030
එංගලන්තයෙන්	235
එංගලන්තයේ	3440
එංගලන්තයේදී	252
එංගලන්තෙ	449
එංගලන්තේ	558
එංගල්ස්	338
එක	491217
එකක	14179
එකකට	12534
එකකටත්	301
එකකටම	657
එකකටවත්	370
එකකත්	210
එකකදි	431
එකකදී	343
එකකම	794
එකකවත්	300
එකක්	219911
එකක්ද	2937
එකක්නම්	262
එකක්නෙ	513
එකක්නේ	638
එකක්ම	3017
එකක්ය	619
එකක්යැ	488
එකක්ලු	221
එකක්වත්	3561
එකකි	5136
එකකින්	7032
එකකින්ම	295
එකකු	261
එකකුත්	6012
එකකුයි	1101
එකග	1786
එකගතාවය	213
එකගයි	910
එකඟ	10267
එකඟත්වය	782
එකඟත්වයකට	206
එකඟත්වයක්	288
එකඟතා	502
එකඟතාව	1129
එකඟතාවකට	515
එකඟතාවක්	522
එකඟතාවය	763
එකඟතාවයකට	483
එකඟතාවයක්	426
එකඟයි	3629
එකඟව	773
එකඟවූ	211
එකට	85468
එකටත්	3299
එකටද	451
එකටනම්	227
එකටම	3542
එකටය	231
එකටයි	1023
එකටවත්	273
එකත්	23465
එකත්පසෙක	284
එකතැන	520
එකතු	44254
එකතුකර	510
එකතුව	5404
එකතුවක්	2118
එකතුවකි	384
එකතුවට	353
එකතුවන	537
එකතුවී	773
එකතුවෙන	407
එකතුවෙන්	472
එකතුවෙන්න	438
එකතුවෙලා	2766
එකතුවේ	428
එකතූන්	220
එකද	2891
එකදිගට	428
එකදු	1066
එකනං	513
එකනම්	2868
එකනෙ	1155
එකනේ	2614
එකපාර	862
එකපාරක්	657
එකපාරට	714
එකපාරටම	2400
එකපාරම	393
එකම	54428
එකමත්	771
එකමයි	721
එකමුතු	832
එකමුතුකම	215
එකමුතුව	2254
එකමුතුවක්	249
එකමුතුවෙන්	229
එකමුතුවේ	633
එකය	1625
එකයි	22652
එකල	8728
එකලස්	812
එකල්හි	1865
එකලු	476
එකවගේ	246
එකවත්	989
එකවර	3516
එකවරම	1278
එකවිට	382
එකවුන්ට්	1374
එකසත්	244
එකසිය	2387
එකසේ	818
එකහමාරක	391
එකහමාරකට	449
එකහමාරක්	836
එකහෙලා	233
එකළ	629
එක්	97981
එක්ක	104898
එක්කං	489
එක්කගෙන	1378
එක්කත්	3115
එක්කද	458
එක්කන්	1677
එක්කම	12871
එක්කමයි	353
එක්කයි	935
එක්කර	1633
එක්කරගෙන	554
එක්කරන	232
එක්කරන්න	345
එක්කරමින්	275
එක්කල	610
එක්කලා	721
එක්කවත්	467
එක්කහු	537
එක්කළ	245
එක්කාසු	661
එක්කිරීමට	214
එක්කෙනයි	258
එක්කෙනා	2102
එක්කෙනාගෙ	212
එක්කෙනාගේ	299
එක්කෙනාට	649
එක්කෙනෙක්	3951
එක්කෙනෙක්ට	253
එක්කෙනෙක්වත්	203
එක්කෙනෙකුට	382
එක්කො	1957
එක්කොට	427
එක්කෝ	5237
එක්කෝටි	459
එක්තරා	11590
එක්තැන්	548
එක්දරු	449
එක්දහස්	955
එක්දාස්	342
එක්දින	4945
එක්නැලිගොඩ	1233
එක්නැළිගොඩ	268
එක්රැස්	1524
එක්ලක්ෂ	935
එක්ව	22633
එක්වන	2297
එක්වනවා	221
එක්වන්න	632
එක්වන්නේ	340
එක්වනු	343
එක්වයි	218
එක්වරක්	367
එක්වරම	2217
එක්විය	1445
එක්වී	2524
එක්වීම	1060
එක්වීමට	1542
එක්වීමෙන්	464
එක්වීමේ	234
එක්වු	359
එක්වුණා	1560
එක්වූ	3190
එක්වූයේ	286
එක්වූහ	391
එක්වෙන්න	213
එක්වෙමින්	14248
එක්වෙමිනි	846
එක්වෙමිනුයි	1226
එක්වෙමු	260
එක්වෙයි	487
එක්වෙලා	246
එක්වේ	328
එක්සත්	71799
එක්සත්ව	206
එක්ස්	1533
එක්ස්පී	259
එක්ස්පීරියන්ස්	210
එක්සෑම්	424
එක්සෙල්	324
එක්සේසත්	565
එකා	15164
එකාගෙ	820
එකාගෙන්	278
එකාගේ	1704
එකාට	4174
එකාටත්	341
එකාටම	536
එකාත්	296
එකාද	214
එකානේ	237
එකාබද්ධ	272
එකාම	1398
එකාව	799
එකාවන්ව	325
එකින්	2822
එකිනෙක	3418
එකිනෙකට	3567
එකිනෙකා	4395
එකිනෙකාගෙන්	293
එකිනෙකාගේ	952
එකිනෙකාට	2239
එකිනෙකින්	369
එකියක්	493
එකී	9974
එකෙ	3666
එකෙං	344
එකෙක්	19291
එකෙක්ගෙ	251
එකෙක්ගෙන්	202
එකෙක්ගේ	329
එකෙක්ට	1206
එකෙක්ටවත්	222
එකෙක්ද	388
එකෙක්ව	387
එකෙක්වත්	1638
එකෙකි	346
එකෙකු	997
එකෙකුගේ	207
එකෙකුට	1689
එකෙකුටවත්	372
එකෙකුත්	257
එකෙත්	2876
එකෙන්	31157
එකෙන්ද	208
එකෙන්ම	2086
එකෙනුත්	664
එකෙයි	839
එකෙහි	747
එකේ	103147
එකේද	424
එකේදි	2146
එකේදී	1642
එකේම	1912
එකොලහ	226
එකොලොස්	241
එකොළහ	309
එකොළහක්	227
එකොළොස්	460
එකෝ	210
එකෝමත්	571
එගොඩ	886
එච්	10302
එච්චර	8513
එච්චරට	209
එච්චරටම	405
එච්චරම	1347
එච්චරයි	3334
එජ	1194
එජනිස	628
එජ්	282
එජා	289
එජාප	6677
එජාපය	3473
එජාපයට	1544
එජාපයෙන්	536
එජාපයේ	1828
එජාපෙ	217
එට්කා	755
එටිසලාට්	332
එඩ්වඩ්	1272
එඩ්වර්ඩ්	297
එඩ්වින්	288
එඩිට්	733
එඩිතර	792
එඩිසන්	294
එඩී	235
එත	471
එතකං	287
එතකන්	703
එතකම්	255
එතකල්	274
එතකොට	40030
එතකොටත්	471
එතකොටම	1154
එතකොටයි	793
එතන	13616
එතනට	3597
එතනත්	650
එතනම	1249
එතනයි	302
එතනිං	311
එතනින්	6690
එතනින්ම	252
එතනෝල්	726
එතරම්	10208
එතරම්ම	1184
එත්	12943
එතැන	4476
එතැනට	2355
එතැනදි	361
එතැනදී	1164
එතැනම	378
එතැන්	3711
එතැනින්	3145
එතැයි	254
එති	759
එතී	282
එතුමට	241
එතුමන්	1554
එතුමන්ගේ	659
එතුමන්ට	402
එතුමා	11413
එතුමාගෙ	231
එතුමාගෙන්	208
එතුමාගේ	3117
එතුමාට	2171
එතුමාව	317
එතුමිය	657
එතුලින්	203
එතෙක්	3749
එතෙන්ට	614
එතෙර	1620
එද	298
එදත්	2101
එදවස	668
එද්දි	2834
එද්දී	2201
එදා	46754
එදාට	4027
එදාටත්	315
එදාත්	311
එදාම	665
එදායින්	657
එදින	6630
එදිනට	1263
එදිනම	1170
එදිනෙදා	4246
එදිරිව	489
එදිරිවීර	650
එදිරිසිංහ	2026
එදිරිසිංහගේ	251
එදෙස	318
එන	61752
එනකං	1127
එනකන්	1719
එනකම්	2331
එනකම්ම	224
එනකල්	1437
එනකොට	6743
එනකොටත්	254
එනකොටම	364
එනතුරා	216
එනතුරු	1944
එනතෙක්	427
එනම්	25326
එනමි	225
එනමුත්	1876
එනමුදු	1039
එනයින්	660
එනව	5765
එනවට	444
එනවද	1982
එනවනම්	427
එනවනෙ	241
එනවනේ	530
එනවයි	213
එනවලු	783
එනවා	24420
එනවාද	288
එනවානම්	239
එනවාය	306
එනවිට	922
එනවෝ	243
එනසාල්	215
එන්	11147
එන්ජින්	2861
එන්ජිම	1915
එන්ජිමක්	697
එන්ජිමේ	557
එන්ජීඕ	351
එන්ට	1627
එන්ටම	242
එන්ටර්	726
එන්ඩ	1404
එන්ඩ්	334
එන්න	48014
එන්නං	866
එන්නකො	371
එන්නකෝ	829
එන්නට	4173
එන්නත	823
එන්නතක්	481
එන්නත්	2649
එන්නද	446
එන්නන්	249
එන්නම	1673
එන්නම්	4409
එන්නම්කෝ	308
එන්නයි	480
එන්නා	283
එන්නැයි	359
එන්නෑ	207
එන්නෙ	7996
එන්නෙත්	897
එන්නෙම	323
එන්නේ	18157
එන්නේය	244
එන්සයිම	261
එනිසා	5476
එනිසාම	792
එනිසාය	218
එනු	2908
එනෝ	287
එප	198
එපමණ	304
එපමණක්	2883
එපමණකි	214
එපමණයි	356
එපමනක්	289
එපයි	307
එපරිද්දෙන්ම	418
එප්පාවල	571
එපා	67103
එපාකම්	515
එපාද	311
එපාම	736
එපාය	1373
එපායැ	1125
එපායෑ	254
එපාලු	198
එපාවෙලා	335
එපැයි	3494
එපෑ	608
එපිට	1269
එපිටට	296
එපිටින්	560
එපිසෝඩ්	269
එපීස	390
එපෝ	470
එබදු	509
එබඳු	3393
එබස්	242
එබැවින්	10842
එබැවිනි	1267
එබිකම්	465
එබිලා	364
එබී	1015
එබුවා	272
එබෙන	201
එබෝලා	428
එම	237009
එමගින්	8366
එමඟින්	2682
එමට	734
එමටය	332
එමටයි	700
එමනිසා	1838
එම්	29018
එම්බා	404
එම්බාම්	282
එමා	212
එමි	732
එමින්	1673
එමිරේට්ස්	384
එමිල්	431
එමීර්	818
එමු	882
එමෙන්	2511
එමෙන්ම	28498
එය	201159
එයගෙ	220
එයට	28522
එයටත්	421
එයටද	233
එයටම	385
එයත්	4164
එයද	2523
එයම	1458
එයමය	289
එයයි	4954
එයා	43332
එයාගෙ	8114
එයාගෙන්	1033
එයාගෙම	292
එයාගේ	10568
එයාට	14896
එයාටත්	865
එයාටම	254
එයාටෙල්	201
එයාත්	320
එයාපෝට්	296
එයාම	575
එයාර්	2071
එයාල	4454
එයාලගෙ	1691
එයාලගෙන්	197
එයාලගේ	2411
එයාලට	3460
එයාලටත්	284
එයාලත්	646
එයාලව	543
එයාලා	4681
එයාලාගේ	263
එයාලාට	247
එයාව	4391
එයාවත්	263
එයි	7636
එයිට	774
එයිද	795
එයින්	20193
එයින්ම	280
එයිනුත්	620
එරංග	402
එරට	10074
එරටට	534
එරටින්	463
එරන්ද	248
එරබදු	307
එරාන්	247
එරාවුර්	249
එරික්	1204
එරිකෝ	336
එරෙහි	18272
එරෙහිව	46141
එරෙහිවත්	209
එරෙහිවය	282
එරෙහිවයි	384
එල	11995
එලකිරි	1266
එලටම	273
එලබෙන	216
එලම	746
එලඹ	300
එලඹෙන	562
එලව	394
එලවන	506
එලවනවා	217
එලවන්න	806
එලවලා	316
එලවලු	637
එලවළු	345
එලවා	813
එලස්	250
එල්	16515
එල්ටීටීඊ	2405
එල්ටීටීඊය	726
එල්ටීටීඊයට	390
එල්ටීටීඊයේ	297
එල්බ	342
එල්ල	34323
එල්ලකර	271
එල්ලගෙන	698
එල්ලන	256
එල්ලන්	199
එල්ලන්න	391
එල්ලය	374
එල්ලල	267
එල්ලලා	708
එල්ලවන	1115
එල්ලවිය	227
එල්ලවී	1828
එල්ලවූ	1234
එල්ලා	2131
එල්ලාගෙන	343
එල්ලාවල	459
එල්ලි	233
එල්ලිලා	1918
එල්ලී	1660
එල්ලුනා	224
එල්ලුම්	459
එල්ලෙන	564
එල්ලෙන්න	338
එල්ලේ	2430
එලා	376
එලාම්	434
එලි	2712
එලිදරව්	445
එලිපිට	386
එලිය	2663
එලියක්	385
එලියට	13554
එලියෙ	705
එලියෙන්	503
එලියේ	881
එලිසබෙත්	493
එලෙස	9054
එලෙසම	2697
එලෙසය	227
එලෙසින්	553
එලෙසින්ම	813
එලෙසිනි	207
එලොව	461
එලෝ	226
එව	768
එවක	2091
එවකට	7806
එවගේම	293
එවන	2840
එවනවා	788
එවන්	10315
එවන්න	2939
එවන්නම්	611
එවන්නෙ	211
එවන්නේ	463
එවනු	388
එවපන්	198
එවපු	943
එවයි	289
එවර	663
එවරස්ට්	432
එවල	748
එවලා	1029
එව්ව	2603
එව්වට	684
එව්වත්	387
එව්වා	4883
එව්වෙ	231
එව්වේ	821
එව්වො	309
එව්වෝ	242
එවා	4587
එවාට	211
එවැන්නකට	213
එවැන්නක්	2591
එවැන්නකි	240
එවැන්නන්	256
එවැනි	30870
එවැනිම	1224
එවිට	14909
එවිටම	203
එවිටය	332
එවිටයි	310
එවිය	296
එවීම	367
එවීමට	496
එවුං	936
එවුන්	9922
එවුන්ගෙ	292
එවුන්ගෙන්	248
එවුන්ගේ	736
එවුන්ට	3107
එවුන්ටත්	266
එවුන්ව	292
එවුනුත්	639
එවුවා	533
එවූ	1099
එවෙලෙ	308
එවෙලෙම	258
එවෙලේ	645
එවෙලේම	366
එවේලෙහි	206
එසප	196
එසමයෙහි	602
එසවීම	409
එසවීමට	345
එසවූ	237
එස්	29336
එස්සී	482
එසැණ	218
එසැණින්	340
එසැනින්	650
එසේ	55543
එසේත්	2714
එසේනම්	2272
එසේම	25655
එසේමය	1072
එසේමයි	327
එසේය	1619
එහ	219
එහම	800
එහා	12351
එහාට	5405
එහායින්	779
එහි	128697
එහිද	328
එහිදි	2736
එහිදී	40749
එහිදීද	203
එහිම	939
එහිලා	249
එහෙ	5290
එහෙං	349
එහෙක	583
එහෙකට	621
එහෙකුත්	251
එහෙට	1515
එහෙත්	72576
එහෙදි	455
එහෙනං	5952
එහෙනන්	321
එහෙනම්	24801
එහෙන්	2196
එහෙම	128689
එහෙමට	415
එහෙමත්	10499
එහෙමද	2672
එහෙමනං	443
එහෙමනම්	1899
එහෙමනෙ	256
එහෙමනේ	406
එහෙමම	2405
එහෙමමයි	806
එහෙමය	621
එහෙමයි	8237
එහෙමවත්	373
එහෙම්	289
එහෙම්ම	599
එහෙම්මම	938
එහෙයි	319
එහෙයින්	5024
එහෙයින්ම	223
එහෙයිනි	820
එහෙව්	1942
එහෙවු	311
එහේ	2915
එහේම	360
එළ	5768
එළකිරි	2154
එළදෙන	226
එළම	331
එළඹ	1697
එළඹි	525
එළඹිය	281
එළඹී	312
එළඹීම	401
එළඹීමට	607
එළඹුණු	269
එළඹෙන	3594
එළඹෙන්නේ	254
එළවන	238
එළවන්න	261
එළවලු	1278
එළවළු	3565
එළවා	791
එළාර	856
එළැඹ	500
එළැඹි	364
එළැඹීමට	209
එළැඹෙන	1481
එළි	4912
එළිදක්වන	287
එළිදක්වා	237
එළිදකී	269
එළිදරව්	838
එළිදැක්වීම	579
එළිදැක්වීමට	340
එළිදැක්වීමේ	400
එළිදැක්වූ	198
එළිපිට	635
එළිපිටම	277
එළිපෙහෙළි	247
එළිමහන්	941
එළිමහනේ	396
එළිය	5688
එළියක්	1156
එළියට	12177
එළියෙ	576
එළියෙන්	1216
එළියේ	2010
එළිවෙන	244
එළිසබෙත්	342
එළු	593
එළුවන්	402
එළුවා	273
එෆ්	5470
ඒ	946049
ඒක	149747
ඒකක	4624
ඒකකය	8507
ඒකකයක්	1615
ඒකකයට	1322
ඒකකයේ	4184
ඒකක්	728
ඒකට	27937
ඒකටත්	2034
ඒකටම	424
ඒකත්	13578
ඒකද	497
ඒකනං	354
ඒකනම්	1501
ඒකනායක	2350
ඒකනෙ	1891
ඒකනේ	3339
ඒකපුද්ගල	213
ඒකම	1861
ඒකමතික	439
ඒකමතිකව	665
ඒකමයි	555
ඒකය	198
ඒකයි	10269
ඒකරාශි	346
ඒකරාශී	908
ඒකල	404
ඒකවත්	327
ඒක්	531
ඒක්ක	209
ඒකා	1706
ඒකාකාරී	711
ඒකාට	205
ඒකාධිකාරය	288
ඒකාධිපති	2134
ඒකාධිපතිත්වය	203
ඒකාධිපතියෙක්	200
ඒකාන්ත	312
ඒකාන්තයෙන්	727
ඒකාන්තයෙන්ම	239
ඒකාබද්ද	405
ඒකාබද්ධ	16041
ඒකාබද්ධතා	561
ඒකාබද්ධව	1117
ඒකායන	550
ඒකාලෙ	537
ඒකාලේ	850
ඒකාලෝක	237
ඒකි	2214
ඒකිගෙ	369
ඒකිගේ	469
ඒකිට	889
ඒකිත්	209
ඒකියන්නේ	239
ඒකිව	427
ඒකීය	2447
ඒකීයත්වය	207
ඒකීයභාවය	409
ඒකෙ	11307
ඒකෙං	208
ඒකෙත්	1290
ඒකෙදි	500
ඒකෙන්	8283
ඒකෙන්ම	337
ඒකෙනුත්	439
ඒකෙම	240
ඒකේ	7234
ඒගැන	516
ඒගොල්ල	242
ඒගොල්ලන්ගේ	284
ඒගොල්ලන්ට	382
ඒගොල්ලො	484
ඒගොල්ලෝ	594
ඒජන්ත	310
ඒජන්සි	445
ඒජන්සිය	869
ඒජන්සියේ	269
ඒජ්	209
ඒඩ්ස්	1652
ඒත	476
ඒතරම්	558
ඒත්	123689
ඒත්තු	1428
ඒදා	268
ඒන	204
ඒනිසා	947
ඒපා	212
ඒපාර	295
ඒම	4930
ඒමක්	261
ඒමට	6058
ඒමත්	285
ඒමයි	264
ඒමෙන්	458
ඒමේ	978
ඒය	577
ඒයා	247
ඒයි	1528
ඒරියා	455
ඒලෙවල්	324
ඒව	10145
ඒවගෙ	449
ඒවගෙන්	382
ඒවගේ	2166
ඒවගේම	3118
ඒවට	4284
ඒවටත්	347
ඒවත්	3033
ඒවද	218
ඒවන	252
ඒවයි	319
ඒවයින්	745
ඒවයෙ	736
ඒවයේ	661
ඒවල	226
ඒවා	81303
ඒවාගේ	392
ඒවාට	8223
ඒවාත්	641
ඒවාද	669
ඒවානම්	223
ඒවාය	969
ඒවායි	368
ඒවායින්	2365
ඒවායෙ	211
ඒවායෙන්	555
ඒවායෙහි	539
ඒවායේ	8736
ඒවි	1469
ඒවිද	272
ඒවුනාට	225
ඒෂියා	365
ඒසී	382
ඒසේ	302
ඒහා	218
ඒහි	318
ඒහෙම	404
ඓතිහාසික	10792
ඓතිහාසිකව	491
ඔක	1144
ඔකට	211
ඔකඳ	267
ඔක්	24406
ඔක්කම	416
ඔක්කාරය	211
ඔක්කොගෙම	264
ඔක්කොටම	2626
ඔක්කොම	27674
ඔක්කොමත්	643
ඔක්කොමල	356
ඔක්කොමලා	342
ඔක්කෝටම	878
ඔක්කෝම	3869
ඔක්ටේන්	447
ඔක්තොම්බර්	586
ඔක්තෝබරයේ	319
ඔක්තෝබර්	10609
ඔක්තෝම්බර්	2601
ඔක්සයිඩ්	234
ඔක්ස්ෆර්ඩ්	395
ඔක්සිජන්	1648
ඔකේ	550
ඔච්චම්	312
ඔච්චර	3486
ඔච්චරම	260
ඔච්චරයි	481
ඔට්ටු	1797
ඔට්ටුයි	238
ඔට්ටුව	291
ඔට්ටුවක්	238
ඔටු	324
ඔටුන්න	819
ඔටුනු	428
ඔටුවා	316
ඔටෝ	954
ඔඩු	356
ඔඩෙල්	317
ඔඩොක්කුවේ	268
ඔතන	3041
ඔතනට	586
ඔතනදි	230
ඔතනින්	801
ඔතල	237
ඔතලා	345
ඔත්තු	3754
ඔත්තුකරුවන්	209
ඔත්තුව	324
ඔත්තුවක්	405
ඔත්තුසේවා	222
ඔතා	673
ඔතාගෙන	447
ඔද	438
ඔන	2757
ඔනම	270
ඔන්	1959
ඔන්න	70009
ඔන්ලයින්	1926
ඔන්ලි	284
ඔනා	891
ඔනැම	226
ඔනෑ	573
ඔනෑම	748
ඔනි	1592
ඔනෙ	1254
ඔනේ	2804
ඔප	780
ඔපරේෂන්	705
ඔපවත්	263
ඔප්	358
ඔප්පු	10860
ඔප්පුව	226
ඔප්ෂන්	359
ඔපිස්	390
ඔපෙරා	826
ඔබ	144309
ඔබගෙ	813
ඔබගෙන්	885
ඔබගේ	26941
ඔබගේම	249
ඔබට	65992
ඔබටත්	5037
ඔබටද	472
ඔබටම	935
ඔබටයි	355
ඔබත්	6705
ඔබතුමා	3160
ඔබතුමාගේ	945
ඔබතුමාට	1096
ඔබද	911
ඔබන	260
ඔබන්න	1353
ඔබම	1729
ඔබමය	200
ඔබමයි	323
ඔබය	309
ඔබයි	1597
ඔබල	411
ඔබලා	2324
ඔබලාගේ	688
ඔබලාට	720
ඔබව	4591
ඔබවහන්සේ	320
ඔබවෙත	209
ඔබහට	234
ඔබ්බට	2828
ඔබ්බෙන්	1442
ඔබ්බෙහි	313
ඔබ්සර්වර්	303
ඔබා	3760
ඔබාගෙන	522
ඔබාමා	6050
ඔබාමාගේ	1097
ඔබාමාට	387
ඔබින	375
ඔබෙ	2753
ඔබෙන්	2247
ඔබේ	51069
ඔබේම	610
ඔබේසේකර	652
ඔම්ලට්	291
ඔමා	244
ඔය	170424
ඔයගෙ	310
ඔයගේ	232
ඔයගොල්ලන්ට	427
ඔයගොල්ලො	369
ඔයගොල්ලෝ	432
ඔයට	746
ඔයත්	3050
ඔයයි	541
ඔයලට	208
ඔයලා	353
ඔයවගේ	1208
ඔයා	52661
ඔයාගෙ	7892
ඔයාගෙන්	890
ඔයාගෙම	266
ඔයාගේ	12678
ඔයාට	23594
ඔයාටත්	2109
ඔයාටම	285
ඔයාත්	386
ඔයාද	231
ඔයාම	557
ඔයාල	5189
ඔයාලගෙ	1615
ඔයාලගෙන්	276
ඔයාලගේ	2996
ඔයාලට	10373
ඔයාලටත්	985
ඔයාලත්	2022
ඔයාලම	365
ඔයාලව	496
ඔයාලා	6102
ඔයාලාගේ	220
ඔයාලාට	1337
ඔයාව	4745
ඔයාවත්	296
ඔයි	791
ඔයිට	1869
ඔයින්	804
ඔයිල්	650
ඔයෙන්	207
ඔයේ	951
ඔරලෝසු	1226
ඔරලෝසුරු	317
ඔරලෝසුව	873
ඔරලෝසුවක්	412
ඔරලෝසුවේ	322
ඔරිජිනල්	1698
ඔරිජිනල්විශේෂාංග	207
ඔරු	869
ඔරුගොඩවත්ත	290
ඔරුව	568
ඔරුවක්	257
ඔරොත්තු	1381
ඔරෝ	255
ඔල්වරසන්	326
ඔලිම්පික්	5041
ඔලිවර්	398
ඔලිව්	315
ඔලු	979
ඔලුව	6797
ඔලුවක්	223
ඔලුවට	2290
ඔලුවත්	228
ඔලුවෙ	757
ඔලුවෙන්	567
ඔලුවේ	1049
ඔව	408
ඔවදන්	346
ඔව්	37210
ඔව්න්	261
ඔව්ව	1220
ඔව්වට	353
ඔව්වා	1115
ඔව්හු	1512
ඔවා	736
ඔවැනි	453
ඔවු	2997
ඔවුනගේ	1535
ඔවුනට	6542
ඔවුන්	112595
ඔවුන්ගෙ	885
ඔවුන්ගෙන්	3648
ඔවුන්ගේ	40832
ඔවුන්ගේම	539
ඔවුන්ට	27616
ඔවුන්ටත්	425
ඔවුන්ටද	272
ඔවුන්ටම	263
ඔවුන්ද	711
ඔවුන්ම	286
ඔවුන්ව	3020
ඔවුනුත්	411
ඔවුනොවුන්	626
ඔවුහු	11497
ඔවුහූ	395
ඔසප්	601
ඔසරි	208
ඔසරිය	296
ඔසවන	443
ඔසවමින්	279
ඔසවා	3566
ඔසවාගෙන	822
ඔස්කා	365
ඔස්කාර්	696
ඔස්ටින්	542
ඔස්ලෝ	236
ඔස්සෙ	207
ඔස්සේ	21425
ඔස්සේම	202
ඔස්සේය	263
ඔසාමා	490
ඔසී	418
ඔසු	490
ඔසුවක්	291
ඔහ්	427
ඔහිය	227
ඔහු	215128
ඔහුගෙ	1906
ඔහුගෙන්	3929
ඔහුගේ	70849
ඔහුගේම	839
ඔහුට	42793
ඔහුටත්	582
ඔහුටද	351
ඔහුටම	410
ඔහුත්	1771
ඔහුද	975
ඔහුන්	395
ඔහුම	625
ඔහුය	728
ඔහුයි	404
ඔහුව	7557
ඔහූ	340
ඔහෙ	1377
ඔහෙට	338
ඔහෙලට	230
ඔහෙලා	308
ඔහේ	8179
ඔහේගේ	260
ඔහේට	540
ඔහේලා	323
ඔහොම	22435
ඔහොමත්	198
ඔහොමම	584
ඔහොමයි	1860
ඔළු	740
ඔළුව	3799
ඔළුවට	1563
ඔළුවෙ	392
ඔළුවෙන්	244
ඔළුවේ	705
ඔෆ්	3746
ඔෆිස්	5240
ඔෆීස්	469
ඕ	7425
ඕං	5261
ඕක	24946
ඕකට	4656
ඕකත්	662
ඕකනෙ	339
ඕකනේ	537
ඕකම	758
ඕකමයි	224
ඕකයි	1108
ඕකව	236
ඕක්	251
ඕකා	989
ඕකුන්	468
ඕකුන්ට	262
ඕකෙ	1410
ඕකෙන්	869
ඕකේ	1797
ඕගොල්ලන්ට	395
ඕගොල්ලො	296
ඕගොල්ලෝ	383
ඕඩර්	898
ඕඩියෝ	447
ඕන	73135
ඕනතරම්	394
ඕනත්	317
ඕනද	1275
ඕනනං	365
ඕනනම්	663
ඕනනේ	451
ඕනම	4391
ඕනය	567
ඕනයා	863
ඕනලු	269
ඕනවට	733
ඕන්	3181
ඕන්න	1007
ඕන්නං	298
ඕන්නම්	280
ඕන්නෑ	247
ඕනා	5778
ඕනාය	256
ඕනැ	3882
ඕනැම	873
ඕනෑ	15787
ඕනෑකමින්	419
ඕනෑකර	591
ඕනෑතරම්	671
ඕනෑම	22719
ඕනෑය	559
ඕනෑවට	714
ඕනෑවටත්	397
ඕනි	14657
ඕනිද	338
ඕනිම	649
ඕනෙ	22005
ඕනෙත්	559
ඕනෙද	1169
ඕනෙනම්	667
ඕනෙනේ	208
ඕනෙම	2828
ඕනෙලු	288
ඕනේ	33554
ඕනේම	211
ඕපදූප	259
ඕපන්	1652
ඕපනායක	285
ඕපාත	253
ඕපාදූප	500
ඕමන්ත	217
ඕමල්පේ	380
ඕම්	376
ඕමාන්	306
ඕය	231
ඕයි	4392
ඕලන්ද	707
ඕල්	469
ඕල්කට්	495
ඕල්ඩ්	367
ඕලු	351
ඕලෙවල්	432
ඕව	3875
ඕවගේ	200
ඕවට	1608
ඕවර	1080
ඕවර්	388
ඕවල්	350
ඕවා	5972
ඕවාට	247
ඕසෝන්	534
ඕෆ්	1159
ඖෂධ	9514
ඖෂධය	704
ඖෂධයක්	807
ඖෂධීය	653
කංජිපානි	256
කංසා	557
කක්ක	349
කක්කා	773
කක්කි	285
කක්කුස්සි	260
කක්ෂ	277
කක්ෂගත	237
කක්ෂය	286
කකා	7023
කකාගෙ	317
කකාගේ	715
කකාට	646
කකුල	2500
කකුලක්	843
කකුලට	402
කකුල්	6780
කකුලෙ	302
කකුලෙන්	702
කකුලේ	815
කකුළුවන්	215
කගේ	471
කචල්	900
කච්චතිව්	418
කජ්ජක්	296
කජ්ජක්ද	206
කජු	1944
කට	47238
කටඋත්තර	400
කටක	441
කටකතා	995
කටක්	1404
කටකාර	280
කටට	3022
කටටම	423
කටත්	1594
කටපාඩම්	605
කටම	223
කටයතු	236
කටයි	288
කටයුත්ත	2449
කටයුත්තක	301
කටයුත්තකට	676
කටයුත්තක්	4042
කටයුත්තකි	516
කටයුත්තට	604
කටයුත්තේ	231
කටයුතු	155326
කටයුතුත්	414
කටයුතුද	305
කටයුතුය	209
කටයුතුයි	264
කටයුතුවල	3842
කටයුතුවලට	3545
කටයුතුවලදී	807
කටයුතුවලින්	911
කටවල්	1166
කටවහ	261
කටවුට්	839
කටහඩ	608
කටහඬ	2011
කටහඬක්	406
කටහඬින්	293
කට්	2082
කට්ට	3051
කට්ටක්	1694
කට්ටයන්	243
කට්ටල	1023
කට්ටලය	492
කට්ටලයක්	460
කට්ටි	648
කට්ටිය	20637
කට්ටියකට	217
කට්ටියක්	2485
කට්ටියගෙ	438
කට්ටියගෙන්	284
කට්ටියගේ	691
කට්ටියට	4286
කට්ටියටම	980
කට්ටියත්	1026
කට්ටියම	2659
කට්ටියව	391
කටාන	525
කටාර්	1581
කටින	199
කටින්	2949
කටින්ම	225
කටු	6786
කටුක	2010
කටුකුරුන්ද	237
කටුගස්තොට	759
කටුනායක	6210
කටුනායකට	279
කටුබැද්ද	274
කටුව	1192
කටුවක්	547
කටුවන	311
කටුස්සා	305
කටුසු	309
කටෙන්	385
කටේ	3601
කඨින	1044
කඩ	10310
කඩං	319
කඩඉම	315
කඩඉමක්	220
කඩඉම්	1018
කඩක්	509
කඩතුරාව	245
කඩදාසි	2276
කඩදාසිය	242
කඩදාසියක්	274
කඩන	1421
කඩනවා	534
කඩන්	835
කඩන්න	1806
කඩන්නේ	315
කඩපු	448
කඩම්	282
කඩමින්	244
කඩය	709
කඩයක	275
කඩයකට	284
කඩයක්	1744
කඩයට	452
කඩයිම්	346
කඩයේ	216
කඩල	1978
කඩලා	1794
කඩවත	1430
කඩවර	436
කඩවල	572
කඩවලට	258
කඩවල්	635
කඩවසම්	1136
කඩවීම්	325
කඩ්ඩ	661
කඩ්ඩෙන්	389
කඩා	17298
කඩාකප්පල්	1670
කඩාකප්පල්කාරී	327
කඩාගන්න	286
කඩාගෙන	3212
කඩාවැටී	239
කඩාවැටීම	401
කඩාවැටීමෙන්	255
කඩි	342
කඩිනම්	3102
කඩිනමින්	5802
කඩින්	393
කඩිමුඩියේ	562
කඩිසර	257
කඩු	2082
කඩුගන්නාව	599
කඩුපුල්	220
කඩුල්ල	1795
කඩුල්ලක්	272
කඩුල්ලට	840
කඩුල්ලේ	344
කඩුලු	5248
කඩුලූ	725
කඩුව	1202
කඩුවක්	504
කඩුවෙන්	357
කඩුවෙල	2420
කඩුළු	894
කඩෙ	226
කඩෙන්	1841
කඩේ	11532
කඩේක	310
කඩේකට	567
කඩේකින්	435
කඩේට	1873
කඩොල්	234
කඩොලාන	733
කණ	2453
කණගාටු	930
කණගාටුදායක	725
කණගාටුයි	941
කණගාටුව	1236
කණගාටුවක්	435
කණගාටුවට	1020
කණගාටුවෙන්	570
කණට	1125
කණපිට	637
කණ්	245
කණ්ඩලම	253
කණ්ඩායම	20389
කණ්ඩායමක	668
කණ්ඩායමකට	818
කණ්ඩායමක්	9376
කණ්ඩායමට	5884
කණ්ඩායමත්	332
කණ්ඩායමයි	385
කණ්ඩායම්	14361
කණ්ඩායම්වල	524
කණ්ඩායම්වලට	545
කණ්ඩායමෙන්	556
කණ්ඩායමේ	9885
කණ්ඩිය	213
කණ්ණාඩි	466
කණ්නාඩි	663
කණ්නාඩිය	242
කණින්	254
කණියා	255
කණිෂ්ක	407
කණිෂ්ඨ	1095
කණු	1486
කණුව	2211
කණුවක	422
කණුවක්	470
කණුවේ	270
කණේ	469
කඬේ	419
කත	951
කතක්	511
කතන්දර	13001
කතන්දරකාරයා	1427
කතන්දරකාරයාප	356
කතන්දරගේ	303
කතන්දරට	301
කතන්දරත්	220
කතන්දරය	941
කතන්දරයක්	1642
කතන්දරේ	2913
කතර	531
කතරක	221
කතරගම	6147
කතරගමට	301
කතරට	205
කතරේ	389
කත්	336
කත්මණ්ඩු	282
කතා	140763
කතාකර	487
කතාකරන	2001
කතාකරනවා	421
කතාකරන්න	1906
කතාකරන්නට	211
කතාකරන්නෙ	311
කතාකරන්නේ	770
කතාකරපු	330
කතාකරමින්	245
කතාකරමු	295
කතාකරයි	199
කතාකරල	477
කතාකරලා	505
කතාකල	309
කතාකලා	322
කතාකලේ	339
කතාකළ	240
කතාකිරීම	241
කතාකිරීමට	276
කතාත්	414
කතාද	1373
කතාන්දර	582
කතාන්දරය	423
කතානායක	2331
කතානායකවරයා	1042
කතානායකවරයාට	199
කතාබස්	378
කතාබහ	2983
කතාබහක	377
කතාබහකට	250
කතාබහක්	1087
කතාබහට	1733
කතාමාලාව	202
කතාව	69978
කතාවක	1226
කතාවකට	802
කතාවක්	33992
කතාවක්ද	578
කතාවක්නේ	246
කතාවක්ම	255
කතාවකි	1609
කතාවකින්	391
කතාවකුත්	781
කතාවට	7650
කතාවටත්	222
කතාවත්	2603
කතාවද	301
කතාවනම්	734
කතාවම	887
කතාවය	229
කතාවයි	1145
කතාවල	991
කතාවලට	798
කතාවලින්	398
කතාවෙ	2738
කතාවෙත්	262
කතාවෙදි	200
කතාවෙන්	2410
කතාවේ	7461
කතාවේදී	404
කති	462
කතිකා	642
කතිකාව	1086
කතිකාවක්	903
කතිකාවට	197
කතිකාවත	440
කතිකාවතක්	444
කතිර	326
කතිරය	317
කතු	339
කතුන්	544
කතුරු	269
කතුවරයා	1497
කතුවරයාගේ	252
කතුවරිය	315
කතුවරුන්	377
කතුවැකිය	544
කතුහිමිකම	265
කතෘ	2283
කතෝලික	5867
කතෝලිකයන්	306
කථන	436
කථනය	566
කථා	18687
කථාකරන	334
කථානායක	2573
කථානායකවරයා	1410
කථානායකවරයාගේ	261
කථානායකවරයාට	305
කථාබහ	253
කථාබහට	231
කථාය	266
කථාව	7703
කථාවක්	2899
කථාවට	790
කථාවත්	226
කථාවෙන්	475
කථාවේ	970
කථික	241
කථිකාචාර්ය	1144
කද	464
කදවුර	482
කදවුරට	237
කදවුරු	752
කදවුරේ	603
කදිම	2725
කදිමට	502
කදිමයි	253
කදිරගාමර්	326
කදිර්ගාමර්	261
කදී	1484
කදු	1797
කදුකර	244
කදුකරයේ	221
කදුරු	215
කදුරුවෙල	247
කදුලක්	423
කදුලින්	231
කදුලු	1725
කදුළු	2430
කන	14277
කනක්	362
කනකොට	597
කනගාටු	574
කනගාටුදායක	384
කනගාටුයි	487
කනගාටුව	553
කනගාටුවක්	283
කනගාටුවට	496
කනගාටුවෙන්	217
කනට	1762
කනත්ත	431
කනත්තට	208
කනත්තේ	228
කනප්පුව	299
කනපිට	289
කනව	1148
කනවද	423
කනවා	4695
කනස්සල්ල	456
කනස්සල්ලට	325
කනස්සල්ලෙන්	231
කන්	4862
කන්කසන්තුරය	422
කන්කසන්තුරේ	821
කන්ට	829
කන්ටේනරය	216
කන්ටේනර්	1381
කන්ඩ	1054
කන්ඩායම	1057
කන්ඩායමක්	813
කන්ඩායමට	280
කන්ඩායම්	1635
කන්ඩායමේ	526
කන්තලේ	1120
කන්තෝරු	483
කන්තෝරුව	306
කන්තෝරුවට	264
කන්තෝරුවේ	347
කන්ද	9202
කන්දක	288
කන්දකට	217
කන්දක්	1943
කන්දකාඩු	244
කන්දට	1066
කන්දරාව	605
කන්දරාවක්	496
කන්දෙ	376
කන්දෙන්	514
කන්දේ	2064
කන්න	21279
කන්නංගර	256
කන්නට	1884
කන්නත්	630
කන්නද	378
කන්නන්ගර	775
කන්නය	308
කන්නයි	275
කන්නයේ	862
කන්නලව්	275
කන්නාඩි	723
කන්නාඩිය	219
කන්නෙ	1749
කන්නෙත්	345
කන්නේ	3446
කනින්	393
කනිෂ්ඨ	914
කනු	453
කනුව	403
කනෙක්ට්	274
කනෙක්ෂන්	438
කනෙන්	423
කනේ	1555
කඳ	1904
කඳක්	441
කඳන්	653
කඳවුර	2392
කඳවුරක	371
කඳවුරකට	342
කඳවුරක්	808
කඳවුරට	1143
කඳවුරු	4045
කඳවුරුවල	639
කඳවුරුවලට	219
කඳවුරෙන්	302
කඳවුරේ	2582
කඳාන	372
කඳු	8215
කඳුකර	1075
කඳුකරය	254
කඳුකරයට	262
කඳුකරයේ	1016
කඳුරට	568
කඳුල	513
කඳුලක්	1182
කඳුලැල්	212
කඳුලැලි	379
කඳුලින්	645
කඳුලු	3821
කඳුවැටිය	263
කඳුළ	393
කඳුළක්	595
කඳුළැලි	197
කඳුළින්	423
කඳුළු	10383
කප	328
කපටි	1485
කපන	2590
කපනව	202
කපනවා	831
කපන්න	2146
කපන්නට	227
කපන්නේ	374
කපපු	756
කපමින්	338
කපයි	366
කපල	1785
කපලා	2808
කප්	1755
කප්පම්	2141
කප්පරක්	453
කප්පල්	237
කප්පාදු	4067
කප්පාදුව	698
කප්පාදුවක්	349
කප්පාදුවට	363
කපා	8972
කපාගත්	208
කපාගන්න	274
කපාගෙන	1134
කපිතාන්	1122
කපිල	2472
කපිලවස්තු	281
කපු	1541
කපුගෙදර	233
කපුගේ	1640
කපුටන්	242
කපුටා	536
කපුටු	473
කපුරු	367
කපුවා	397
කපූර්	484
කබඩ්	586
කබර	325
කබරයා	342
කබල	342
කබල්	587
කබලෙන්	340
කබ්රාල්	504
කබා	544
කබාය	369
කබීර්	1187
කම	12020
කමකට	638
කමක්	22869
කමකි	409
කමකින්	314
කමකුත්	359
කමට	5049
කමටත්	203
කමටයි	204
කමටහන්	234
කමත්	683
කමද	320
කමන්ට්	302
කමයි	625
කමල	250
කමල්	2448
කමලා	319
කම්	8263
කම්කටොලු	221
කම්කටොළු	215
කම්කරු	18707
කම්කරුවන්	6956
කම්කරුවන්ගෙන්	384
කම්කරුවන්ගේ	2672
කම්කරුවන්ට	1766
කම්කරුවා	410
කම්කරුවෙක්	276
කම්කරුවෙකු	212
කම්කරුවෝ	992
කම්පන	959
කම්පනය	1364
කම්පනයක්	780
කම්පනයට	786
කම්පනයෙන්	432
කම්පනා	225
කම්පා	1645
කම්පාවක්	222
කම්පාවට	578
කම්පැනි	361
කම්පියුටර්	899
කම්බ	381
කම්බා	203
කම්බි	1429
කම්ම	265
කම්මල	470
කම්මලේ	313
කම්මැලි	3639
කම්මැලිකම	629
කම්මැලිකමට	247
කම්මැලියි	956
කම්මුල	324
කම්මුලට	377
කම්මුල්	975
කම්මුලේ	243
කම්හල	659
කම්හලක	284
කම්හලක්	227
කම්හල්	908
කම්හලේ	536
කමා	394
කමාන්ඩර්	734
කමාන්ඩෝ	405
කමිටු	6057
කමිටුව	8826
කමිටුවක්	3178
කමිටුවට	1764
කමිටුවෙන්	382
කමිටුවේ	5515
කමින්	2876
කමිස	832
කමිසය	508
කමිසයක්	449
කමු	639
කමෙන්	522
කමෙන්ට්	20985
කමෙන්ට්ස්	1825
කමෙන්ටු	908
කමෙන්ටුව	1088
කමෙන්ටුවක්	882
කමෙන්ටුවට	357
කමේ	840
කමෝන්	228
කඹ	794
කඹයක්	206
කඹුරුපිටිය	732
කඹේ	203
කය	2562
කයට	215
කයි	1929
කයිට්ස්	547
කයිඩා	286
කයින්	474
කයිය	577
කයියක්	411
කයිරෝ	244
කයිවාරු	785
කර	423842
කරං	562
කරකර	526
කරකවන්න	210
කරකවල	240
කරකවලා	407
කරකවා	351
කරක්	1080
කරගත	8350
කරගත්	12647
කරගත්ත	2074
කරගත්තට	257
කරගත්තත්	204
කරගත්තා	2712
කරගත්තු	931
කරගත්තෙ	403
කරගත්තේ	1420
කරගත්තේය	355
කරගත්තොත්	454
කරගත්හ	235
කරගන	657
කරගන්ට	544
කරගන්ඩ	437
කරගන්න	30218
කරගන්නට	2892
කරගන්නත්	876
කරගන්නයි	295
කරගන්නව	359
කරගන්නවා	2198
කරගන්නා	4438
කරගන්නෙ	735
කරගන්නේ	2358
කරගනින්	256
කරගනිමින්	5536
කරගනිමිනි	243
කරගනිමු	304
කරගනී	565
කරගනු	1439
කරගමු	419
කරගැනිමට	276
කරගැනීම	5551
කරගැනීමට	7163
කරගැනීමටත්	274
කරගැනීමයි	360
කරගැනීමෙන්	480
කරගැනීමේ	1856
කරගෙන	49656
කරගෙනම	403
කරගෙනය	569
කරගෙනයි	598
කරච්චි	315
කරට	1819
කරටි	251
කරණ	5315
කරණකොට	353
කරණකොටගෙන	501
කරණම්	271
කරණය	1152
කරණයට	262
කරණයේ	237
කරණවා	210
කරණු	1297
කරඬුව	572
කරත	241
කරත්	2498
කරත්ත	1055
කරත්තය	384
කරත්තයක්	252
කරත්තෙ	197
කරත්තේ	265
කරත්ද	218
කරත්වා	285
කරති	10025
කරදර	7129
කරදරකාරී	388
කරදරය	333
කරදරයක්	5410
කරදරයකින්	218
කරදරයි	362
කරදරේ	745
කරද්දි	4095
කරද්දී	5633
කරදිය	423
කරදීම	366
කරදීමට	274
කරදෙන	307
කරන	376601
කරනකම්	254
කරනකොට	3640
කරනට	459
කරනන්	249
කරනම්	220
කරනය	363
කරනලද	723
කරනලදභාණ්ඩ	243
කරනලදවෙළඳ	232
කරනව	9732
කරනවට	1498
කරනවද	3381
කරනවනං	204
කරනවනම්	997
කරනවනෙ	264
කරනවනේ	531
කරනවයි	243
කරනවලු	656
කරනවා	82796
කරනවාට	1389
කරනවාද	1948
කරනවානම්	1401
කරනවාය	491
කරනවිට	540
කරන්	5204
කරන්ට	3840
කරන්ට්	1280
කරන්ට්ස්	572
කරන්ඩ	3745
කරන්දෙණිය	374
කරන්න	233937
කරන්නං	356
කරන්නඅප	1800
කරන්නක්	794
කරන්නකි	424
කරන්නකො	218
කරන්නකෝ	495
කරන්නට	36047
කරන්නටත්	934
කරන්නටද	296
කරන්නටය	352
කරන්නටයි	217
කරන්නත්	6381
කරන්නද	7952
කරන්නනම්	226
කරන්නන්	2811
කරන්නන්ගේ	535
කරන්නන්ට	894
කරන්නනේ	203
කරන්නම	1164
කරන්නම්	4642
කරන්නමේ	1899
කරන්නයි	2637
කරන්නවත්	988
කරන්නවුන්	228
කරන්නස්ථානය	539
කරන්නසියලු	2811
කරන්නා	8914
කරන්නාක්	313
කරන්නාගොඩ	362
කරන්නාට	263
කරන්නාවු	219
කරන්නාවූ	1348
කරන්නැයි	2793
කරන්නෑ	381
කරන්නීය	407
කරන්නෙ	24278
කරන්නෙක්	717
කරන්නෙකි	296
කරන්නෙකු	424
කරන්නෙත්	2605
කරන්නෙපා	258
කරන්නෙම	305
කරන්නෙමි	821
කරන්නෙමු	1611
කරන්නෙහිද	590
කරන්නේ	94293
කරන්නේත්	667
කරන්නේද	1636
කරන්නේනම්	283
කරන්නේය	1520
කරන්නෝ	743
කරන්නෝය	215
කරනා	5018
කරනු	57652
කරනුයේ	3099
කරනේ	366
කරපං	745
කරපන්	1816
කරපල්ලා	505
කරපිංචා	471
කරපු	48648
කරපුව	307
කරපුවා	562
කරබාගෙන	240
කරමි	10380
කරමින්	98601
කරමින්ද	256
කරමින්ය	403
කරමිනි	4167
කරමිනුයි	602
කරමු	14729
කරමුකෝ	202
කරමුද	1128
කරයි	60590
කරයිද	1845
කරල	39377
කරලක්	308
කරලත්	1546
කරලද	704
කරලනේ	207
කරලම	1161
කරලයි	1063
කරලවත්	210
කරල්	1288
කරලා	93133
කරලාම	249
කරලියට	1164
කරලීම	854
කරලීමට	572
කරලීමේ	284
කරව	541
කරවන	5440
කරවනවා	554
කරවන්න	1642
කරවන්නට	670
කරවන්නේ	460
කරවනු	557
කරවපු	252
කරවමින්	624
කරවමිනි	281
කරවයි	1299
කරවල	1430
කරවලා	606
කරව්	269
කරවා	4048
කරවාගෙන	300
කරවිය	348
කරවිල	569
කරවීම	2127
කරවීමට	1774
කරවීමේ	647
කරවීය	337
කරවූ	832
කරහන්	271
කරහම	278
කරළා	228
කරළිය	217
කරළියට	1211
කර්කශ	331
කර්ණ	215
කර්තෘ	2938
කර්නල්	1981
කර්ම	3887
කර්මය	2662
කර්මයක්	983
කර්මයට	333
කර්මයන්	239
කර්මයේ	215
කර්මාන්ත	11891
කර්මාන්තකරුවන්	291
කර්මාන්තය	4778
කර්මාන්තයක්	783
කර්මාන්තයට	1146
කර්මාන්තයෙන්	233
කර්මාන්තයේ	2018
කර්මාන්තවල	206
කර්මාන්තශාලා	877
කර්මාන්තශාලාව	399
කර්මාන්තශාලාවේ	233
කරා	23092
කරාට	1644
කරාටේ	459
කරාතේ	320
කරාද	602
කරානම්	543
කරාපිටිය	1466
කරාබු	499
කරාම	1726
කරාලු	255
කරාවි	1902
කරාවිද	277
කරැණු	490
කරි	287
කරීනා	267
කරීම	227
කරීමට	205
කරු	3703
කරුණ	5814
කරුණක්	8467
කරුණකි	3274
කරුණට	299
කරුණා	2884
කරුණාකර	3357
කරුණාකරල	321
කරුණාකරලා	802
කරුණාතිලක	1929
කරුණාදාස	200
කරුණානායක	4246
කරුණානායකට	235
කරුණානිධි	415
කරුණාරත්න	4358
කරුණාව	2133
කරුණාවක්	216
කරුණාවන්ත	619
කරුණාවෙන්	3423
කරුණාසේන	650
කරුණු	44636
කරුණුත්	250
කරුණුවලට	386
කරුණුවලින්	292
කරුණූ	471
කරුන	610
කරුනක්	633
කරුනකි	211
කරුනාකර	226
කරුනාරත්න	326
කරුනු	2495
කරුම	382
කරුමය	531
කරුමයක්	511
කරුමෙ	439
කරුමෙට	922
කරුමේ	812
කරුවකු	520
කරුවන්	5320
කරුවන්ගේ	1190
කරුවන්ට	1251
කරුවල	331
කරුවලගස්වැව	316
කරුවා	869
කරුවෙක්	1049
කරුවෙකි	209
කරුවෙකු	778
කරුවෝ	629
කරූ	1910
කරෙ	310
කරෙත්	253
කරෙන්	268
කරේ	8030
කරොත්	1432
කරෝල	398
කල	113350
කලංසූරිය	257
කලක	2362
කලකට	5270
කලකදී	343
කලක්	8709
කලකින්	1341
කලකින්ම	223
කලකිරිලා	203
කලකිරී	282
කලකිරීම	491
කලකිරීමක්	483
කලකිරීමට	259
කලකිරීමෙන්	297
කලකිරෙයි	382
කලට	2249
කලණ	230
කලත්	6293
කලද	1761
කලන්තේ	273
කලපු	427
කලපුව	609
කලපුවේ	457
කලබල	5004
කලබලකාරී	494
කලබලය	321
කලබලයක්	604
කලබලයට	554
කලබලයෙන්	371
කලබලෙන්	385
කලබලේ	236
කලබලේට	256
කලමනාකරණ	250
කලමනාකරණය	280
කලමනාකරනය	235
කලම්බු	300
කලයක්	205
කලයුත්තේ	552
කලයුතු	2405
කලයුතුය	308
කලයුතුයි	448
කලර්	526
කලවං	246
කලවම්	1000
කලවා	367
කලවාන	449
කලවිට	290
කලහ	2364
කලහකාරී	717
කලහම	291
කලහැකි	672
කලහොත්	895
කල්	26107
කල්කටා	213
කල්ගත	298
කල්ට්	203
කල්තබා	293
කල්තියා	379
කල්දමා	198
කල්ප	1761
කල්පනා	16191
කල්පනාකාරී	286
කල්පනාව	1162
කල්පනාවක	309
කල්පනාවක්	329
කල්පනාවට	374
කල්පනාවෙන්	730
කල්පය	197
කල්පයක්	557
කල්පිටිය	1043
කල්පිත	509
කල්පිතය	478
කල්බදු	341
කල්මුණේ	646
කල්ල	228
කල්ලි	3079
කල්ලිය	1572
කල්ලියක	210
කල්ලියක්	833
කල්ලියට	382
කල්ලියේ	875
කල්හාර	877
කල්හි	4454
කල්හී	397
කලා	45478
කලාකරු	215
කලාකරුවකු	287
කලාකරුවන්	2659
කලාකරුවන්ගේ	470
කලාකරුවන්ට	513
කලාකරුවා	673
කලාකරුවාගේ	276
කලාකරුවෙක්	443
කලාකරුවෙකු	302
කලාකරුවෝ	404
කලාක්	255
කලාට	4351
කලාත්මක	1502
කලාතුරකින්	2721
කලාතුරකිනි	620
කලාද	1339
කලානම්	971
කලානේ	317
කලාප	5209
කලාපය	6907
කලාපයක	318
කලාපයක්	1733
කලාපයට	1553
කලාපයන්	335
කලාපයෙන්	486
කලාපයේ	6374
කලාපවල	457
කලාපීය	3403
කලාම	2795
කලාම්	303
කලාය	1733
කලාලු	406
කලාව	9332
කලාවක්	1745
කලාවට	2218
කලාවත්	197
කලාවන්	538
කලාවැව	319
කලාවෙන්	447
කලාවේ	2540
කලි	501
කලිං	2041
කලින්	66824
කලින්ම	2976
කලිනුත්	1918
කලියෙන්	1209
කලිසං	239
කලිසම	1920
කලිසමක්	801
කලිසමට	247
කලිසම්	1553
කලිසමේ	444
කලී	1408
කලු	6044
කලුතර	855
කලුපාට	282
කලුයි	206
කලුවර	600
කලුවරේ	222
කලූ	457
කලෙ	560
කලෙක	3875
කලෙකට	234
කලෙක්ෂන්	230
කලෙකින්	330
කලෙත්	1005
කලෙමි	2411
කලෙමු	657
කලේ	43645
කලේද	322
කලේය	9523
කලොත්	5159
කලෝ	199
කලෝය	462
කව	1064
කවක්	389
කවට	376
කවද	2088
කවදත්	2423
කවදද	1050
කවදහරි	646
කවද්ද	1072
කවදා	5470
කවදාක	274
කවදාකවත්	524
කවදාද	981
කවදාවත්	16628
කවදාවත්ම	1100
කවදාහරි	1003
කවන	518
කවන්න	494
කවමදාකවත්	199
කවමදාවත්	431
කවය	696
කවයේ	264
කවර	7386
කවරක්	502
කවරක්ද	240
කවරකු	222
කවරදාටත්	231
කවරය	572
කවරයක්	452
කවරයේ	296
කවරහුද	471
කවර්	873
කවරෙ	213
කවරෙක්	597
කවරෙක්ද	461
කවරෙකු	470
කවරේ	489
කවරේද	2819
කවලම්	242
කවලා	252
කව්	943
කව්ද	5125
කව්දෝ	328
කව්රු	955
කව්රුත්	1137
කව්රුවත්	436
කව්රුහරි	286
කවා	555
කවි	29413
කවිකාරි	294
කවිත්	246
කවිද	234
කවිඳු	210
කවිය	7907
කවියක	534
කවියකට	261
කවියක්	5308
කවියකි	270
කවියකින්	231
කවියකු	299
කවියට	1258
කවියත්	292
කවියන්	394
කවියා	1635
කවියාගේ	414
කවියෙ	232
කවියෙක්	658
කවියෙකු	348
කවියෙන්	836
කවියේ	1312
කවියෝ	200
කවීන්	412
කවීෂා	239
කවු	320
කවුඩුල්ල	261
කවුද	24730
කවුදැයි	1273
කවුදෝ	1513
කවුන්ටරය	217
කවුන්ටර්	226
කවුන්ටරේ	336
කවුන්සිල	241
කවුන්සිලය	1400
කවුන්සිලයට	386
කවුන්සිලයේ	1147
කවුරැ	216
කවුරැත්	272
කවුරු	11890
කවුරුත්	14466
කවුරුත්ම	223
කවුරුද	891
කවුරුන්	3652
කවුරුන්ද	1453
කවුරුන්දැයි	526
කවුරුවත්	6328
කවුරුවත්ම	312
කවුරුහරි	2912
කවුලු	234
කවුලුව	250
කවුලුවෙන්	231
කවුළු	854
කවුළුව	873
කවුළුවක්	248
කවුළුවෙන්	666
කෂ්ටිය	490
කස	582
කසල	3505
කසළ	3533
කස්ටමර්	300
කස්ටිය	3831
කස්ටියට	958
කස්ටියටම	242
කස්ටියම	385
කස්සප	374
කස්සා	240
කසා	287
කසාද	3685
කසාදය	250
කසාදයක්	586
කසාදෙ	215
කසාපබ්බත	281
කසාය	328
කසිකබල්	506
කසිප්පු	2056
කසු	344
කසුන්	3363
කහ	5950
කහට	1277
කහටක්	257
කහටගස්දිගිලිය	261
කහතුඩුව	229
කහන	391
කහනවට	210
කහපාට	591
කහවණු	216
කහවත්ත	787
කහවත්තේ	198
කහවනු	241
කළ	287687
කළකට	227
කළක්	307
කළකිරීම	257
කළකිරීමක්	228
කළගුණ	628
කළණ	281
කළත්	6568
කළද	2590
කළබල	599
කළමණාකරණ	945
කළමණාකරණය	776
කළමණාකරන	464
කළමණාකරනය	315
කළමණාකරු	436
කළමණාකාර	286
කළමනා	234
කළමනාකරණ	10252
කළමනාකරණය	5271
කළමනාකරණයට	239
කළමනාකරණයේ	405
කළමනාකරන	383
කළමනාකරු	1313
කළමනාකරුවන්	345
කළමනාකාර	973
කළමනාකාරිත්වය	212
කළඹ	265
කළයුත්තේ	322
කළයුතු	2112
කළයුතුය	275
කළයුතුයි	217
කළල	285
කළලය	230
කළවිට	205
කළවුන්	198
කළහ	9662
කළහකාරී	257
කළහැකි	1110
කළහොත්	2722
කළා	97305
කළාක්	229
කළාට	2548
කළාද	927
කළානම්	315
කළාප	256
කළාපය	243
කළාපයේ	213
කළාම	1606
කළාය	3762
කළාලු	366
කළාවූ	422
කළාහුය	241
කළැයි	720
කළිං	225
කළින්	2775
කළු	17046
කළුආරච්චි	316
කළුගඟ	355
කළුගල්	531
කළුතර	12746
කළුතරරු	586
කළුපාට	260
කළුබෝවිල	968
කළුයි	217
කළුවර	1950
කළුවරේ	460
කළෙත්	601
කළෙමි	3243
කළෙමු	1964
කළේ	137983
කළේත්	351
කළේද	577
කළේය	32493
කළොත්	4405
කළෝ	441
කළෝය	873
කෆීර්	248
ක්	112442
ක්ද	1625
ක්ම	1890
ක්රම	208
ක්රි	250
ක්රියා	327
ක්රියාත්මක	342
ක්රීඩා	409
ක්ලබ්	1208
ක්ලාක්	1281
ක්ලාන්ත	248
ක්ලාස්	4127
ක්ලැරන්ස්	663
ක්ලැසික්	220
ක්ලික්	5252
ක්ලින්ටන්	1595
ක්ලින්ටන්ගේ	261
ක්ලින්ටන්ට	205
ක්ලිනික්	284
ක්ලිප්	475
ක්ලීන්	252
ක්ලේමෝ	315
ක්ලෝරයිඩ්	244
ක්ලෝස්	306
ක්ව	314
ක්වාන්	338
ක්වාලාලම්පූර්	204
ක්වූ	438
ක්වොන්ටම්	1390
ක්ෂණයකින්	408
ක්ෂණයෙන්	224
ක්ෂණික	2241
ක්ෂණිකව	1519
ක්ෂනික	644
ක්ෂනිකව	319
ක්ෂමා	240
ක්ෂය	1414
ක්ෂිතිජය	217
ක්ෂේම	206
ක්සැන්ඩර්	297
කා	8831
කාංචන	717
කාංචනා	416
කාක්	197
කාකා	288
කාකි	302
කාගෙ	1284
කාගෙත්	1172
කාගෙද	937
කාගෙන	1475
කාගෙන්	969
කාගෙන්ද	340
කාගෙන්වත්	571
කාගෙවත්	1019
කාගේ	3141
කාගේත්	1321
කාගේද	454
කාගේවත්	517
කාඞ්	224
කාච	1047
කාචය	303
කාචයක්	238
කාචයේ	249
කාට	6223
කාටත්	6002
කාටද	4576
කාටර්	298
කාටවත්	9642
කාටවත්ම	581
කාටහරි	883
කාටුන්	2145
කාටූන්	1915
කාඩ්	6790
කාඩ්පත	658
කාඩ්පතක්	224
කාඩ්පත්	771
කාඩ්බෝඩ්	482
කාණ්ඩ	1824
කාණ්ඩය	1348
කාණ්ඩයක්	342
කාණ්ඩයට	503
කාණ්ඩයේ	1263
කාණු	625
කාත්	860
කාත්තන්කුඩි	401
කාදර්	550
කාදිනල්	1083
කාන්	364
කාන්ත	539
කාන්තා	14293
කාන්තාර	605
කාන්තාරය	224
කාන්තාරයක්	208
කාන්තාරයේ	338
කාන්තාව	8854
කාන්තාවක	1400
කාන්තාවකගේ	1066
කාන්තාවකට	1459
කාන්තාවක්	8202
කාන්තාවකි	560
කාන්තාවගේ	2161
කාන්තාවට	1510
කාන්තාවන්	11453
කාන්තාවන්ගෙන්	306
කාන්තාවන්ගේ	1677
කාන්තාවන්ට	3477
කාන්තාවො	295
කාන්තාවෝ	1110
කාන්ති	646
කාන්දු	877
කාන්දුව	254
කාන්දුවක්	361
කාන්සිය	218
කානු	405
කාපං	216
කාපට්	910
කාපන්	296
කාපිය	291
කාපු	4779
කාබන්	2271
කාබන්ඩයොක්සයිඩ්	281
කාබනික	1885
කාබාසිනියා	392
කාබුල්	220
කාම	2597
කාමය	711
කාමයන්ගෙන්	204
කාමයෙන්	243
කාමයේ	208
කාමර	6578
කාමරය	3224
කාමරයක	1035
කාමරයකට	403
කාමරයක්	1627
කාමරයට	2904
කාමරයෙන්	765
කාමරයේ	2872
කාමරවල	314
කාමරෙන්	518
කාමරේ	4792
කාමරේක	232
කාමරේට	2177
කාම්බෝජ	251
කාම්බෝජය	292
කාම්බෝජයේ	226
කාමුක	497
කාය	1512
කායවර්ධන	255
කායික	2859
කායිකව	302
කාර	953
කාරක	10035
කාරකය	221
කාරණ	246
කාරණය	7925
කාරණයක්	4592
කාරණයකි	1014
කාරණයට	288
කාරණයයි	305
කාරණා	9403
කාරණාව	2032
කාරණාවක්	1462
කාරණාවකි	207
කාරණාවලට	199
කාරණාවලදී	1253
කාරණේ	1023
කාරනය	1262
කාරනයක්	582
කාරනා	1971
කාරනාව	572
කාරනාවක්	346
කාරනේ	439
කාරය	1815
කාරයක්	335
කාරයට	544
කාරයත්	235
කාරයන්	1045
කාරයන්ගේ	343
කාරයන්ට	923
කාරයා	3372
කාරයාගේ	292
කාරයාට	296
කාරයින්	639
කාරයින්ට	480
කාරයෙක්	3298
කාරයෙකු	256
කාරයෙන්	249
කාරයේ	272
කාරයො	1842
කාරයොත්	301
කාරයොයි	223
කාරයෝ	4797
කාර්	12022
කාර්ඩ්	606
කාර්තුව	559
කාර්තුවේ	502
කාර්තුවේදී	291
කාර්මික	6254
කාර්ය	18722
කාර්යංශය	404
කාර්යංශයේ	233
කාර්යක්	342
කාර්යක්ෂම	1963
කාර්යක්ෂමතා	512
කාර්යක්ෂමතාව	634
කාර්යක්ෂමතාවය	388
කාර්යක්ෂමව	625
කාර්යන්	445
කාර්යබහුල	1265
කාර්යබහුලයි	271
කාර්යභාරය	2124
කාර්යභාරයක්	1245
කාර්යමණ්ඩල	260
කාර්යමණ්ඩලය	232
කාර්යය	6162
කාර්යයක්	2721
කාර්යයකි	554
කාර්යයට	790
කාර්යයන්	3562
කාර්යයේ	1297
කාර්යයේදී	254
කාර්යසාධන	388
කාර්යසාධනය	326
කාර්යාංශය	2397
කාර්යාංශයට	325
කාර්යාංශයේ	1636
කාර්යාල	7645
කාර්යාලය	19011
කාර්යාලයක	284
කාර්යාලයකට	249
කාර්යාලයක්	1006
කාර්යාලයට	4086
කාර්යාලයීය	417
කාර්යාලයෙන්	1141
කාර්යාලයේ	9418
කාර්යාලයේදී	2674
කාර්යාලයේදීයි	220
කාර්යාලවල	752
කාර්යාලවලට	347
කාර්යාලීය	613
කාරි	687
කාරිය	1641
කාරියකරවන	227
කාරියක්	738
කාරියවසම්	3211
කාරී	648
කාරුණික	1923
කාරුණිකව	1975
කාරෙක	306
කාල	18768
කාලකණ්ණි	493
කාලකණ්නි	459
කාලකන්ණි	231
කාලකන්නි	1859
කාලක්	848
කාලගුණ	11999
කාලගුණය	1770
කාලගුණයක්	466
කාලගුණයත්	416
කාලගුණයෙන්	512
කාලගුණික	1245
කාලත්	232
කාලතුවක්කු	884
කාලපරිච්ඡේදය	248
කාලම	269
කාලය	52244
කාලයක	4847
කාලයකට	3274
කාලයකදී	1094
කාලයක්	47509
කාලයක්ද	216
කාලයක්ම	207
කාලයකි	1228
කාලයකින්	1391
කාලයට	3747
කාලයටම	312
කාලයත්	2315
කාලයද	247
කාලයන්	383
කාලයම	532
කාලයයි	1802
කාලයාගේ	468
කාලයෙ	310
කාලයෙන්	1519
කාලයෙහි	1304
කාලයේ	27013
කාලයේත්	286
කාලයේදි	403
කාලයේදී	7294
කාලයේදීත්	260
කාලයේදීම	381
කාලයේදීය	231
කාලයේම	296
කාලයේය	210
කාලවකවානුව	202
කාලවල	605
කාලවලදී	428
කාලසටහන	410
කාලසීමාව	1766
කාලසීමාවක්	353
කාලසීමාවේ	222
කාලසීමාවේදී	255
කාල්	1302
කාල්ටන්	626
කාලා	8355
කාලාන්තරයක්	717
කාලාම	387
කාලි	627
කාලිංග	1922
කාලින	579
කාලීන	8884
කාලීනව	2873
කාලෙ	23645
කාලෙක	5171
කාලෙකට	8893
කාලෙකදි	374
කාලෙකින්	6674
කාලෙට	4255
කාලෙටම	312
කාලෙත්	1863
කාලෙද	211
කාලෙදි	1650
කාලෙදිම	253
කාලෙදී	254
කාලෙන්	1043
කාලෙම	1344
කාලේ	38325
කාලේට	216
කාලේදී	648
කාලෝ	1088
කාලෝචිත	578
කාව	508
කාවද	410
කාවන්තිස්ස	476
කාවවත්	351
කාවිංග	258
කාවින්ද	527
කාසල්	379
කාසල්රී	238
කාසි	2768
කාසිම්	238
කාසිය	447
කාසියක්	451
කාසියේ	1116
කාළ	288
කාළකන්නි	469
කාළගුණ	380
කාළය	934
කාළයක්	724
කාළයේ	509
කාළේ	1499
කැ	832
කැක්කුම	830
කැක්කුමක්	826
කැක්කුම්	213
කැකෑරෙන	231
කැකිරාව	999
කැකිරි	566
කැකිල්ලේ	298
කැකුණ	208
කැකුලු	225
කැකුළ	201
කැකුළු	1395
කැට	3667
කැටගරි	271
කැටපත්	543
කැටය	301
කැටයක්	695
කැටයම්	2161
කැට්	350
කැටි	1612
කැටුව	1022
කැටේ	338
කැඩපත	555
කැඩපතක්	308
කැඩ්මියම්	208
කැඩි	242
කැඩිච්ච	703
කැඩිල	370
කැඩිලා	1081
කැඩී	1879
කැඩීම	543
කැඩීමට	398
කැඩුණු	536
කැඩුන	263
කැඩුනා	224
කැඩුනු	281
කැඩුම්	207
කැඩුවා	391
කැඩූ	348
කැඩෙට්	293
කැඩෙන	594
කැඩෙනවා	253
කැඩෙන්න	334
කැණීම්	1715
කැත	3711
කැතම	213
කැතයි	864
කැතරින්	247
කැති	419
කැද	223
කැදවන	254
කැදවනු	347
කැදවමින්	248
කැදවයි	262
කැදවා	2057
කැදවාගෙන	267
කැදවීම	246
කැදවීමට	502
කැදවුම්කරු	718
කැදවූ	807
කැදැල්ල	202
කැන	220
කැනඩා	2064
කැනඩාව	1402
කැනඩාවට	560
කැනඩාවේ	1700
කැන්	655
කැන්ගරු	251
කැන්ටින්	252
කැන්ටිම	224
කැන්ටිමට	254
කැන්ටිමේ	362
කැන්ඩි	400
කැන්දන්	313
කැන්දා	246
කැන්දාගෙන	263
කැන්බරා	268
කැන්වස්	222
කැන්සල්	402
කැනීම්	809
කැනේඩියානු	677
කැඳ	1358
කැඳවන	1118
කැඳවනු	895
කැඳවමින්	639
කැඳවයි	824
කැඳවලා	213
කැඳවා	6404
කැඳවාගෙන	1267
කැඳවිය	260
කැඳවීම	1146
කැඳවීමක්	366
කැඳවීමට	1465
කැඳවීම්	196
කැඳවීමේ	315
කැඳවුම්	477
කැඳවුම්කරු	1989
කැඳවූ	1621
කැප	5870
කැපකිරීම	339
කැපකිරීමක්	333
කැපකිරීම්	719
කැපවන	353
කැපවිය	243
කැපවී	1114
කැපවීම	2448
කැපවීමක්	557
කැපවීමකින්	278
කැපවීම්	290
කැපවීමෙන්	1017
කැපවුණු	217
කැපවූ	586
කැප්	451
කැප්ටන්	947
කැප්පෙටිපොල	503
කැප්පෙටිපොළ	478
කැපිටල්	1026
කැපිය	206
කැපිල	226
කැපිල්ල	269
කැපිලා	409
කැපිලි	243
කැපී	4312
කැපීපෙනෙන	261
කැපීම	1526
කැපීමට	599
කැපීම්	210
කැපීමේ	435
කැපුනා	209
කැපුම්	635
කැපුවත්	477
කැපුවා	527
කැපුවේ	296
කැපූ	832
කැපෙන	629
කැපෙනවා	219
කැබලි	2530
කැබ්	1985
කැබැල්ල	442
කැබැල්ලක්	931
කැබැලි	210
කැබිතිගොල්ලෑව	383
කැබිනට්	11870
කැම	684
කැමත්ත	352
කැමත්තක්	227
කැමති	39024
කැමතිත්	221
කැමතිද	1861
කැමතිනම්	1296
කැමතිම	2726
කැමතිය	821
කැමතියි	10539
කැමතී	374
කැමරන්	961
කැමරා	6417
කැමරාකරණය	200
කැමරාරු	1160
කැමරාව	2751
කැමරාවක	583
කැමරාවක්	1682
කැමරාවකින්	272
කැමරාවට	850
කැමරාවල	411
කැමරාවෙන්	491
කැමරාවේ	946
කැම්	304
කැම්පස්	8836
කැම්පේන්	426
කැම්බල්	413
කැමැත්ත	7301
කැමැත්තක්	3757
කැමැත්තකින්	246
කැමැත්තට	768
කැමැත්තෙන්	3761
කැමැත්තෙන්ම	548
කැමැත්තෙමි	1540
කැමැත්තෙමු	546
කැමැත්තේ	254
කැමැති	3716
කැමැතියි	1110
කැර	1948
කැරකි	821
කැරකිලා	562
කැරකී	264
කැරකෙන	1035
කැරකෙනවා	566
කැරකෙන්නේ	201
කැරට්	1152
කැරපොත්තා	199
කැරම්	735
කැරලි	1913
කැරලිකරුවන්	700
කැරලිකරුවන්ට	205
කැරලිකාර	258
කැරළි	690
කැරළිකරුවන්	274
කැරැ	210
කැරැල්ල	1702
කැරැල්ලක්	585
කැරැල්ලට	390
කැරැල්ලේ	390
කැරිණි	268
කැරෙන	754
කැරේ	224
කැරොල්	288
කැල	707
කැලණි	1447
කැලණිය	2966
කැලණියේ	428
කැලම්	200
කැලය	307
කැලයක්	255
කැලයට	323
කැලයේ	287
කැලරි	485
කැල්ල	285
කැල්ලක්	550
කැල්සියම්	591
කැලැන්ඩරය	258
කැලැන්ඩර්	258
කැලැන්ඩරේ	226
කැලෑ	2376
කැලෑව	422
කැලෑවක්	203
කැලෑවට	236
කැලෑවේ	265
කැලි	805
කැලිෆෝනියා	492
කැලිෆෝනියාවේ	330
කැලුම්	626
කැලෙන්	214
කැලේ	3749
කැලේට	663
කැවිලි	916
කැවීම	201
කැවුම්	1355
කැවූ	197
කැෂියර්	240
කැස	196
කැසට්	1465
කැස්බෑ	386
කැස්බෑව	666
කැස්බෑවා	360
කැස්ස	592
කැසිනෝ	2646
කැළ	362
කැළණි	1806
කැළණිය	1912
කැළණියේ	360
කැළණිවැලි	211
කැළඹිලි	475
කැළලක්	325
කැළැල්	334
කැළෑ	513
කැළි	389
කැළුම්	492
කැළේ	417
කැෆේ	1158
කෑ	13206
කෑගල්ල	6685
කෑගල්ලරු	199
කෑගල්ලේ	449
කෑගලු	205
කෑගසන	237
කෑගසමින්	223
කෑගසා	220
කෑගහන	612
කෑගහනව	211
කෑගහනවා	505
කෑගහන්න	399
කෑගහල	293
කෑගහලා	296
කෑගැහුවා	296
කෑදර	718
කෑදරකම	215
කෑන්	449
කෑම	22638
කෑමකට	255
කෑමක්	2398
කෑමට	4820
කෑමත්	545
කෑමති	239
කෑම්	318
කෑම්ප්	842
කෑමෙන්	838
කෑමේ	593
කෑල්ල	4625
කෑල්ලක	331
කෑල්ලක්	5800
කෑල්ලකින්	208
කෑල්ලකුත්	315
කෑල්ලට	509
කෑල්ලත්	346
කෑල්ලෙන්	224
කෑල්ලේ	298
කෑලි	8110
කෑලිත්	243
කෑලිවලට	210
කෑලී	306
කෑව	1079
කෑවට	530
කෑවත්	743
කෑවද	501
කෑවම	336
කෑවා	3057
කෑවෙ	901
කෑවේ	1683
කෑවේය	238
කෑවොත්	510
කෑෂ්	286
කි	12952
කිං	981
කිංග්ස්	296
කිංස්ලි	411
කික්	892
කිච	402
කිචි	421
කිට්	546
කිට්ටු	3914
කිට්ටුයි	395
කිට්ටුව	1366
කිට්ටුවට	283
කිට්ටුවම	207
කිට්ටුවෙන්	509
කිටි	336
කිටියේ	209
කිඩ	706
කිඩෝ	203
කිත්සිරි	617
කිති	463
කිතු	723
කිතුණු	640
කිතුනු	1161
කිතුනුවන්	359
කිතුල්	1336
කිතුල්ගල	348
කිතුලා	263
කිනම්	1374
කින්	12892
කින්ඩි	254
කින්ද	497
කින්නියා	540
කිඳා	432
කිඳුරු	392
කිපයක්	453
කිම	1116
කිමද	674
කිම්	903
කිමිදුම්	308
කිමී	221
කිමෙක්ද	400
කිඹුලන්	385
කිඹුල්	850
කිඹුලා	909
කිඹුලෙක්	228
කිය	8912
කියක්	621
කියත්	500
කියති	3193
කියතොත්	852
කියද්දි	1702
කියද්දී	1710
කියන	166083
කියනකොට	1673
කියනදේ	346
කියනව	8588
කියනවට	929
කියනවද	2045
කියනවනං	606
කියනවනම්	3346
කියනවනෙ	552
කියනවනේ	1132
කියනවලු	757
කියනවා	33558
කියනවාට	399
කියනවාද	275
කියනවානම්	1378
කියනවානේ	284
කියනවාය	330
කියන්	1051
කියන්ට	2668
කියන්ඩ	2248
කියන්න	85476
කියන්නං	849
කියන්නකො	879
කියන්නකෝ	1452
කියන්නට	7473
කියන්නත්	2736
කියන්නද	3324
කියන්නන්	256
කියන්නම	643
කියන්නම්	6872
කියන්නම්කො	520
කියන්නම්කෝ	516
කියන්නයි	971
කියන්නවත්	286
කියන්නා	886
කියන්නාක්	226
කියන්නාවූ	246
කියන්නෑ	298
කියන්නෙ	51758
කියන්නෙත්	3375
කියන්නෙම	505
කියන්නේ	102085
කියන්නේත්	430
කියන්නේද	273
කියන්නේය	363
කියන්නෝ	262
කියනා	2384
කියනු	4476
කියනුයේ	322
කියනේ	327
කියපං	970
කියපන්	2075
කියපන්කො	282
කියපි	1160
කියපු	18099
කියපුව	222
කියපුවා	312
කියමන	1250
කියමනක්	1161
කියමන්	405
කියමි	2170
කියමින්	9546
කියමිනි	646
කියමු	3197
කියමුකො	1334
කියමුකෝ	1984
කියමුද	221
කියයි	18571
කියයිද	619
කියල	184379
කියලත්	9319
කියලද	3459
කියලනම්	586
කියලනෙ	883
කියලනේ	1350
කියලම	912
කියලමයි	245
කියලයි	16866
කියලලු	371
කියලවත්	1768
කියලා	286834
කියලාත්	680
කියලාද	247
කියලානේ	266
කියලාය	2081
කියලායි	770
කියලාවත්	471
කියව	1860
කියවගන්න	283
කියවගෙන	1515
කියවද්දි	1474
කියවද්දී	938
කියවන	12120
කියවනකොට	1070
කියවනය	1092
කියවනයේ	244
කියවනව	639
කියවනවද	203
කියවනවා	3065
කියවන්	354
කියවන්ට	471
කියවන්ඩ	426
කියවන්න	33469
කියවන්නකෝ	226
කියවන්නට	1895
කියවන්නත්	459
කියවන්නන්	387
කියවන්නම්	279
කියවන්නා	300
කියවන්නාට	217
කියවන්නෙ	993
කියවන්නේ	2061
කියවනු	249
කියවපන්	214
කියවපු	3933
කියවමින්	892
කියවමු	544
කියවයි	482
කියවල	5473
කියවලම	484
කියවලා	8765
කියවලාම	403
කියවා	7292
කියවාගෙන	490
කියවිමට	293
කියවිය	1741
කියවිල්ල	243
කියවීම	3394
කියවීමක්	518
කියවීමට	2373
කියවීම්	448
කියවීමෙන්	1124
කියවීමේ	1378
කියවුණා	202
කියවුණේ	199
කියවුනා	432
කියවුනේ	535
කියවූ	1920
කියවූවා	205
කියවෙන	2590
කියවෙනවා	944
කියවෙන්නෙ	613
කියවෙන්නේ	1832
කියවේ	951
කියහං	471
කියහන්	501
කියහන්කෝ	254
කියා	125214
කියාගත්	244
කියාගන්න	1572
කියාගන්නා	849
කියාගෙන	3599
කියාත්	514
කියාද	638
කියාදුන්	278
කියාදෙන	386
කියාදෙන්න	421
කියාපං	207
කියාපන්	299
කියාපාන	320
කියාපි	443
කියාපු	1787
කියාය	5146
කියායි	2081
කියාල	410
කියාලා	681
කියාවත්	289
කියාවි	1143
කියාසිටියා	969
කියාසිටියේ	1988
කියැවීම	379
කියැවීමට	265
කියැවූ	330
කියැවෙන	1298
කියැවෙනවා	362
කියැවෙන්නේ	1230
කියැවෙයි	601
කියැවේ	1174
කියු	914
කියුබ්	214
කියුබානු	836
කියුබාව	753
කියුබාවට	256
කියුබාවේ	606
කියුම්	391
කියුව	540
කියුවට	320
කියුවත්	256
කියුවා	935
කියුවෙ	245
කියුවේ	871
කියුවොත්	337
කියූ	5959
කියෙව්	208
කියෙව්ව	1121
කියෙව්වට	927
කියෙව්වත්	456
කියෙව්වද	237
කියෙව්වම	1107
කියෙව්වහම	198
කියෙව්වා	4655
කියෙව්වාම	444
කියෙව්වෙ	1161
කියෙව්වේ	1557
කියෙව්වොත්	332
කියෙවුවා	458
කියෝ	343
කියෝගෙන	231
කියෝන	261
කියෝපු	312
කියෝල	229
කියෝලා	789
කිර	311
කිරට	332
කිරණ	2467
කිරන	278
කිරම	366
කිරල	208
කිරා	451
කිරි	20851
කිරිඇල්ල	2520
කිරින්ද	289
කිරිඳිවැල	291
කිරිපිටි	2017
කිරිබත්	1932
කිරිබත්ගොඩ	1782
කිරිම	8819
කිරිමක්	544
කිරිමට	8164
කිරිමටත්	238
කිරිමටයි	406
කිරිමත්	350
කිරිමයි	560
කිරිම්	714
කිරිමෙන්	1365
කිරිමේ	3106
කිරිමේදි	257
කිරිමේදී	336
කිරියෙන්	421
කිරිල්ල	688
කිරිල්ලි	610
කිරිල්ලී	515
කිරිවෙහෙර	567
කිරී	297
කිරීම	207617
කිරීමකට	826
කිරීමකදී	205
කිරීමක්	12304
කිරීමක්ද	245
කිරීමකි	1433
කිරීමකින්	1005
කිරීමට	175821
කිරීමටත්	5296
කිරීමටද	2272
කිරීමටය	1244
කිරීමටයි	2970
කිරීමටවත්	235
කිරීමත්	7810
කිරීමද	2042
කිරීමම	225
කිරීමය	2464
කිරීමයි	9593
කිරීම්	16971
කිරීම්වල	369
කිරීම්වලට	744
කිරීම්වලදී	677
කිරීම්වලින්	351
කිරීමෙ	332
කිරීමෙන්	28009
කිරීමෙන්ද	222
කිරීමෙනි	1231
කිරීමෙහි	955
කිරීමෙහිලා	439
කිරීමේ	69536
කිරීමේදි	411
කිරීමේදී	10775
කිරුල	521
කිරුළ	2240
කිරුළපන	504
කිරුළු	499
කිරෙන්	243
කිලික්	241
කිලිටි	472
කිලිනොච්චි	1701
කිලිනොච්චිය	1649
කිලිනොච්චියේ	583
කිලිපොලා	207
කිලෝ	7535
කිලෝමිටර්	265
කිලෝමීටර	2335
කිලෝමීටරයක්	338
කිලෝමීටර්	5190
කිලෝව	292
කිලෝවක	317
කිලෝවක්	695
කිව	12096
කිවත්	238
කිවයුතු	798
කිවහැකි	256
කිවහොත්	2114
කිව්	1080
කිව්ව	17690
කිව්වට	8790
කිව්වත්	6116
කිව්වද	1049
කිව්වනං	271
කිව්වනම්	657
කිව්වනෙ	806
කිව්වනේ	1261
කිව්වම	5596
කිව්වයි	222
කිව්වලු	3737
කිව්වහම	1006
කිව්වා	32948
කිව්වාට	775
කිව්වාම	1626
කිව්වාලු	200
කිව්වෙ	14470
කිව්වෙත්	705
කිව්වේ	20662
කිව්වේය	260
කිව්වොත්	11534
කිවා	880
කිවි	207
කිවු	337
කිවුව	1793
කිවුවට	995
කිවුවත්	753
කිවුවම	471
කිවුවලු	407
කිවුවා	3552
කිවුවෙ	1686
කිවුවේ	1632
කිවුවොත්	985
කිවූ	580
කිවේ	1370
කිවේය	348
කිවොත්	312
කිස්	1105
කිසි	23508
කිසිත්	2295
කිසිදා	3594
කිසිදාක	1178
කිසිදින	325
කිසිදිනක	602
කිසිදිනෙක	561
කිසිදු	35019
කිසිදෙයක්	563
කිසිඳු	3744
කිසිම	42930
කිසියම්	13455
කිසිවකට	596
කිසිවක්	13978
කිසිවක්ම	269
කිසිවකින්	283
කිසිවකු	2653
කිසිවකුගේ	346
කිසිවකුට	1358
කිසිවකුටත්	526
කිසිවකුත්	607
කිසිවිට	255
කිසිවිටක	336
කිසිවිටකත්	447
කිසිවිටෙක	601
කිසිවිටෙකත්	710
කිසිවෙක්	3295
කිසිවෙකු	3684
කිසිවෙකුගේ	480
කිසිවෙකුට	2700
කිසිවෙකුටත්	1578
කිසිවෙකුත්	1791
කිසිසේත්	3143
කිසිසේත්ම	2825
කිහිප	11158
කිහිපදෙනෙක්	804
කිහිපදෙනෙකු	1522
කිහිපදෙනෙකුට	215
කිහිපය	4979
කිහිපයක	6196
කිහිපයකට	8801
කිහිපයකටම	329
කිහිපයකදී	1200
කිහිපයකදීම	443
කිහිපයකම	653
කිහිපයක්	30606
කිහිපයක්ද	728
කිහිපයක්ම	2362
කිහිපයකි	1502
කිහිපයකින්	2700
කිහිපයකුත්	421
කිහිපයයි	203
කිහිපයේ	875
කිහිපයේදී	640
කිහිපවරක්	220
කිහිලි	211
කිළිටි	350
කිළිනොච්චි	200
කී	21367
කීකරු	1278
කීට	317
කීටයන්	255
කීත්	559
කීතු	300
කීදෙනෙක්	775
කීප	6950
කීපදෙනෙක්	805
කීපදෙනෙක්ම	204
කීපය	1440
කීපයක	1370
කීපයකට	3093
කීපයකම	324
කීපයක්	13192
කීපයක්ම	1924
කීපයකි	487
කීපයකින්	1041
කීපයකුත්	329
කීපයයි	223
කීපයේ	306
කීපෙකට	392
කීබෝඩ්	394
කීම	4700
කීමක්	214
කීමට	5167
කීමත්	211
කීමෙන්	1073
කීමේ	578
කීය	5261
කීයක්	5219
කීයක්ද	292
කීයට	212
කීයටද	310
කීයටවත්	579
කීයද	1760
කීයෙන්	840
කීයේය	605
කීර්ති	3316
කීර්තිමත්	1268
කීර්තිය	795
කීර්තියක්	491
කීර්තියට	308
කීරි	389
කීරීම	418
කීරීමට	335
කීල්ස්	408
කීව	2183
කීවට	961
කීවත්	2170
කීවද	846
කීවම	485
කීවලු	214
කීවා	5198
කීවාක්	202
කීවාට	617
කීවාම	330
කීවාය	2274
කීවෙ	1005
කීවෙමි	1226
කීවෙමු	265
කීවේ	10175
කීවේය	5402
කීවොත්	2057
කීවෝය	253
කීසේක	232
කීහ	1339
කු	908
කුක්	485
කුකුලන්	244
කුකුල්	1696
කුකුල්ලු	411
කුකුලා	359
කුකුලෙක්	259
කුකුසක්	242
කුකුළන්	357
කුකුළා	641
කුකුළු	1076
කුජ	1176
කුජීත	768
කුජීතයි	295
කුට්ටම	472
කුට්ටමක්	232
කුට්ටම්	205
කුට්ටි	781
කුට්ටිය	288
කුට්ටියක්	315
කුටි	1068
කුටිය	1204
කුටියක	306
කුටියක්	452
කුටියට	622
කුටියේ	656
කුටු	330
කුඩ	866
කුඩම්මාගේ	201
කුඩය	319
කුඩයක්	609
කුඩා	37844
කුඩාකල	348
කුඩාම	566
කුඩාවට	316
කුඩු	8782
කුඩුපට්ටම්	222
කුඩුම	415
කුඩේ	843
කුණ්ඩසාලේ	357
කුණාටු	914
කුණාටුව	866
කුණාටුවක්	561
කුණු	15340
කුණුහබ්බ	382
කුණුහරප	726
කුණුහරුප	2220
කුණුහරුපයක්	448
කුණුහරුපෙන්	266
කුත්	645
කුතුහලය	1655
කුතුහලයක්	534
කුතුහලයෙන්	446
කුදලාගෙන	243
කුදු	259
කුනු	1309
කුනුහරුප	421
කුප්ප	401
කුප්පි	725
කුප්පිය	371
කුප්පියක්	253
කුපාඩි	369
කුපිත	852
කුමකට	538
කුමකටද	547
කුමක්	16997
කුමක්ද	13349
කුමක්දැයි	3698
කුමක්දෝ	251
කුමට	1118
කුමටද	911
කුමණ	439
කුමන	10889
කුමර	558
කුමරන්	216
කුමරා	907
කුමරි	501
කුමරිය	2086
කුමරියගේ	234
කුමරු	3061
කුමරුගේ	475
කුමරුට	422
කුමරුන්	645
කුම්භ	434
කුමාර	13818
කුමාරගේ	602
කුමාරට	324
කුමාරණතුංග	614
කුමාරතුංග	3029
කුමාරදාස	238
කුමාරය	489
කුමාරයට	272
කුමාරයා	2857
කුමාරයාගේ	463
කුමාරයාට	392
කුමාරයෙක්	473
කුමාරවරු	261
කුමාරස්වාමි	921
කුමාරසිංහ	994
කුමාරසිරි	949
කුමාර්	4888
කුමාරි	2907
කුමාරිකාව	236
කුමාරිගේ	233
කුමාරිට	231
කුමාරිය	332
කුමාරිහාමි	897
කුමාරී	246
කුමුදු	889
කුඹල්	291
කුඹුක්	450
කුඹුර	675
කුඹුරක්	311
කුඹුරට	495
කුඹුරු	3245
කුඹුරේ	462
කුර	332
කුරක්කන්	403
කුරගල	238
කුරහන්	516
කුර්ආනය	1387
කුර්ආනයේ	414
කුර්ආන්	719
කුර්දි	309
කුරාණය	259
කුරානය	623
කුරානයේ	429
කුරාම්	248
කුරිරු	2188
කුරු	908
කුරුටු	2272
කුරුණැගල	248
කුරුණෑගල	15949
කුරුණෑගලට	201
කුරුණෑගලදී	233
කුරුණෑගලරු	729
කුරුදු	315
කුරුනෑගල	294
කුරුඳු	1044
කුරුඳුවත්ත	387
කුරුප්පු	250
කුරුම්බා	421
කුරුල්ලන්	1195
කුරුල්ලන්ගේ	199
කුරුල්ලන්ට	260
කුරුල්ලා	1317
කුරුල්ලෙක්	644
කුරුල්ලො	429
කුරුල්ලෝ	997
කුරුලෑ	422
කුරුලු	1346
කුරුවල්	305
කුරුවිට	735
කුරුස	1177
කුරුසියේ	209
කුරුළු	1619
කුරේ	1397
කුල	3543
කුලක	326
කුලකය	230
කුලතුංග	719
කුලපති	648
කුලප්පු	674
කුලය	1364
කුලයක	214
කුලයට	611
කුලයේ	660
කුලරත්න	807
කුලසූරිය	224
කුලසේකර	517
කුල්මත්	494
කුලිය	701
කුලියට	3154
කුලියාපිටිය	1528
කුලියාපිටියේ	299
කුලී	3692
කුලු	204
කුලුන	261
කුලේ	822
කුවේට්	848
කුවේණි	634
කුවේණිය	271
කුවේර	223
කුශල	630
කුෂාන්	512
කුස	2760
කුසගින්න	449
කුසගින්නේ	297
කුසගිනි	285
කුසට	419
කුසල	1079
කුසලතා	2189
කුසලතාව	298
කුසලතාවය	269
කුසලතාවයන්	199
කුසලය	282
කුසල්	3498
කුසලාන	4796
කුසලානය	2131
කුසලානයට	397
කුසලානයේ	480
කුස්සිය	976
කුස්සියට	1022
කුස්සියෙ	408
කුස්සියේ	1089
කුසින්	308
කුසුම	687
කුසුමක්	306
කුසුම්	1379
කුසේ	505
කුහක	2168
කුහකකම	304
කුහකත්වය	330
කුහර	608
කුහරය	382
කුහරයක්	263
කුළ	390
කුළියට	313
කුළී	201
කුළු	905
කුළුණ	681
කුළුණු	669
කුළුදුල්	294
කුළුඳුල්	512
කුළුපග	225
කුළුබඩු	390
කූ	240
කූට	1028
කූඨ	431
කූඩ	264
කූඩයට	224
කූඩාරම	200
කූඩාරම්	382
කූඩැල්ලන්	312
කූඩු	1949
කූඩුව	1140
කූඩුවක	295
කූඩුවක්	671
කූඩුවට	683
කූඩුවෙ	250
කූඩුවේ	745
කූඹි	508
කූඹියා	217
කූර	279
කූරක්	260
කූරගල	754
කූරු	1017
කූල්	890
කෘතගුණ	370
කෘතඥ	288
කෘතඥතාව	262
කෘතඥතාවය	202
කෘතහස්ත	245
කෘති	2852
කෘතිම	1198
කෘතිමව	338
කෘතිය	4600
කෘතියක	241
කෘතියක්	1558
කෘතියකි	283
කෘතියට	443
කෘතියෙන්	453
කෘතියෙහි	502
කෘතියේ	1581
කෘතීන්	644
කෘතීම	824
කෘමි	759
කෘමිනාශක	589
කෘමීන්	446
කෘර	334
කෘෂි	3958
කෘෂිකර්ම	6086
කෘෂිකර්මය	941
කෘෂිකර්මාන්තය	687
කෘෂිකර්මාන්තයට	214
කෘෂිකාර්මික	2384
කෙ	535
කෙට්ටු	1152
කෙටි	20308
කෙටිකතා	1367
කෙටිකතාව	379
කෙටිකතාවක්	228
කෙටිකාලීන	614
කෙටිම	569
කෙටියි	278
කෙටියෙන්	3841
කෙටියෙන්ම	514
කෙටීම	218
කෙටුම්	221
කෙටුම්පත	3822
කෙටුම්පතක්	627
කෙටුම්පතට	565
කෙටුම්පත්	1482
කෙටුම්පතේ	320
කෙටුවා	279
කෙටූ	327
කෙඩෙට්	198
කෙණෙහි	198
කෙත	407
කෙතරම්	7987
කෙත්	334
කෙතෙක්	1008
කෙතෙක්ද	224
කෙදිනක	672
කෙදිනකවත්	437
කෙනක්	473
කෙනකු	1398
කෙනකුගේ	311
කෙනකුට	1055
කෙනඩි	712
කෙනත්	437
කෙන්	294
කෙන්ජි	1423
කෙන්ද	250
කෙන්යාව	216
කෙන්යාවේ	413
කෙනා	8743
කෙනාගෙ	479
කෙනාගෙන්	217
කෙනාගේ	996
කෙනාට	2677
කෙනාටම	322
කෙනාම	471
කෙනාව	647
කෙනෙක්	69042
කෙනෙක්ගෙ	924
කෙනෙක්ගෙන්	839
කෙනෙක්ගේ	1661
කෙනෙක්ට	5471
කෙනෙක්ටම	243
කෙනෙක්ද	1302
කෙනෙක්ම	1221
කෙනෙක්ව	1382
කෙනෙක්වත්	228
කෙනෙකි	1367
කෙනෙකු	7850
කෙනෙකුගෙ	502
කෙනෙකුගෙන්	582
කෙනෙකුගේ	3030
කෙනෙකුට	13812
කෙනෙකුටම	515
කෙනෙකුත්	1052
කෙනෙකුන්	444
කෙනෙකුයි	547
කෙනෙහිලිකම්	208
කෙඳි	494
කෙඳිරි	787
කෙප්ප	409
කෙප්ලර්	263
කෙබඳු	751
කෙබඳුද	230
කෙබර	200
කෙම්	340
කෙමෙන්	2628
කෙරන	238
කෙරවලපිටිය	241
කෙරිණ	2010
කෙරිණි	9185
කෙරින	440
කෙරිනි	586
කෙරී	2328
කෙරීගෙන	403
කෙරුණ	684
කෙරුණා	8981
කෙරුණි	1336
කෙරුණු	9244
කෙරුණේ	4611
කෙරුන	391
කෙරුනා	777
කෙරුනි	714
කෙරුනු	2269
කෙරුනේ	941
කෙරුමට	331
කෙරුම්	287
කෙරුව	453
කෙරුවත්	303
කෙරුවා	1128
කෙරුවාව	1484
කෙරුවාවට	276
කෙරුවෙ	349
කෙරුවේ	1072
කෙරුවොත්	226
කෙරූ	509
කෙරෙත්	295
කෙරෙති	348
කෙරෙන	21933
කෙරෙනවා	4235
කෙරෙන්	1085
කෙරෙන්න	544
කෙරෙන්නෙ	457
කෙරෙන්නේ	4322
කෙරෙනු	2780
කෙරෙනුයේ	422
කෙරෙමින්	1657
කෙරෙයි	2038
කෙරෙව්වා	260
කෙරෙහි	20978
කෙරෙහිත්	243
කෙරෙහිද	883
කෙරෙහිම	225
කෙරේ	16165
කෙරේද	696
කෙල	3193
කෙලලා	324
කෙලවර	1522
කෙලවරක	208
කෙලවරක්	351
කෙලවරට	202
කෙලවරේ	536
කෙල්ල	10587
කෙල්ලක්	1028
කෙල්ලගෙ	1112
කෙල්ලගෙන්	266
කෙල්ලගේ	1615
කෙල්ලට	2935
කෙල්ලත්	775
කෙල්ලන්	1287
කෙල්ලන්ගෙ	289
කෙල්ලන්ගේ	594
කෙල්ලන්ට	1557
කෙල්ලන්ව	226
කෙල්ලයි	372
කෙල්ලව	1292
කෙල්ලෙ	347
කෙල්ලෙක්	6510
කෙල්ලෙක්ගෙ	249
කෙල්ලෙක්ගේ	234
කෙල්ලෙක්ට	706
කෙල්ලෙක්ව	313
කෙල්ලෙකුට	452
කෙල්ලේ	618
කෙල්ලො	4829
කෙල්ලොත්	477
කෙල්ලොන්ට	362
කෙල්ලෝ	5119
කෙලි	1270
කෙලින	592
කෙලිනවා	270
කෙලින්	4333
කෙලින්න	631
කෙලින්නේ	321
කෙලින්ම	7577
කෙලිය	412
කෙලියක්	212
කෙලියයි	359
කෙලියා	234
කෙලී	503
කෙලෙස	840
කෙලෙසක	246
කෙලෙසද	655
කෙලෙස්	2021
කෙලෙසුන්	296
කෙවින්	429
කෙවෙනි	278
කෙසඟ	302
කෙස්	3099
කෙසෙල්	3258
කෙසෙල්වත්ත	350
කෙසේ	52587
කෙසේද	8988
කෙසේදැයි	1801
කෙසේවත්	508
කෙසේවුවද	681
කෙසේවෙතත්	2884
කෙහෙල්	2047
කෙහෙල්මල්	297
කෙහෙලිය	322
කෙහෙළිය	1090
කෙළ	2191
කෙළවර	2991
කෙළවරක	349
කෙළවරක්	793
කෙළවරට	304
කෙළවරේ	461
කෙළි	984
කෙළින	256
කෙළින්	1349
කෙළින්ම	1523
කෙළිමඬල	323
කෙළිය	491
කෙළෙමි	420
කෙළෙස්	477
කෙළේ	2188
කෙළේය	1488
කේ	15944
කේක්	4324
කේට්	356
කේත	1527
කේතකී	375
කේතනය	226
කේතය	832
කේතු	784
කේන්ති	1853
කේන්තිය	633
කේන්තියක්	338
කේන්තියෙන්	516
කේන්දර	1607
කේන්දරය	341
කේන්දරේ	645
කේබල්	1046
කේමදාස	682
කේමදාසයන්	287
කේරල	577
කේරළ	1396
කේලම්	300
කේලාම්	297
කේවල	653
කේවල්	411
කේශ	318
කේසර	277
කො	2018
කොං	268
කොක්	456
කොක්ක	420
කොක්කක්	259
කොක්කු	354
කොකා	1816
කොකාකෝලා	338
කොකිස්	381
කොකු	370
කොකේන්	921
කොග්ගල	513
කොච්චර	21797
කොච්චරක්	343
කොච්චරද	466
කොච්චරනම්	297
කොච්චරවත්	230
කොච්චි	661
කොච්චිකඩේ	510
කොට	86788
කොටකෙතන	398
කොටගත්	896
කොටගල	460
කොටගෙන	2148
කොටට	576
කොටත්	939
කොටන	955
කොටනවා	340
කොටන්	305
කොටන්න	1730
කොටන්නේ	230
කොටපු	300
කොටම	1495
කොටය	251
කොටයක්	363
කොටයි	512
කොටල	546
කොටලා	1179
කොටස	24870
කොටසක	868
කොටසකට	941
කොටසක්	17402
කොටසක්ද	234
කොටසකි	1380
කොටසකින්	255
කොටසකුත්	265
කොටසට	2266
කොටසත්	1450
කොටසයි	587
කොටස්	34659
කොටස්කරුවන්	475
කොටස්වල	758
කොටස්වලට	544
කොටස්වලින්	240
කොටසින්	1521
කොටසෙ	311
කොටසෙදි	237
කොටසෙන්	338
කොටසෙහි	340
කොටසේ	3479
කොටසේදී	335
කොටහ	255
කොටහේන	670
කොට්ට	933
කොට්ටය	283
කොට්ටයක්	246
කොට්ටාව	1227
කොට්ටෙ	232
කොට්ටේ	279
කොට්ඨාශ	1850
කොට්ඨාශය	3179
කොට්ඨාශයක්	445
කොට්ඨාශයට	826
කොට්ඨාශයේ	1483
කොට්ඨාස	2371
කොට්ඨාසය	2562
කොට්ඨාසයක්	246
කොට්ඨාසයට	868
කොට්ඨාසයේ	1946
කොට්ඨාසවල	247
කොටා	3022
කොටාගෙන	335
කොටැ	254
කොටි	20206
කොටිකාවත්ත	291
කොටින්	1238
කොටින්ගෙන්	234
කොටින්ගේ	783
කොටින්ට	1544
කොටින්ම	5732
කොටිම්ම	233
කොටියට	213
කොටියා	2080
කොටියෙක්	364
කොටු	5161
කොටුකර	243
කොටුගොඩ	336
කොටුව	7860
කොටුවක්	581
කොටුවට	908
කොටුවී	246
කොටුවෙ	503
කොටුවෙන්	653
කොටුවේ	2249
කොටේ	321
කොඩ්	417
කොඩි	3085
කොඩිකාර	612
කොඩිතුවක්කු	671
කොඩිප්පිලි	702
කොඩිය	2654
කොඩියක්	752
කොඩියට	231
කොඩියේ	401
කොණ	267
කොණක	351
කොණ්ඩ	763
කොණ්ඩය	1249
කොණ්ඩයක්	238
කොණ්ඩයා	281
කොණ්ඩා	416
කොණ්ඩෙ	1148
කොණ්ඩේ	601
කොත	490
කොතන	341
කොතනක	252
කොතනකවත්	224
කොතනද	939
කොතනින්	327
කොතනින්ද	224
කොතරම්	7266
කොතරම්ද	208
කොතලාවල	1446
කොත්	479
කොත්තමල්ලි	527
කොත්තු	1204
කොත්මලේ	1288
කොතැන	540
කොතැනක	972
කොතැනකවත්	273
කොතැනද	648
කොතෙක්	1768
කොතෙකුත්	958
කොදෙව්	1487
කොදෙව්වන්	285
කොන	802
කොනක	1414
කොනකට	221
කොනක්	448
කොනකින්	331
කොනට	251
කොන්	1562
කොන්ඩ	383
කොන්ඩම්	825
කොන්ඩය	297
කොන්ඩෙ	838
කොන්ඩේ	942
කොන්ද	2564
කොන්දක්	1112
කොන්දට	197
කොන්දා	347
කොන්දේ	370
කොන්දේසි	5982
කොන්දේසිය	444
කොන්දේසියක්	747
කොන්දේසිවලට	370
කොන්දොස්තර	1413
කොන්සල්	320
කොන්සෝල්රු	300
කොනින්	426
කොනේ	674
කොඳු	695
කොපමණ	3287
කොපමණද	1204
කොපමන	503
කොපර්	228
කොපි	5096
කොපිය	398
කොපියක්	941
කොපු	428
කොපුල්	256
කොබ්බෑකඩුව	554
කොම	208
කොමඩ්	262
කොමඩි	583
කොමඩියක්	301
කොමඩු	361
කොමදෝරු	225
කොමන්	307
කොමන්ට්	884
කොමන්ස්	260
කොමර්ෂල්	786
කොමසාරිස්	9032
කොමසාරිස්ට	217
කොමසාරිස්වරයා	2230
කොමසාරිස්වරයාගේ	342
කොමසාරිස්වරයාට	457
කොමසාරිස්වරිය	360
කොමසාරිස්වරුන්	307
කොම්	1007
කොම්පඤ්ඤ	273
කොම්පඤ්ඤවීදිය	237
කොම්පැණි	304
කොම්පැණිය	241
කොම්පැනි	596
කොම්පැනිය	282
කොම්පැනියේ	279
කොම්පියුටර්	1360
කොම්පියුටරේ	453
කොම්පෝස්ට්	332
කොමා	240
කොමාන්ඩෝ	297
කොමික්	250
කොමියුනිස්ට්	3544
කොමිෂන්	10105
කොමිෂම	358
කොමිෂමේ	226
කොමිසන්	1353
කොමිසම	11267
කොමිසමක්	966
කොමිසමට	3365
කොමිසම්	920
කොමිසමෙන්	503
කොමිසමේ	6214
කොමිසමේදී	209
කොමිස්	1829
කොමෙන්ට්	8115
කොමෙන්ට්ස්	857
කොමෙන්ටු	1168
කොමෙන්ටුව	1049
කොමෙන්ටුවක්	1058
කොමෙන්ටුවට	384
කොයි	15978
කොයිතරම්	3359
කොයින්ද	748
කොයිබටද	221
කොයිම	239
කොයිල්	413
කොර	1859
කොරගන්න	392
කොරගෙන	558
කොරන	1677
කොරනව	248
කොරනවා	686
කොරන්ට	797
කොරන්ඩ	360
කොරන්න	3302
කොරන්නද	554
කොරන්නෙ	621
කොරන්නේ	984
කොරපු	670
කොරයි	218
කොරල	1385
කොරල්	974
කොරලා	2248
කොරා	386
කොරාපු	232
කොරිඩෝව	252
කොරින්ති	658
කොරියන්	852
කොරියා	491
කොරියානු	3537
කොරියාව	2667
කොරියාවට	735
කොරියාවෙන්	321
කොරියාවේ	2192
කොරේ	321
කොරෝනා	11260
කොල	5327
කොලපාට	255
කොලබ	403
කොලම	594
කොලඹ	3704
කොලඹට	248
කොලය	318
කොලයක්	956
කොලර්	248
කොල්	592
කොල්කටා	253
කොල්ල	4328
කොල්ලකන	218
කොල්ලකරුවන්	902
කොල්ලකා	455
කොල්ලකාරී	233
කොල්ලකෑම	420
කොල්ලකෑමට	327
කොල්ලකෑම්	402
කොල්ලකෑමේ	298
කොල්ලගෙ	503
කොල්ලගේ	536
කොල්ලට	1595
කොල්ලත්	446
කොල්ලන්	1509
කොල්ලන්ගෙ	275
කොල්ලන්ගේ	620
කොල්ලන්ට	1909
කොල්ලනේ	451
කොල්ලය	753
කොල්ලයට	286
කොල්ලයි	355
කොල්ලව	531
කොල්ලා	5635
කොල්ලාගේ	246
කොල්ලාට	294
කොල්ලුපිටිය	914
කොල්ලුපිටියේ	469
කොල්ලූපිටිය	327
කොල්ලෙක්	6908
කොල්ලෙක්ගේ	226
කොල්ලෙක්ට	517
කොල්ලෙකු	197
කොල්ලෙකුට	399
කොල්ලො	6630
කොල්ලොත්	488
කොල්ලොන්ට	322
කොල්ලෝ	7007
කොල්වින්	417
කොලා	1191
කොලිටි	589
කොලිටිය	350
කොලු	2163
කොලුව	247
කොලුවට	370
කොලුවා	1833
කොලුවාගේ	263
කොලුවෙක්	227
කොලුවො	217
කොලුවෝ	313
කොලූ	270
කොලූගැටයා	602
කොලෙස්ටරෝල්	479
කොලේ	2371
කොලේක	267
කොලේජ්	403
කොලේට	218
කොලොන්නාව	622
කොලොන්නාවේ	223
කොලොම්බියා	245
කොවිඞ්	333
කොවිඩ්	2328
කොස්	3855
කොස්ගම	759
කොස්ගොඩ	534
කොස්තා	495
කොස්තාපල්	778
කොස්තාපල්වරයා	420
කොස්තාපල්වරයෙකු	273
කොස්තාපල්වරුන්	327
කොස්ලන්ද	478
කොස්වත්ත	449
කොස්ස	281
කොස්සක්	225
කොසු	224
කොසොල්	920
කොහමද	367
කොහා	334
කොහාට	291
කොහාටද	426
කොහි	617
කොහිද	890
කොහිල	272
කොහු	729
කොහුවල	445
කොහෙ	2073
කොහෙට	272
කොහෙටද	290
කොහෙත්	545
කොහෙත්ම	2083
කොහෙද	18011
කොහෙදෝ	576
කොහෙන්	3032
කොහෙන්ද	2613
කොහෙන්දෝ	325
කොහෙම	212
කොහෙවත්	1841
කොහෙහරි	279
කොහේ	7080
කොහේද	3295
කොහේදැයි	210
කොහේදෝ	980
කොහේවත්	1160
කොහොම	35205
කොහොමට	427
කොහොමටත්	2076
කොහොමටවත්	608
කොහොමත්	10831
කොහොමද	43541
කොහොමවත්	401
කොහොමවුනත්	473
කොහොමහරි	4989
කොහොමින්	2222
කොහොමෙන්	616
කොහොමෙයි	896
කොහොඹ	890
කොහෝ	341
කොළ	10238
කොළඔ	669
කොළපාට	301
කොළබ	280
කොළඹ	110799
කොළඹගේ	337
කොළඹට	4339
කොළඹදී	3643
කොළඹරු	1633
කොළඹින්	1502
කොළය	472
කොළයක්	668
කොළා	201
කොළු	616
කොළුවා	278
කොළේ	527
කොළොන්නාව	1046
කොළොන්නාවේ	296
කෝ	13548
කෝකටත්	1848
කෝක්	350
කෝකිල	213
කෝකිලායි	210
කෝච්චි	1595
කෝච්චිය	1459
කෝච්චියක්	419
කෝච්චියට	689
කෝච්චියෙ	574
කෝච්චියෙන්	333
කෝච්චියේ	1296
කෝචොක්	227
කෝට්	1430
කෝට්ටේ	3113
කෝට්ටේගොඩ	209
කෝටා	221
කෝටි	10902
කෝටිපති	788
කෝටියක	255
කෝටියකට	283
කෝටියක්	1148
කෝටියයි	456
කෝටු	628
කෝඩ්	1375
කෝණ	534
කෝණය	448
කෝණයකින්	450
කෝණයෙන්	408
කෝණික	254
කෝදාගොඩ	475
කෝන්	611
කෝප	1103
කෝපන්හේගන්	220
කෝපය	1467
කෝපයක්	308
කෝපයට	927
කෝපයෙන්	722
කෝපරේෂන්	364
කෝප්	2918
කෝප්ප	1089
කෝප්පය	611
කෝප්පයක්	862
කෝපායි	285
කෝපි	3887
කෝම	986
කෝමත්	272
කෝමද	1095
කෝමා	215
කෝමාරිකා	258
කෝරලේ	784
කෝරළේ	649
කෝල	407
කෝලම	209
කෝලම්	490
කෝල්	8809
කෝල්ස්	205
කෝලා	738
කෝලාහල	344
කෝලි	563
කෝලිත	209
කෝවිල	966
කෝවිලට	307
කෝවිල්	828
කෝවිලේ	752
කෝෂ	885
කෝෂය	539
කෝසල	457
කෝස්	868
කෞතුක	416
කෞතුකාගාර	718
කෞතුකාගාරය	1386
කෞතුකාගාරයක්	278
කෞතුකාගාරයේ	709
කෞෂාල්	235
කෲර	1152
කෲස්	230
ඛණ්ඩ	353
ඛණ්ඩය	291
ඛණ්ඩාංක	346
ඛණිජ	924
ඛනිජ	3843
ඛනිජතෙල්	377
ඛාදනය	494
ඛාන්	2013
ඛාන්ගේ	305
ඛුද්දක	436
ඛෙදා	220
ඛෙහෙත්	214
ඛේදජනක	411
ඛේදනීය	541
ඛේදවාචකය	1193
ඛේදවාචකයක්	570
ඛේදවාචකයට	242
ඛේදවාචකයෙන්	230
ගංගගෙ	318
ගංගා	2844
ගංගාරාම	399
ගංගාව	599
ගංගාවක්	470
ගංගාවේ	272
ගංගොඩවිල	761
ගංඟා	533
ගංජා	4615
ගංවතුර	2830
ගංවතුරට	391
ගංවතුරින්	256
ගංවතුරෙන්	487
ගග	748
ගගට	322
ගගන	499
ගගහ	619
ගගහා	576
ගගා	1233
ගගේ	550
ගඟ	5754
ගඟක්	822
ගඟට	1835
ගඟෙන්	419
ගඟේ	2286
ගජ	768
ගජබා	546
ගජමන්	267
ගජරාමෙට	259
ගඩාෆි	1102
ගඩාෆිගේ	291
ගඩොල්	2056
ගඩොලින්	205
ගණ	1284
ගණං	995
ගණක	243
ගණකාධිකරණ	229
ගණකාධිකාරි	322
ගණකාධිකාරී	475
ගණන	7848
ගණනක	2170
ගණනකගේ	272
ගණනකට	2566
ගණනක්	11834
ගණනකි	308
ගණනකින්	659
ගණනට	507
ගණනය	3816
ගණන්	19899
ගණන්වල	975
ගණන්වලට	207
ගණනාවක	2084
ගණනාවකට	2016
ගණනාවකදී	325
ගණනාවක්	9669
ගණනාවක්ම	595
ගණනාවකින්	642
ගණනින්	2213
ගණනේ	728
ගණය	255
ගණයට	1191
ගණයේ	1753
ගණිකා	2881
ගණිකාව	361
ගණිකාවක්	556
ගණිකාවන්	649
ගණිකාවෝ	206
ගණිත	2734
ගණිතමය	1169
ගණිතය	3311
ගණිතයට	437
ගණිතයේ	324
ගණු	222
ගණුදෙණු	249
ගණුදෙනු	1734
ගණුදෙනුව	590
ගණුදෙනුවක්	282
ගණේමුල්ල	201
ගත	98886
ගතකර	1773
ගතකරන	885
ගතකරන්න	332
ගතකරපු	249
ගතකල	615
ගතකළ	529
ගතකිරීමට	333
ගතකොට	244
ගතට	480
ගතයුතු	1754
ගතයුතුය	211
ගතව	1885
ගතවන	1692
ගතවනු	243
ගතවිය	355
ගතවී	1348
ගතවීම	441
ගතවීමට	472
ගතවු	199
ගතවූ	1717
ගතවෙන	384
ගතවෙනවා	204
ගතවෙලා	515
ගතවේ	361
ගතහැකි	921
ගතහොත්	1795
ගත්	80774
ගත්කල	772
ගත්ත	26864
ගත්තකි	295
ගත්තට	3632
ගත්තත්	3887
ගත්තද	2155
ගත්තනං	229
ගත්තනම්	665
ගත්තනෙ	201
ගත්තනේ	322
ගත්තම	3801
ගත්තලු	843
ගත්තහම	926
ගත්තා	45328
ගත්තාට	896
ගත්තාද	311
ගත්තානම්	277
ගත්තාම	1566
ගත්තාය	1934
ගත්තෑකි	207
ගත්තු	8722
ගත්තෙ	8165
ගත්තෙත්	820
ගත්තෙමි	1511
ගත්තෙමු	599
ගත්තේ	29755
ගත්තේද	305
ගත්තේය	9001
ගත්තොත්	6576
ගත්තෝ	383
ගත්තෝය	389
ගත්විට	720
ගත්හ	3605
ගතානුගතික	536
ගති	5848
ගතික	456
ගතිගුණ	1251
ගතින්	427
ගතිමි	2619
ගතිමු	468
ගතිය	3692
ගතියක්	4264
ගතියකුත්	250
ගතියට	324
ගතියෙන්	267
ගතු	237
ගතේ	372
ගද	524
ගද්දි	405
ගන	1605
ගනං	1054
ගනන	1002
ගනනක	478
ගනනකට	470
ගනනක්	3401
ගනනය	296
ගනන්	9643
ගනන්වල	961
ගනනාවක	428
ගනනාවකට	418
ගනනාවක්	2133
ගනනින්	556
ගනනේ	323
ගනයට	423
ගනයේ	758
ගන්	842
ගන්ට	3021
ගන්ඩ	2395
ගන්දර	202
ගන්ධ	316
ගන්ධබ්බ	316
ගන්න	154670
ගන්නකම්	202
ගන්නකො	359
ගන්නකොට	1285
ගන්නකොටම	236
ගන්නකෝ	413
ගන්නට	19597
ගන්නටත්	509
ගන්නටය	328
ගන්නත්	4288
ගන්නද	981
ගන්නම	594
ගන්නම්	1410
ගන්නයි	1451
ගන්නව	3574
ගන්නවට	506
ගන්නවත්	1152
ගන්නවද	878
ගන්නවනම්	376
ගන්නවනේ	198
ගන්නවලු	215
ගන්නවා	23634
ගන්නවාට	437
ගන්නවාද	449
ගන්නවානම්	321
ගන්නවාය	281
ගන්නා	52355
ගන්නැයි	755
ගන්නෙ	6383
ගන්නෙත්	810
ගන්නෙමි	197
ගන්නෙමු	242
ගන්නේ	21890
ගන්නේද	329
ගන්නේය	352
ගන්වන	711
ගන්වන්න	289
ගන්වමින්	380
ගන්වා	1176
ගනි	545
ගනිං	736
ගනිත්වා	208
ගනිති	2370
ගනිද්දි	731
ගනිද්දී	1343
ගනින්	2556
ගනින්න	224
ගනිපු	376
ගනිමි	1171
ගනිමින්	21014
ගනිමිනි	1270
ගනිමිනුයි	217
ගනිමු	3605
ගනියි	4053
ගනිල්ලා	623
ගනී	11292
ගනීද	543
ගනීවි	1236
ගනු	17019
ගනුදෙනු	5229
ගනුදෙනුකරුවන්	311
ගනුදෙනුව	1483
ගනුදෙනුවක්	782
ගනුදෙනුවට	317
ගනුදෙනුවේ	224
ගනේගොඩ	209
ගනේමුල්ල	321
ගනේෂන්	999
ගඳ	2606
ගඳක්	318
ගඳයි	356
ගබඩා	5441
ගබඩාව	1171
ගබඩාවක	234
ගබඩාවක්	657
ගබඩාවට	244
ගබඩාවල	199
ගබඩාවේ	531
ගබ්සා	1197
ගබ්සාව	841
ගබ්සාවක්	255
ගම	8668
ගමං	1475
ගමක	1840
ගමකට	582
ගමක්	1524
ගමගේ	4066
ගමට	5775
ගමටම	477
ගමත්	275
ගමන	18095
ගමනක	1385
ගමනකට	705
ගමනක්	7188
ගමනකි	205
ගමනකින්	422
ගමනට	3710
ගමනත්	367
ගමනය	421
ගමන්	76051
ගමන්කරන	221
ගමන්ගත්	800
ගමන්ම	3144
ගමන්මග	245
ගමන්මයි	239
ගමනා	1020
ගමනාගමන	2492
ගමනාගමනය	1180
ගමනාගමනයට	694
ගමනාන්ත	231
ගමනාන්තය	750
ගමනාන්තයට	281
ගමනින්	1396
ගමනෙ	294
ගමනෙදි	319
ගමනෙන්	207
ගමනේ	3779
ගමනේදී	1071
ගමම	391
ගමයා	297
ගමරාල	198
ගම්	8134
ගම්පහ	26578
ගම්පහට	283
ගම්පහරු	1723
ගම්පෙරළිය	408
ගම්පොල	917
ගම්පොළ	846
ගම්බද	1295
ගම්බිම්	577
ගම්මන්පිල	2481
ගම්මන්පිළ	276
ගම්මාන	2912
ගම්මානය	1922
ගම්මානයක	327
ගම්මානයක්	604
ගම්මානයට	620
ගම්මානයේ	2095
ගම්මානවල	726
ගම්මානවලට	212
ගම්මැද්ද	611
ගම්මිරිස්	1190
ගම්මු	701
ගම්මුන්	340
ගම්ලත්	1056
ගම්වල	1460
ගම්වලට	222
ගම්වාසීන්	949
ගම්වැසියන්	456
ගමි	328
ගමින්	782
ගමු	2796
ගමුද	409
ගමෙ	243
ගමෙන්	1248
ගමෙහි	353
ගමේ	21050
ගමේම	469
ගයන	1911
ගයන්ත	1853
ගයන්න	505
ගයන්නට	377
ගයන්නේ	472
ගයනා	309
ගයනි	247
ගයනු	220
ගයමින්	479
ගයයි	289
ගයා	904
ගයාන්	2231
ගයිඩ්	349
ගයේෂා	292
ගරන	225
ගරහන	341
ගර්ජන	270
ගර්භ	234
ගර්භණී	560
ගර්භනී	587
ගර්භය	348
ගර්භයේ	310
ගර්භාෂය	300
ගර්ල්	713
ගරා	764
ගරාජ්	441
ගරිල්ලා	840
ගරු	17271
ගරුක	731
ගරුකරන	200
ගරුතර	312
ගරුත්වය	956
ගරුත්වයක්	285
ගල	3316
ගලක	346
ගලක්	1981
ගලගම	233
ගලගෙදර	285
ගලගොඩ	214
ගලගොඩඅත්තේ	1188
ගලට	281
ගලන	2243
ගලනවා	514
ගලන්න	225
ගලන්නේ	247
ගලනා	421
ගලපන්න	229
ගලපලා	418
ගලප්පත්ති	414
ගලපා	646
ගලබොඩ	212
ගලයි	435
ගලව	237
ගලවගෙන	272
ගලවන	499
ගලවනවා	294
ගලවන්න	1121
ගලවපු	200
ගලවයි	241
ගලවල	872
ගලවලා	1984
ගලවා	5111
ගලවාගත්	217
ගලවාගෙන	423
ගලහ	355
ගල්	25221
ගල්අඟුරු	293
ගල්ඔය	257
ගල්කිරියාගම	276
ගල්කිස්ස	2966
ගල්කිස්සේ	372
ගල්ගමුව	832
ගල්නෑව	253
ගල්පර	251
ගල්මල්	287
ගල්ලෙන්	225
ගල්වල	202
ගල්ෆ්	551
ගලා	8730
ගලාගෙන	2103
ගලායන	700
ගලින්	434
ගලෙන්	383
ගලේ	1064
ගලේවෙල	805
ගලෝල	240
ගව	2481
ගවමස්	211
ගවයන්	879
ගවයා	462
ගවයින්	833
ගව්	510
ගව්ව	208
ගවුම	832
ගවුමක්	503
ගවුම්	740
ගවුමේ	199
ගවේශනය	214
ගවේෂකවරයා	322
ගවේෂණ	1451
ගවේෂණය	1420
ගවේෂණාත්මක	343
ගස	3375
ගසක	1320
ගසකට	410
ගසක්	2152
ගසකින්	262
ගසට	583
ගසති	422
ගසන	2086
ගසනවා	226
ගසන්න	209
ගසන්නට	835
ගසන්නේ	387
ගසනු	324
ගසමින්	1813
ගසයි	834
ගස්	14907
ගස්ලබු	560
ගස්වල	825
ගස්වලින්	208
ගස්වා	387
ගස්වැල්	240
ගස්සා	218
ගසා	10653
ගසාගෙන	1540
ගසුත්	202
ගසෙන්	215
ගසේ	1100
ගහ	8845
ගහං	202
ගහක	959
ගහකට	457
ගහක්	3173
ගහකොළ	448
ගහගන්න	1047
ගහගෙන	5031
ගහට	1430
ගහණ	379
ගහණය	377
ගහද්දි	520
ගහන	10248
ගහනකොට	588
ගහනය	412
ගහනව	1694
ගහනවද	279
ගහනවා	6014
ගහන්	582
ගහන්ට	355
ගහන්ඩ	473
ගහන්න	12595
ගහන්නට	453
ගහන්නත්	413
ගහන්නෙ	1258
ගහන්නේ	2558
ගහපන්	477
ගහපිය	246
ගහපු	6006
ගහමින්	204
ගහමු	622
ගහමුද	211
ගහයි	1073
ගහල	7758
ගහලද	217
ගහලා	10829
ගහෙත්	257
ගහෙන්	1058
ගහේ	2320
ග්රෑම්	315
ග්ලයිෆොසේට්	240
ග්ලාස්	335
ග්ලාස්ගෝ	210
ග්ලූකෝස්	247
ග්ලෝබල්	293
ගා	3298
ගාගෙන	1038
ගාඩ්	1067
ගාඩියන්	206
ගාණ	907
ගාණක	271
ගාණකට	631
ගාණක්	3438
ගාණට	857
ගාණේ	230
ගාතනය	203
ගාථා	2058
ගාථාව	965
ගාථාවක්	200
ගාන	5712
ගානක	812
ගානකට	1853
ගානක්	9810
ගානක්වත්	220
ගානකින්	587
ගානට	5148
ගානටම	249
ගානත්	281
ගානයි	568
ගානව	264
ගානවා	1036
ගාන්ධි	1993
ගාන්ධිගේ	238
ගාන්න	1376
ගාන්නට	214
ගාන්නේ	378
ගානා	336
ගානෙ	3107
ගානෙන්	215
ගානෙම	239
ගානේ	6639
ගාපු	491
ගාමක	231
ගාමන්ට්	554
ගාම්භීර	475
ගාමිණි	1985
ගාමිණී	5859
ගාමින්	651
ගාමිනී	363
ගාය	328
ගායක	1976
ගායකයකු	286
ගායකයන්	312
ගායකයා	1021
ගායකයාගේ	209
ගායකයින්	211
ගායකයෙක්	1021
ගායකයෙකු	317
ගායකයෝ	250
ගායන	2556
ගායනය	3897
ගායනයට	499
ගායනයෙන්	322
ගායනා	6894
ගායිකා	334
ගායිකාව	489
ගායිකාවක්	539
ගායිකාවන්	515
ගාර්ඩ්	207
ගාල	4145
ගාල්	1283
ගාල්ල	18573
ගාල්ලට	668
ගාල්ලරු	533
ගාල්ලෙ	613
ගාල්ලෙන්	301
ගාල්ලේ	2208
ගාල්ලේදී	257
ගාලා	5402
ගාලු	3600
ගාලුමුවදොර	323
ගාලූ	695
ගාලේ	238
ගාව	7683
ගාවට	4392
ගාවටම	291
ගාවත්	342
ගාවම	331
ගාවා	317
ගාවින්	947
ගාස්තු	7574
ගාස්තුව	2600
ගාස්තුවක්	702
ගාසා	807
ගාළු	412
ගැ	708
ගැජට්	1813
ගැජමැටික්	204
ගැට	4219
ගැටගසා	418
ගැටඹේ	502
ගැටය	420
ගැටයක්	396
ගැටයා	497
ගැටයෙක්	251
ගැටලු	11296
ගැටලුකාරී	347
ගැටලුව	5354
ගැටලුවකට	388
ගැටලුවක්	5214
ගැටලුවකි	696
ගැටලුවට	1203
ගැටලුවලට	981
ගැටලූ	1584
ගැටලූව	756
ගැටලූවක්	579
ගැටලූවට	279
ගැටලූවලට	223
ගැටවර	292
ගැටළු	10007
ගැටළුකාරී	397
ගැටළුව	4189
ගැටළුවකට	259
ගැටළුවක්	5346
ගැටළුවකි	412
ගැටළුවට	1279
ගැටළුවලට	721
ගැට්ට	220
ගැටී	3533
ගැටීම	597
ගැටීම්	251
ගැටීමෙන්	3095
ගැටීමෙනුයි	299
ගැටුණු	541
ගැටුනු	211
ගැටුනේ	217
ගැටුම	3630
ගැටුමක	368
ගැටුමකට	470
ගැටුමක්	3095
ගැටුමකින්	616
ගැටුමට	806
ගැටුම්	5821
ගැටුම්කාරී	483
ගැටුම්වලට	260
ගැටුම්වලින්	311
ගැටුමෙන්	495
ගැටුමේ	456
ගැටුමේදී	207
ගැටෙන	1150
ගැටෙමින්	261
ගැටෙයි	219
ගැටේ	546
ගැණ	427
ගැණු	798
ගැණුනා	567
ගැණුනු	486
ගැණුනේ	245
ගැත්තන්	252
ගැති	1949
ගැන	339464
ගැනත්	12576
ගැනද	3617
ගැනනං	258
ගැනනම්	1281
ගැනනේ	327
ගැනම	3222
ගැනමයි	242
ගැනය	1842
ගැනයි	5684
ගැනවත්	1484
ගැනවිලි	206
ගැන්	420
ගැන්ම	751
ගැන්මට	718
ගැන්විය	275
ගැන්වී	336
ගැන්වීම	1734
ගැන්වීමක්	217
ගැන්වීමට	959
ගැන්වීම්	539
ගැන්වීමේ	629
ගැන්වුයේ	212
ගැන්වූ	439
ගැන්වෙන	297
ගැන්සිය	211
ගැනිණ	513
ගැනිණි	820
ගැනිම	2142
ගැනිමට	3183
ගැනිමෙන්	251
ගැනිමේ	822
ගැනිල්ල	203
ගැනීම	76369
ගැනීමකට	347
ගැනීමක්	3570
ගැනීමකි	568
ගැනීමකින්	250
ගැනීමට	89464
ගැනීමටත්	2545
ගැනීමටද	982
ගැනීමටය	1054
ගැනීමටයි	1138
ගැනීමටවත්	305
ගැනීමත්	3019
ගැනීමද	672
ගැනීමය	1198
ගැනීමයි	3942
ගැනීමරු	440
ගැනීම්	5400
ගැනීමෙන්	7112
ගැනීමෙනි	442
ගැනීමේ	24918
ගැනීමේදී	3128
ගැනු	590
ගැනුණා	1137
ගැනුණි	312
ගැනුණු	1093
ගැනුණේ	700
ගැනුනා	511
ගැනුනි	234
ගැනුනු	626
ගැනුනේ	501
ගැනුම	248
ගැනුමට	366
ගැනුම්	10493
ගැනුම්කරුවන්	224
ගැනෙන	2533
ගැනෙනවා	505
ගැනෙන්නේ	732
ගැනෙයි	276
ගැනේ	2497
ගැබ	886
ගැබක්	202
ගැබ්	2026
ගැබ්බර	395
ගැබ්ව	496
ගැබිණි	877
ගැබිනි	503
ගැබේ	223
ගැම්මක්	298
ගැමා	207
ගැමි	2567
ගැමියන්	685
ගැමියා	511
ගැමියාගේ	290
ගැමියෝ	350
ගැමුණු	3113
ගැඹුර	1058
ගැඹුරක්	328
ගැඹුරට	797
ගැඹුරින්	1772
ගැඹුරු	6961
ගැඹුරුම	382
ගැඹුරුයි	291
ගැඹුරුවන	198
ගැයීම	299
ගැයීමට	300
ගැයු	229
ගැයුම	295
ගැයුම්	327
ගැයුවේ	225
ගැයූ	1815
ගැයෙන	411
ගැරහුම්	279
ගැල	314
ගැලපීම	451
ගැලපීමක්	254
ගැලපෙන	6137
ගැලපෙනවද	247
ගැලපෙනවා	939
ගැලපෙන්න	281
ගැලපෙන්නෙ	611
ගැලපෙන්නේ	1170
ගැලපේ	287
ගැලරිය	642
ගැලවිය	251
ගැලවිලා	770
ගැලවී	1415
ගැලවීම	1312
ගැලවීමක්	464
ගැලවීමට	775
ගැලවීමේ	452
ගැලවෙන	332
ගැලවෙන්න	957
ගැලවෙන්නට	260
ගැල්	375
ගැලැක්සි	220
ගැලී	583
ගැලීම	622
ගැලීම්	689
ගැලීලියෝ	367
ගැලූ	294
ගැලෙව්වා	313
ගැවසෙන	1176
ගැසට්	6320
ගැස්ම	678
ගැස්සිලා	351
ගැස්සී	221
ගැස්සෙන	233
ගැසිය	613
ගැසී	2158
ගැසීම	3146
ගැසීමක්	338
ගැසීමට	2145
ගැසීම්	607
ගැසීමෙන්	387
ගැසීමේ	768
ගැසීය	249
ගැසු	296
ගැසුණා	305
ගැසුණු	741
ගැසුන	219
ගැසුනු	331
ගැසුවා	340
ගැසුවේ	481
ගැසුවේය	260
ගැසූ	2590
ගැසෙන	596
ගැසෙන්නේ	237
ගැහැට	602
ගැහැණිය	1555
ගැහැණියක	317
ගැහැණියකගේ	232
ගැහැණියකට	204
ගැහැණියක්	879
ගැහැණියට	304
ගැහැණු	6891
ගැහැණුන්	1007
ගැහැණුන්ගේ	200
ගැහැණුන්ට	280
ගැහැනිය	804
ගැහැනියක	329
ගැහැනියකට	237
ගැහැනියක්	853
ගැහැනු	2924
ගැහැනුන්	848
ගැහැනුන්ට	341
ගැහැව්වා	408
ගැහි	593
ගැහිල	420
ගැහිල්ල	716
ගැහිල්ලක්	239
ගැහිලා	1184
ගැහිලි	303
ගැහී	325
ගැහීම	285
ගැහුණා	247
ගැහුණු	439
ගැහුන	214
ගැහුනා	358
ගැහුව	1368
ගැහුවට	644
ගැහුවත්	1057
ගැහුවද	233
ගැහුවම	520
ගැහුවා	4531
ගැහුවෙ	831
ගැහුවේ	1449
ගැහුවොත්	698
ගැහෙන	1414
ගැහෙනවා	577
ගැහෙන්න	773
ගැහෙන්නේ	227
ගැහෙමින්	211
ගැළපවීම	205
ගැළපෙන	1698
ගෑ	1185
ගෑණි	999
ගෑණිට	319
ගෑණියෙක්	489
ගෑණු	7107
ගෑණුන්ට	316
ගෑණූ	236
ගෑන	2119
ගෑනි	2266
ගෑනිගෙ	482
ගෑනිගේ	201
ගෑනිට	850
ගෑනිත්	198
ගෑනියෙක්	947
ගෑනිව	233
ගෑනු	8244
ගෑනුන්ගේ	210
ගෑනුන්ට	592
ගෑම	499
ගෑමේ	328
ගෑල්ලමයි	219
ගෑවා	634
ගෑවිලා	445
ගෑවිලාවත්	214
ගෑවී	320
ගෑවෙන	297
ගෑවේ	289
ගෑස්	5029
ගි	419
ගිං	644
ගිංතොට	232
ගිගා	268
ගිගුම්	299
ගිගුරුම්	3910
ගිඟුරුම්	531
ගිජු	428
ගිටාරය	281
ගිටාර්	1165
ගිණි	2845
ගිණුම	2475
ගිණුමකට	252
ගිණුමක්	1601
ගිණුමට	1503
ගිණුම්	5626
ගිණුම්කරණ	909
ගිණුම්කරණය	201
ගිණුම්ගත	226
ගිණුම්වල	264
ගිණුමෙන්	279
ගිණුමේ	1186
ගිත	322
ගිතය	226
ගිතෙල්	369
ගිනස්	713
ගින්දර	2198
ගින්න	4855
ගින්නක්	2344
ගින්නකින්	544
ගින්නට	1155
ගින්නෙන්	1882
ගින්නේ	352
ගිනි	23262
ගිනිඅවි	396
ගිනිකඳු	460
ගිනිකොණ	225
ගිනිකොන	274
ගිනිගත්	344
ගිනිගත්හේන	534
ගිනිගෙන	612
ගිනිතබා	248
ගිනිදැල්	328
ගිනිබත්	374
ගිනියම්	799
ගිනුම	298
ගිනුමක්	257
ගිනුමට	275
ගිනුම්	438
ගිමන්	1004
ගිමන්හල	205
ගිම්	340
ගිම්හාන	697
ගිම්හානය	247
ගිම්හානයේ	312
ගිම්හානි	314
ගිය	104800
ගියත්	8330
ගියද	1257
ගියදා	304
ගියපාර	435
ගියපු	3944
ගියර්	973
ගියවර	464
ගියවිට	371
ගියහ	2347
ගියහම	2091
ගියහොත්	1014
ගියා	61013
ගියාට	6168
ගියාද	2179
ගියානං	289
ගියානම්	1204
ගියානෙ	390
ගියානේ	574
ගියාම	11995
ගියාමත්	275
ගියාමයි	311
ගියාය	1840
ගියාලු	1361
ගියාවේ	283
ගියෙ	3675
ගියෙත්	1048
ගියෙමි	2293
ගියෙමු	1047
ගියේ	31736
ගියේද	249
ගියේය	10605
ගියොත්	9187
ගියෝ	277
ගියෝය	582
ගිරව්	352
ගිරවා	420
ගිරවුන්	207
ගිරා	597
ගිරි	1213
ගිරිඋල්ල	289
ගිරිතලේ	608
ගිරිය	368
ගිල	1578
ගිලන්	1894
ගිලන්පස	239
ගිලපු	207
ගිලලා	250
ගිල්ල	228
ගිල්වා	422
ගිලා	638
ගිලි	273
ගිලින	417
ගිලින්න	258
ගිලිලා	336
ගිලිහි	208
ගිලිහිලා	259
ගිලිහී	1685
ගිලිහුණු	281
ගිලිහෙන	306
ගිලී	2922
ගිලීමෙන්	272
ගිලුණු	210
ගිලෙන	452
ගිලෙන්න	211
ගිලෙමින්	221
ගිවිස	587
ගිවිසුම	7839
ගිවිසුමකට	1403
ගිවිසුමක්	2684
ගිවිසුමට	2338
ගිවිසුම්	4483
ගිවිසුම්වලට	399
ගිවිසුමෙන්	546
ගිවිසුමේ	1629
ගිහාන්	1646
ගිහාම	921
ගිහි	2718
ගිහිං	6016
ගිහිගෙන්	282
ගිහින්	61286
ගිහින්ද	422
ගිහින්ම	223
ගිහිනුත්	269
ගිහිපු	278
ගිහියන්	394
ගිහියන්ට	218
ගිහිල්ල	6622
ගිහිල්ලත්	636
ගිහිල්ලද	212
ගිහිල්ලම	316
ගිහිල්ලා	7858
ගී	17862
ගීත	18862
ගීතමය	226
ගීතය	14747
ගීතයක	631
ගීතයකට	308
ගීතයක්	5177
ගීතයකි	398
ගීතයට	1759
ගීතයත්	559
ගීතයයි	413
ගීතයෙන්	758
ගීතයේ	3190
ගීතවල	319
ගීතවලට	208
ගීත්	495
ගීතා	1028
ගීතාවලිය	401
ගීතිකා	677
ගීය	4732
ගීයක	434
ගීයක්	2235
ගීයකි	231
ගීයට	527
ගීයෙන්	257
ගීයේ	777
ගු	429
ගුගල්	1272
ගුජරාට්	207
ගුටි	4911
ගුඩ්	1493
ගුණ	10266
ගුණතිලක	2284
ගුණදාස	1996
ගුණධර්ම	338
ගුණපාල	747
ගුණමකු	223
ගුණය	2626
ගුණයක	357
ගුණයක්	2241
ගුණයකින්	868
ගුණයට	199
ගුණයන්	285
ගුණයි	338
ගුණයෙන්	833
ගුණරතන	244
ගුණරත්න	3627
ගුණරත්නගේ	200
ගුණරත්නම්	1278
ගුණවංශ	234
ගුණවත්	534
ගුණවර්ධන	9033
ගුණවර්ධනගේ	391
ගුණවර්ධනට	252
ගුණසිංහ	796
ගුණසිරි	267
ගුණසේකර	5290
ගුණසේන	568
ගුණාංග	1503
ගුණාංගය	210
ගුණාංගයක්	275
ගුණාත්මක	3477
ගුණාත්මකභාවය	601
ගුණානන්ද	249
ගුණේ	939
ගුත්තිල	308
ගුද	620
ගුන	408
ගුනයක්	246
ගුනරත්නම්	250
ගුනාත්මක	270
ගුනේ	601
ගුප්ත	2041
ගුරා	973
ගුරු	14803
ගුරුකම්	840
ගුරුකුල	211
ගුරුගේ	740
ගුරුත්ව	364
ගුරුත්වය	336
ගුරුත්වාකර්ෂණ	497
ගුරුත්වාකර්ෂණය	527
ගුරුතුමා	1308
ගුරුතුමිය	854
ගුරුතුමී	307
ගුරුන්නාන්සේ	408
ගුරුවර	211
ගුරුවරයකු	596
ගුරුවරයා	2393
ගුරුවරයාගේ	348
ගුරුවරයාට	362
ගුරුවරයෙක්	1734
ගුරුවරයෙකු	924
ගුරුවරිය	1091
ගුරුවරියක	554
ගුරුවරියක්	1106
ගුරුවරියට	238
ගුරුවරියන්	408
ගුරුවරු	3894
ගුරුවරුත්	201
ගුරුවරුන්	4422
ගුරුවරුන්ගෙන්	319
ගුරුවරුන්ගේ	872
ගුරුවරුන්ට	1463
ගුරුසිංහ	309
ගුරුහරුකම්	273
ගුල්ලා	238
ගුලි	2211
ගුලිය	384
ගුලියක්	497
ගුවන	287
ගුවනට	382
ගුවන්	52096
ගුවන්ගත	572
ගුවන්තොටුපල	1012
ගුවන්තොටුපලට	212
ගුවන්තොටුපලේ	269
ගුවන්තොටුපළ	430
ගුවන්තොටුපොළ	688
ගුවන්තොටුපොළේ	255
ගුවන්යානය	244
ගුවන්යානා	953
ගුවන්විදුලි	1313
ගුවන්විදුලිය	333
ගුවන්සේවා	427
ගුවනින්	869
ගුවනේ	771
ගුවේරා	279
ගුහා	750
ගුහාව	875
ගුහාවක්	310
ගුහාවේ	267
ගූ	1785
ගූගල්	6001
ගූග්ල්	430
ගෘප්	675
ගෘහ	5906
ගෘහපතිය	269
ගෘහය	236
ගෘහයේ	198
ගෘහස්ත	797
ගෘහස්ථ	1390
ගෙ	7176
ගෙඟ්	304
ගෙට	3951
ගෙට්	330
ගෙට්ටුව	275
ගෙඩි	7049
ගෙඩිය	3074
ගෙඩියක	422
ගෙඩියක්	3537
ගෙඩියට	362
ගෙඩියේ	481
ගෙණ	448
ගෙත්තම්	280
ගෙතී	224
ගෙතූ	258
ගෙදර	65333
ගෙදරක	2082
ගෙදරකට	853
ගෙදරක්	466
ගෙදරට	11557
ගෙදරටත්	355
ගෙදරටම	1059
ගෙදරත්	1135
ගෙදරදි	609
ගෙදරදී	691
ගෙදරදීම	253
ගෙදරම	702
ගෙදරින්	5551
ගෙදෙට්ට	426
ගෙන	156411
ගෙනඒමට	203
ගෙනගිය	827
ගෙනගොස්	511
ගෙනත්	5849
ගෙනදෙන	278
ගෙනම	235
ගෙනය	687
ගෙනයන	1421
ගෙනයන්න	310
ගෙනයනු	210
ගෙනයමින්	206
ගෙනයා	265
ගෙනයාම	763
ගෙනයාමට	870
ගෙනයාමේ	212
ගෙනයි	429
ගෙනල්ල	1036
ගෙනල්ලා	1362
ගෙනවා	294
ගෙනවිත්	1576
ගෙනවුත්	226
ගෙනහැර	1315
ගෙන්	10707
ගෙන්දගම්	305
ගෙන්න	2522
ගෙන්නගෙන	204
ගෙන්නලා	376
ගෙන්වන	1209
ගෙන්වා	5289
ගෙන්වාගෙන	342
ගෙන්වීම	613
ගෙන්වීමට	473
ගෙන්වූ	482
ගෙනා	3069
ගෙනාපු	2386
ගෙනාව	1329
ගෙනාවට	302
ගෙනාවත්	322
ගෙනාවා	2273
ගෙනාවෙ	734
ගෙනාවේ	2180
ගෙනාවොත්	257
ගෙනැත්	586
ගෙනැල්ල	198
ගෙනැල්ලා	414
ගෙනැවිත්	1593
ගෙනි	1537
ගෙනිච්ච	288
ගෙනිච්චා	391
ගෙනියන	1246
ගෙනියනවා	621
ගෙනියන්න	3056
ගෙනියන්නේ	467
ගෙනිහින්	820
ගෙනෙන	1998
ගෙනෙන්නට	361
ගෙනෙන්නේ	297
ගෙනෙයි	377
ගෙනේ	209
ගෙම්බන්	239
ගෙම්බා	508
ගෙම්බෙක්	338
ගෙම්බෝ	298
ගෙඹි	391
ගෙය	1275
ගෙයක	334
ගෙයක්	3391
ගෙයි	2546
ගෙයින්	959
ගෙරි	566
ගෙල	2788
ගෙවත්ත	248
ගෙවත්තේ	489
ගෙවතු	723
ගෙවන	6070
ගෙවනවා	1090
ගෙවන්න	4338
ගෙවන්නට	1095
ගෙවන්නෙ	455
ගෙවන්නේ	1460
ගෙවනු	829
ගෙවපු	476
ගෙවමින්	667
ගෙවයි	374
ගෙවල	936
ගෙවල්	13051
ගෙවල්වල	1368
ගෙවල්වලට	507
ගෙවලා	1254
ගෙව්වා	378
ගෙව්වේ	263
ගෙවා	6812
ගෙවාගන්න	205
ගෙවාගෙන	372
ගෙවි	225
ගෙවිඳු	208
ගෙවිම	333
ගෙවිය	2988
ගෙවිල	706
ගෙවිලා	1692
ගෙවී	3952
ගෙවීගිය	214
ගෙවීම	2968
ගෙවීමක්	628
ගෙවීමට	4037
ගෙවීම්	3118
ගෙවීමෙන්	371
ගෙවීමේ	1118
ගෙවු	205
ගෙවුණු	1146
ගෙවුන	518
ගෙවුනා	281
ගෙවුනු	653
ගෙවුනේ	263
ගෙවුම්	556
ගෙවූ	1526
ගෙවෙන	1002
ගෙවෙන්නේ	413
ගෙස්ට්	320
ගෙහුං	329
ගෙහුන්	262
ගෙළ	1046
ගේ	75884
ගේට්	390
ගේට්ටු	635
ගේට්ටුව	2069
ගේට්ටුවෙන්	621
ගේට්ස්	567
ගේත්	304
ගේදොර	844
ගේන	1663
ගේනව	236
ගේනවා	1334
ගේන්න	4077
ගේන්නෙ	339
ගේන්නේ	661
ගේම	3179
ගේමක්	2545
ගේමට	632
ගේම්	4398
ගේම්ස්	627
ගේය	763
ගේල්	374
ගො	257
ගොං	1464
ගොක්	230
ගොට්ට	338
ගොටු	266
ගොඩ	34490
ගොඩක	569
ගොඩකට	709
ගොඩකවෙල	374
ගොඩක්	70821
ගොඩක්ම	2230
ගොඩකි	206
ගොඩකින්	213
ගොඩකුත්	209
ගොඩගන්න	290
ගොඩගම	459
ගොඩගසා	352
ගොඩගෙන	235
ගොඩගේ	594
ගොඩට	2359
ගොඩදාගන්න	228
ගොඩනගන	980
ගොඩනගන්න	666
ගොඩනගන්නට	222
ගොඩනගමින්	270
ගොඩනගා	2194
ගොඩනගාගෙන	256
ගොඩනඟන	269
ගොඩනඟා	838
ගොඩනැංවීම	400
ගොඩනැංවීමට	266
ගොඩනැගිය	638
ගොඩනැගිල්ල	3905
ගොඩනැගිල්ලක	698
ගොඩනැගිල්ලක්	1337
ගොඩනැගිල්ලට	435
ගොඩනැගිල්ලේ	1380
ගොඩනැගිලි	6151
ගොඩනැගිලිවල	239
ගොඩනැගී	571
ගොඩනැගීම	2261
ගොඩනැගීමට	1606
ගොඩනැගීමේ	1162
ගොඩනැගුණු	424
ගොඩනැගූ	431
ගොඩනැගෙන	670
ගොඩනැගෙන්නේ	237
ගොඩනැගෙමින්	224
ගොඩනැඟිය	202
ගොඩනැඟිල්ල	448
ගොඩනැඟිල්ලක්	239
ගොඩනැඟිලි	848
ගොඩනැඟීම	554
ගොඩනැඟීමට	383
ගොඩනැඟීමේ	297
ගොඩබිම	732
ගොඩබිමට	486
ගොඩබිම්	546
ගොඩයා	500
ගොඩයි	1806
ගොඩවල්	830
ගොඩවී	302
ගොඩවෙන්න	220
ගොඩවෙලා	401
ගොඩහේවා	237
ගොඩා	234
ගොඩාක්	14021
ගොඩාක්ම	438
ගොඩායි	211
ගොඩාරියක්	463
ගොඩින්	587
ගොඩෙන්	199
ගොඩේ	1795
ගොණු	480
ගොත	462
ගොතන	602
ගොතපු	257
ගොතා	573
ගොදුර	460
ගොදුරක්	885
ගොදුරු	4822
ගොදුරුව	276
ගොන්	5695
ගොන්න	383
ගොන්නක්	842
ගොන්නට	341
ගොන්නු	435
ගොනා	1481
ගොනාට	1042
ගොනු	8848
ගොනුකර	1555
ගොනුකළ	634
ගොනුන්	215
ගොනුව	1456
ගොනුවක්	644
ගොනුවේ	251
ගොනෙක්	393
ගොනෝ	344
ගොබ්බ	713
ගොම	941
ගොම්මන්	277
ගොමු	219
ගොයම්	1205
ගොයිය	257
ගොයියා	738
ගොයියෝ	343
ගොර	238
ගොරක	279
ගොරකා	512
ගොරහැඩි	241
ගොරෝසු	293
ගොල්ල	720
ගොල්ලන්ගෙ	260
ගොල්ලන්ගේ	349
ගොල්ලන්ට	691
ගොල්ලො	1216
ගොල්ලෝ	922
ගොල්ෆ්	380
ගොලු	478
ගොවි	6209
ගොවිජන	1208
ගොවිතැන	1234
ගොවිතැනට	322
ගොවිතැන්	1375
ගොවින්	229
ගොවිපල	310
ගොවිපළ	328
ගොවිපොළ	363
ගොවියන්	578
ගොවියන්ට	229
ගොවියා	1155
ගොවියාගේ	268
ගොවියාට	429
ගොවියෙක්	354
ගොවියෝ	467
ගොවීන්	2865
ගොවීන්ගෙන්	217
ගොවීන්ගේ	678
ගොවීන්ට	1092
ගොවීහු	318
ගොස	205
ගොස්	60553
ගොස්ය	505
ගොසින්	1233
ගොසිනි	1164
ගොසිප්	2176
ගොහින්	899
ගොළු	1508
ගෝ	820
ගෝචර	2193
ගෝටා	328
ගෝඨා	1035
ගෝඨාගේ	321
ගෝඨාභය	10247
ගෝඨාභයගේ	219
ගෝඩ්	277
ගෝතමී	345
ගෝන	232
ගෝනි	910
ගෝනියක්	235
ගෝමර	207
ගෝමස්	326
ගෝර්කි	220
ගෝල	1815
ගෝලය	850
ගෝලයක්	334
ගෝලයන්	425
ගෝලයා	622
ගෝලයෙක්	432
ගෝලයෙකු	208
ගෝලයේ	497
ගෝලයො	239
ගෝලයෝ	549
ගෝල්	572
ගෝල්ඩන්	806
ගෝල්ඩ්	645
ගෝල්ෆේස්	439
ගෝලාකාර	346
ගෝලීය	7629
ගෝලීයකරණය	433
ගෝවා	657
ගෞතම	2831
ගෞතමයන්	981
ගෞරව	4299
ගෞරවණීය	446
ගෞරවනීය	1355
ගෞරවය	5762
ගෞරවයක්	1831
ගෞරවයට	936
ගෞරවයෙන්	1271
ගෞරවාදරයට	211
ගෞරවාන්විත	351
ගෲප්	910
ඝට්ටනය	203
ඝණ	835
ඝන	2949
ඝනකම	291
ඝනත්වය	752
ඝර්ම	261
ඝාණ	306
ඝාතක	606
ඝාතකයන්	475
ඝාතකයා	651
ඝාතකයින්	246
ඝාතන	6161
ඝාතනය	23150
ඝාතනයකට	217
ඝාතනයක්	1175
ඝාතනයට	5222
ඝාතනයන්	300
ඝාතනයෙන්	500
ඝාතනයේ	1075
ඝෝෂා	465
ඝෝෂාව	296
ඞී	2915
ඞීසල්	368
ඟ	257
ච	1823
චංචල	569
චංචලා	278
චක්	268
චක්කරේ	308
චක්ඛු	486
චකිතයක්	329
චණ්ඩ	458
චණ්ඩි	569
චණ්ඩියා	261
චතු	208
චතුර	1791
චතුරංග	1312
චතුරාර්ය	908
චතුරිකා	549
චතූ	268
චතූගේ	226
චන්ඩි	928
චන්ඩියා	261
චන්ද	3357
චන්දන	3234
චන්දය	1740
චන්දයක්	329
චන්දයෙන්	225
චන්දරේ	428
චන්දවිමල	395
චන්දි	446
චන්දික	336
චන්දිම	1054
චන්දිමා	275
චන්දිමාල්	1127
චන්දෙ	1890
චන්දෙට	282
චන්දෙන්	227
චන්දේ	528
චන්න	990
චපල	296
චප්ප	224
චමත්	1149
චමත්කාර	253
චමත්කාරජනක	196
චමත්කාරය	414
චමත්ට	211
චමරි	232
චමල්	1271
චම්පක	372
චම්පා	441
චම්පික	5318
චම්පිකගේ	258
චම්පිකට	208
චමින්ද	2004
චමිල	776
චමිල්	226
චමිලා	346
චමීර	456
චයිනා	644
චයිනීස්	447
චර	208
චර්චිල්	276
චර්ම	355
චර්යා	732
චර්යාව	657
චර්යාවන්	484
චරිත	11733
චරිතය	7392
චරිතයකට	330
චරිතයක්	6537
චරිතයකි	666
චරිතයට	1740
චරිතයෙන්	237
චරිතයේ	520
චරිතවල	239
චරිතවලට	338
චරිත්	532
චරිතාංග	233
චරිතාපදානය	408
චරිතෙ	301
චරිතේ	281
චලන	849
චලනය	1834
චලනයක්	248
චලනයන්	375
චලිත	293
චලිතය	554
චා	855
චාජ්	263
චාටර්	2366
චානක	982
චාන්දනී	435
චාන්සලර්	332
චාන්ස්	2073
චානුක	816
චාමර	2651
චාම්	766
චාමි	259
චාමික	365
චාමින්ද	261
චායා	208
චායාරුප	237
චායාරූප	309
චාර්ජ්	314
චාර්ල්ස්	388
චාරිකා	1962
චාරිකාව	1853
චාරිකාවක	1096
චාරිකාවකට	555
චාරිකාවක්	1189
චාරිකාවට	416
චාරිකාවේ	653
චාලක	333
චාල්ස්	1704
චාලි	547
චාවේස්	244
චැක්	208
චැට්	2601
චැනල්	3744
චැප්ලින්	311
චැම්පියන්ස්	304
චැලෙන්ජ්	317
චැලේන්ජ්	411
චැහ්	402
චෑන්	232
චෑන්ස්	501
චි	336
චිකන්	926
චික්	479
චිකාගෝ	549
චිකිත්සක	356
චිකිත්සාව	353
චිට්	201
චිත්ත	3353
චිත්තං	199
චිත්තය	282
චිත්තර	287
චින	249
චින්තක	1065
චින්තන	3676
චින්තනය	3987
චින්තනයක්	654
චින්තනයට	736
චින්තනයෙන්	440
චින්තනයෙහි	285
චින්තනයේ	798
චින්තා	214
චිප්	339
චියර්	411
චියර්ස්	216
චිරං	210
චිරස්ථිතිය	255
චිරාත්	675
චිරි	385
චිලි	257
චිලී	610
චී	721
චීත්ත	364
චීන	18814
චීනය	9207
චීනයට	3053
චීනයෙන්	1313
චීනයේ	6890
චීන්නු	524
චීනා	429
චීනෙ	256
චීනෙට	329
චීනෙන්	259
චීනේ	325
චීවර	445
චීවරධාරීන්	201
චීවරය	314
චීස්	796
චීෆ්	246
චු	305
චුට්ට	237
චුට්ටක්	1426
චුට්ටි	747
චුටි	1091
චුත	475
චුන්	253
චුම්බක	777
චුම්භක	1007
චුරු	314
චුල්ල	205
චූ	2408
චූටි	6000
චූටී	217
චූන්	1109
චූල	462
චූලානන්ද	271
චෙක්	2532
චෙක්පත	319
චෙක්පත්	519
චෙන්නායි	1656
චෙරි	323
චෙල්වනායගම්	354
චෙස්	1406
චේ	1484
චේජනා	239
චේතනා	498
චේතනාව	676
චේතනාවක්	242
චේතනාවෙන්	720
චේතිය	345
චේන්	427
චේන්ජ්	238
චෛතසික	348
චොකලට්	1258
චොක්ලට්	727
චොදනා	221
චොර	334
චෝගම්	240
චෝදනා	31723
චෝදනාව	4592
චෝදනාවකට	405
චෝදනාවක්	2261
චෝදනාවට	1487
චෝදනාවන්	252
චෝදනාවන්ට	326
චෝදනාවයි	269
චෝදනාවලට	873
චෝදනාවලින්	378
චෝදනාවෙන්	255
චෝයි	249
චෝල	360
චෞර	482
ඡන්ද	25920
ඡන්දදායකයන්	336
ඡන්දදායකයින්	263
ඡන්දය	12555
ඡන්දයක්	1137
ඡන්දයකින්	256
ඡන්දයට	841
ඡන්දයෙන්	1698
ඡන්දයේ	260
ඡන්දයේදී	321
ඡන්දවලින්	311
ඡන්දෙ	1925
ඡන්දෙට	570
ඡන්දෙන්	394
ඡන්දේ	1009
ඡයාරූප	293
ඡායා	2982
ඡායාරෑප	252
ඡායාරුප	671
ඡායාරූප	17566
ඡායාරූපකරණය	659
ඡායාරූපගත	225
ඡායාරූපය	3076
ඡායාරූපයකට	255
ඡායාරූපයක්	2232
ඡායාරූපයට	468
ඡායාරූපයෙන්	253
ඡායාරූපයේ	902
ඡායාරූපවල	208
ඡායාව	209
ඡුන්ද	882
ඡුන්දය	439
ඡේ	747
ඡේද	388
ඡේදනය	210
ඡේදය	573
ඡේදයේ	387
ජ	5077
ජංගම	34599
ජංගි	583
ජංගිය	501
ජකර්තා	223
ජගත්	7105
ජටා	208
ජඩ	882
ජන	24763
ජනක	3351
ජනකතා	360
ජනකය	235
ජනකවි	325
ජනකාන්ත	236
ජනකායක්	510
ජනකොටස්	275
ජනගත	471
ජනගහණ	271
ජනගහණය	662
ජනගහණයෙන්	481
ජනගහන	700
ජනගහනය	2258
ජනගහනයක්	447
ජනගහනයෙන්	1812
ජනගහනයේ	546
ජනතා	31052
ජනතාව	52312
ජනතාවකට	264
ජනතාවක්	2336
ජනතාවගෙ	292
ජනතාවගෙන්	4492
ජනතාවගේ	16849
ජනතාවට	26437
ජනතාවටත්	576
ජනතාවටම	208
ජනතාවත්	919
ජනතාවද	487
ජනතාවම	244
ජනතාවයි	362
ජනතාවාදී	692
ජනන	555
ජනනය	1558
ජනපති	16051
ජනපතිගෙන්	769
ජනපතිගේ	1081
ජනපතිට	2650
ජනපතිවරණ	289
ජනපතිවරණය	298
ජනපතිවරයා	808
ජනපතිවරයාගේ	205
ජනපද	8832
ජනපදය	7057
ජනපදයට	948
ජනපදයෙන්	222
ජනපදයෙහි	280
ජනපදයේ	5436
ජනමත	2500
ජනමතය	653
ජනයා	9754
ජනයාගෙන්	425
ජනයාගේ	2689
ජනයාට	3154
ජනරංජන	237
ජනරජ	602
ජනරජය	927
ජනරජයක්	232
ජනරජයේ	1480
ජනරළ	394
ජනරාල්	9112
ජනරාල්වරයා	1726
ජනරාල්වරිය	202
ජනලේඛන	251
ජනවරම	316
ජනවරමක්	325
ජනවර්ග	584
ජනවාර්ගික	1757
ජනවාරි	22407
ජනවාරිය	208
ජනවාරියේ	847
ජනවාරියේදී	226
ජනවාරී	257
ජනසතු	619
ජනහමුවකට	458
ජනහමුවක්	204
ජන්ද	1424
ජන්දය	1829
ජන්දේ	272
ජන්ම	2355
ජනා	299
ජනාකීර්ණ	628
ජනාදරයට	275
ජනාදිපති	665
ජනාධිපති	85061
ජනාධිපතිකම	219
ජනාධිපතිගේ	1042
ජනාධිපතිට	939
ජනාධිපතිතුමන්	588
ජනාධිපතිතුමන්ගේ	206
ජනාධිපතිතුමනි	367
ජනාධිපතිතුමා	17434
ජනාධිපතිතුමාගෙන්	204
ජනාධිපතිතුමාගේ	2357
ජනාධිපතිතුමාට	1241
ජනාධිපතිනි	764
ජනාධිපතිනිය	507
ජනාධිපතිනී	273
ජනාධිපතිවරණ	2686
ජනාධිපතිවරණය	3725
ජනාධිපතිවරණයක්	570
ජනාධිපතිවරණයට	2361
ජනාධිපතිවරණයෙන්	1157
ජනාධිපතිවරණයේ	1597
ජනාධිපතිවරණයේදී	2198
ජනාධිපතිවරනය	202
ජනාධිපතිවරයකු	202
ජනාධිපතිවරයා	24348
ජනාධිපතිවරයාගෙන්	640
ජනාධිපතිවරයාගේ	4247
ජනාධිපතිවරයාට	2950
ජනාධිපතිවරයෙක්	289
ජනාධිපතිවරයෙකු	308
ජනාධිපතිවරු	258
ජනාධිපතිවරුන්	290
ජනාධීපති	278
ජනාවාස	1482
ජනිත	1778
ජනිත්	783
ජනී	239
ජනූ	217
ජනෙල්	1689
ජනේල	421
ජනේලය	655
ජනේලයක්	275
ජනේලයෙන්	543
ජනේලෙ	362
ජනේලෙන්	658
ජනේලේ	273
ජප	254
ජපන්	5752
ජපන්නු	225
ජපාන	2781
ජපානය	4642
ජපානයට	872
ජපානයෙන්	385
ජපානයේ	3876
ජපානෙ	215
ජපානේ	290
ජපුර	233
ජම්ප්	201
ජම්බු	635
ජමාත්	558
ජය	28773
ජයක්	2763
ජයකොඩි	2511
ජයගත	668
ජයගත්	1339
ජයගත්තේ	229
ජයගන්න	560
ජයගන්නට	210
ජයගන්නා	276
ජයගනී	283
ජයගැනීම	391
ජයගැනීමට	573
ජයගෙන	792
ජයගොඩ	365
ජයට	311
ජයටම	586
ජයතිලක	2370
ජයතිස්ස	768
ජයතු	244
ජයතුංග	869
ජයන්ත	3501
ජයන්ති	1102
ජයන්තිය	681
ජයනාත්	554
ජයම	999
ජයමල්ල	386
ජයමහ	316
ජයම්පති	618
ජයමාන්න	608
ජයයි	453
ජයරත්න	4613
ජයරාම්	436
ජයලත්	1797
ජයලලිතා	1376
ජයලලිතාගේ	320
ජයලාල්	412
ජයවර්ධන	7279
ජයවර්ධනගේ	441
ජයවර්ධනට	213
ජයවර්ධනපුර	2760
ජයවීර	1004
ජයවේවා	6185
ජයසිංහ	3493
ජයසිංහගේ	202
ජයසිංහයන්	204
ජයසිරි	872
ජයසුන්දර	2523
ජයසුමන	302
ජයසුරිය	780
ජයසූරිය	4836
ජයසූරියගේ	356
ජයසේකර	3425
ජයසේන	1281
ජයා	338
ජයාරූප	277
ජයි	226
ජයෙන්	1446
ජයේ	386
ජරමර	206
ජර්මන්	3053
ජර්මනිය	2840
ජර්මනියට	625
ජර්මනියෙන්	205
ජර්මනියේ	2958
ජර්මානු	2925
ජරා	2473
ජරාව	950
ජරාවක්	295
ජල	23882
ජලජ	1278
ජලභීතිකා	254
ජලය	16487
ජලයට	802
ජලයෙන්	2854
ජලයෙහි	274
ජලයේ	1627
ජලසම්පාදන	612
ජලාපවහන	994
ජලාපවාහන	376
ජලාශ	1454
ජලාශය	1260
ජලාශයට	566
ජලාශයේ	1709
ජලාශවල	600
ජව	314
ජවනිකා	831
ජවනිකාව	424
ජවනිකාවක්	223
ජවය	705
ජවයක්	314
ජවිපෙ	12067
ජවිපෙට	1671
ජවිපෙන්	613
ජවිපේ	684
ජස්ටින්	375
ජහ	233
ජා	5434
ජාඇල	659
ජාගොඩ	253
ජාඩි	200
ජාතක	2450
ජාතකය	1686
ජාතකේ	306
ජාත්යන්තර	268
ජාති	7779
ජාතික	134219
ජාතිකත්ව	339
ජාතිකත්වය	1491
ජාතිකත්වයක්	237
ජාතිකත්වයට	390
ජාතිකත්වයේ	210
ජාතිකයකු	387
ජාතිකයන්	3148
ජාතිකයන්ගේ	324
ජාතිකයන්ට	499
ජාතිකයා	960
ජාතිකයින්	2039
ජාතිකයින්ට	215
ජාතිකයෙක්	824
ජාතිකයෙකි	214
ජාතිකයෙකු	1074
ජාතිකයෝ	462
ජාතිකවාදය	1009
ජාතිකවාදයේ	253
ජාතිකවාදී	1730
ජාතිකවාදීන්	387
ජාතිත්	216
ජාතින්	814
ජාතින්ගේ	1090
ජාතිය	10123
ජාතියක	891
ජාතියකට	671
ජාතියක්	6719
ජාතියකි	199
ජාතියට	2529
ජාතියත්	318
ජාතියම	277
ජාතියෙ	1403
ජාතියෙන්	404
ජාතියේ	6381
ජාතියේම	321
ජාතිවාදය	4609
ජාතිවාදයක්	306
ජාතිවාදයට	1200
ජාතිවාදයෙන්	298
ජාතිවාදයේ	541
ජාතිවාදි	319
ජාතිවාදියෙක්	234
ජාතිවාදී	4855
ජාතිවාදීන්	1124
ජාතිවාදීන්ගේ	233
ජාතිවාදීන්ට	331
ජාතීන්	5062
ජාතීන්ගේ	12988
ජාතීන්ට	1084
ජාන	2980
ජානක	1295
ජානකී	482
ජානමය	639
ජානිපෙ	211
ජාමෙ	211
ජාමෙට	208
ජාමේ	434
ජායා	220
ජායාරුප	374
ජායාරූප	1045
ජායාරූපය	257
ජාල	4452
ජාලගත	378
ජාලය	3818
ජාලයක	240
ජාලයක්	1187
ජාලයට	756
ජාලයන්	249
ජාලයෙන්	321
ජාලයේ	1913
ජාලා	710
ජාලාවක්	206
ජාලිය	535
ජාවා	1483
ජාවාරම	2144
ජාවාරමක	320
ජාවාරමක්	1136
ජාවාරමට	679
ජාවාරම්	1717
ජාවාරම්කරුවන්	854
ජාවාරම්කරුවන්ට	255
ජාවාරම්කරුවෙකු	272
ජාවාරමේ	835
ජාසිංහ	912
ජැකට්	361
ජැක්	1956
ජැක්සන්	1671
ජැකා	236
ජැකී	297
ජෑම්	531
ජි	963
ජිජැක්	217
ජිනදාස	398
ජින්	614
ජිනිවා	594
ජිනීවා	4939
ජිනීවාහි	383
ජිනීවාහිදී	265
ජිප්	486
ජිප්සීස්	253
ජිම්	969
ජිමී	203
ජිල්	415
ජිල්මාට්	563
ජිව	226
ජිවත්	4528
ජිවත්වන	328
ජිවන	1018
ජිව්හා	334
ජිවිත	2723
ජිවිතක්ෂයට	685
ජිවිතය	2040
ජිවිතයක්	691
ජිවිතයට	788
ජිවිතයෙන්	205
ජිවිතයේ	1395
ජිවිතෙ	239
ජිවිතේ	3587
ජිවිතේට	374
ජිහාඩ්	596
ජිහාද්	224
ජී	12364
ජීන්	308
ජීප්	3057
ජීමේල්	286
ජීර්ණ	290
ජීර්ණය	234
ජීව	5568
ජීවක	318
ජීවත්	33015
ජීවත්ව	1659
ජීවත්වන	4177
ජීවත්වන්නට	212
ජීවත්වන්නේ	413
ජීවත්විය	460
ජීවත්වීම	932
ජීවත්වීමට	1095
ජීවත්වීමේ	538
ජීවත්වූ	678
ජීවත්වෙන	1114
ජීවත්වෙනවා	210
ජීවත්වෙන්න	730
ජීවත්වෙන්නේ	251
ජීවත්වෙලා	208
ජීවතුන්	1297
ජීවන	10613
ජීවනය	362
ජීවන්	756
ජීවන්ත	220
ජීවනෝපාය	838
ජීවමාන	1347
ජීවමානව	386
ජීවය	2051
ජීවයක්	558
ජීවයේ	391
ජීවි	662
ජීවිකාව	711
ජීවිත	24388
ජීවිතක්ෂයට	8028
ජීවිතත්	318
ජීවිතය	31836
ජීවිතයක	528
ජීවිතයකට	664
ජීවිතයක්	5429
ජීවිතයට	6912
ජීවිතයත්	827
ජීවිතයද	235
ජීවිතයම	948
ජීවිතයයි	340
ජීවිතයෙ	276
ජීවිතයෙන්	1978
ජීවිතයෙහි	239
ජීවිතයේ	12465
ජීවිතයේදී	926
ජීවිතවල	686
ජීවිතවලට	836
ජීවිතාන්තය	684
ජීවිතාරක්ෂක	455
ජීවිතෙ	410
ජීවිතෙත්	478
ජීවිතෙන්	741
ජීවිතේ	20772
ජීවිතේට	3781
ජීවිතේටම	550
ජීවිතේම	800
ජීවින්	992
ජීවියා	516
ජීවියෙක්	439
ජීවී	1481
ජීවීන්	2661
ජීවීන්ගේ	527
ජීවීන්ට	315
ජුගුප්සාජනක	255
ජුනි	6119
ජුම්මා	295
ජුලි	3775
ජුලියට්	353
ජුලියන්	274
ජුවන්	201
ජූඩ්	623
ජූනි	8221
ජූනියර්	202
ජූරි	414
ජූලි	13496
ජූලිය	423
ජූලියන්	221
ජූස්	420
ජෙට්	1385
ජෙනරල්	1379
ජෙනරාල්	10603
ජෙනරාල්ගේ	215
ජෙනරාල්වරයා	411
ජෙනිෆර්	200
ජෙනීවා	220
ජෙප්පන්	206
ජෙප්පන්ට	306
ජෙප්පො	299
ජෙප්පෝ	387
ජෙමා	199
ජෙයරාජ්	287
ජෙරී	350
ජෙල්	447
ජෙලි	347
ජෙහාන්	292
ජෙෆ්රි	409
ජේ	11733
ජේආර්	214
ජේතවන	269
ජේතවනාරාමයෙහි	221
ජේන්	377
ජේම්ස්	2510
ජේමිස්	306
ජේවීපී	829
ජේෂ්ඨ	904
ජේසන්	286
ජේසු	1032
ජේසුස්	1934
ජෛන	349
ජෛව	3285
ජොක්කු	392
ජොකා	770
ජොනතන්	279
ජොන්	614
ජොන්සන්	579
ජොන්ස්ටන්	1094
ජොනී	534
ජොබක්	362
ජොබ්	4096
ජොබ්ස්	522
ජොයින්ට්	334
ජොලි	1369
ජොලියක්	356
ජොලියට	355
ජෝ	1284
ජෝකර්	319
ජෝක්	1489
ජෝක්ස්	409
ජෝජ්	554
ජෝඩු	773
ජෝඩුව	829
ජෝඩුවක්	613
ජෝති	1047
ජෝතිගේ	276
ජෝතිපාල	1203
ජෝන්	7790
ජෝන්ස්	589
ජෝර්ජ්	2185
ජෝශප්	995
ජෝෂප්	416
ජෝසප්	948
ජෝසෆ්	401
ඤාණ	200
ඤාණය	211
ඤාණානන්ද	498
ඤාව්	271
ඥාණ	221
ඥාණය	470
ඥාණසාර	705
ඥාති	2627
ඥාතින්	236
ඥාතියා	202
ඥාතියෙක්	255
ඥාතියෙකු	399
ඥාතී	223
ඥාතීන්	3457
ඥාතීන්ගේ	288
ඥාතීන්ට	712
ඥාන	867
ඥානය	1572
ඥානයක්	211
ඥානයෙන්	351
ඥානරතන	243
ඥානසාර	2137
ටක	206
ටකරං	268
ටකරන්	304
ටක්	1376
ටක්කෙටම	521
ටච්	468
ටජ්	221
ටට	220
ටටා	279
ටත්	1737
ටද	249
ටම	506
ටය	371
ටයර්	2235
ටයි	2501
ටයිටස්	328
ටයිටැනික්	614
ටයිප්	4285
ටයිම්	1750
ටයිම්ස්	1732
ටයිල්	627
ටර්න්	197
ටවර්	857
ටවුන්	1405
ටවුම	405
ටවුමට	697
ටවුමෙ	377
ටවුමේ	560
ට්	299
ට්විටර්	1589
ටා	483
ටාගට්	511
ටාජ්	208
ටාටා	360
ටාසන්	436
ටැංකි	1747
ටැංකිය	663
ටැංකියක්	382
ටැංකියට	254
ටැංකියේ	275
ටැක්ස්	429
ටැක්සි	731
ටැග	490
ටැග්	988
ටැටූ	333
ටැප්	750
ටැබ්	1195
ටැබ්ලට්	599
ටැබ්ලට්ස්රු	3059
ටැබූ	1712
ටැම්	233
ටැමිල්	833
ටැලන්ට්	490
ටි	1862
ටිං	696
ටික	81827
ටිකක	420
ටිකකට	1093
ටිකක්	69093
ටිකක්වත්	269
ටිකකින්	1891
ටිකකුත්	1469
ටිකකුයි	469
ටිකට	2330
ටිකටත්	226
ටිකට්	6896
ටිකට්පත්	280
ටිකත්	6532
ටිකනම්	434
ටිකම	868
ටිකයි	2182
ටිකවත්	433
ටික්	744
ටිකින්	488
ටිකිරා	371
ටිකිරි	1601
ටිකෙන්	3157
ටිකේ	3634
ටිකේම	928
ටින්	2491
ටිපර්	1183
ටිප්	329
ටිබෙට්	608
ටිම්	260
ටියුට්	224
ටියුඩර්	217
ටියුන්	299
ටියුබ්	2036
ටියුශන්	298
ටියුෂන්	2940
ටිරාන්	857
ටිල්වින්	881
ටිවි	527
ටී	29840
ටීඑන්ඒ	612
ටීක්	238
ටීකා	362
ටීච	1099
ටීචර්	3224
ටීචර්ට	413
ටීචර්ලා	213
ටීම්	1898
ටීවි	631
ටීවී	4007
ටීෂර්ට්	273
ටු	1413
ටුක්	341
ටුඩේ	252
ටුවර්	535
ටූ	766
ටූල්	481
ටෙක්	717
ටෙක්කතා	446
ටෙක්නිකල්	627
ටෙක්ස්ට්	337
ටෙක්සාස්	458
ටෙන්	295
ටෙන්ට්	285
ටෙන්ඩරය	559
ටෙන්ඩර්	2117
ටෙනිසන්	419
ටෙනිස්	1052
ටෙම්ප්ලේට්	447
ටෙරන්ස්	233
ටෙලර්	205
ටෙල්	199
ටෙලි	7547
ටෙලිකොම්	2238
ටෙලිවිෂන්	1145
ටෙලිෆෝන්	685
ටෙලෝ	302
ටෙස්ට්	8140
ටෙස්ලා	616
ටේප්	374
ටේබල්	506
ටේලර්	565
ටො	340
ටොක්	403
ටොක්කක්	351
ටොකු	429
ටොන්	3203
ටොප්	1380
ටොපි	572
ටොපික්	340
ටොපිය	405
ටොම්	905
ටොයිලට්	1368
ටොයොටා	320
ටොයෝටා	365
ටොරන්ට්	1958
ටොරින්ටන්	204
ටොරොන්ටෝ	232
ටොෆි	395
ටෝක්	2723
ටෝක්ස්	654
ටෝකියෝ	442
ටෝච්	606
ටෝන්	403
ටෝනි	1005
ඩ	677
ඩකා	395
ඩග්ලස්	1186
ඩඩ්ලි	697
ඩනිෂ්ක	284
ඩබල	285
ඩබල්	2057
ඩබ්	3127
ඩබ්ලියු	206
ඩබ්ලිව්	5626
ඩයනා	365
ඩයමන්ඩ්	209
ඩයරි	221
ඩයරිය	272
ඩයල්	2195
ඩයලොග්	2297
ඩයස්	2222
ඩයස්පෝරා	411
ඩයස්පෝරාව	982
ඩයස්පෝරාවට	202
ඩයස්පෝරාවේ	451
ඩයි	429
ඩයිනමයිට්	202
ඩයොක්සයිඩ්	563
ඩලස්	1977
ඩවුන්	813
ඩවුන්ලොඩ්	383
ඩවුන්ලෝඩ්	2672
ඩ්	317
ඩා	415
ඩාන්ස්	1002
ඩාන්සින්	239
ඩාලිං	198
ඩාවින්	434
ඩාවින්ගේ	204
ඩැඩී	207
ඩැනියෙල්	515
ඩැනී	351
ඩැමේජ්	201
ඩැයිවර්	199
ඩැහැ	466
ඩැහැගෙන	225
ඩෑන්	237
ඩි	2967
ඩිංග	341
ඩිංගක්	984
ඩිංගි	379
ඩිංගිරි	234
ඩිග්	240
ඩිජිටල්	3629
ඩිනර්	273
ඩිප්ලෝමා	1225
ඩිප්ලෝමාව	294
ඩිපෝ	415
ඩිපෝව	241
ඩිපෝවට	254
ඩිපෝවේ	238
ඩිම්බ	388
ඩියුටි	604
ඩිරෙක්ටර්	214
ඩිරෙක්ට්	323
ඩිලන්ත	381
ඩිල්ශාන්	390
ඩිල්ෂාන්	1392
ඩිලාන්	2039
ඩිලීට්	660
ඩිව්	593
ඩිවෝස්	240
ඩිසයින්	743
ඩිස්කවරි	281
ඩිස්ක්	720
ඩිස්නි	224
ඩිස්ප්ලේ	240
ඩිෆෙන්ඩර්	615
ඩී	18099
ඩීන්	446
ඩීල්	1099
ඩීවීඩී	351
ඩීසල්	2303
ඩු	263
ඩුඩ්	398
ඩුප්ලිකේට්	204
ඩුබායි	3719
ඩුබායිහි	221
ඩුවල්	198
ඩූ	380
ඩූඩ්	783
ඩෙංගි	197
ඩෙංගු	7372
ඩෙන්මාර්කය	235
ඩෙන්සිල්	333
ඩෙනිම	363
ඩෙනිම්	653
ඩෙනිස්	437
ඩෙප්	226
ඩෙබිට්	201
ඩෙල්	238
ඩෙල්ෆ්	323
ඩෙල්ෆ්ට්	232
ඩෙස්	515
ඩෙස්ක්	308
ඩෙස්ක්ටොප්	636
ඩෙස්මන්ඩ්	211
ඩෙෆා	251
ඩේ	1525
ඩේටා	847
ඩේලි	725
ඩේවිඩ්	2511
ඩේසි	274
ඩො	1434
ඩොක්ට	684
ඩොක්ටර්	1950
ඩොකා	456
ඩොකෙක්	208
ඩොට්	873
ඩොනල්ඞ්	286
ඩොනල්ඩ්	2156
ඩොන්	232
ඩොන්ගල්	398
ඩොමේන්	767
ඩොලරය	5343
ඩොලරයට	432
ඩොලරයේ	256
ඩොලර්	17507
ඩොල්ෆින්	391
ඩෝ	1009
ඩෝං	502
ඩෝන්ට්	274
ඩෝප්	332
ඩෝරා	261
ඩෝල්ටන්	293
ඩෝසන්	459
ඩෝසර්	374
ණය	22276
ණයක්	1105
ණයගැති	202
ණයට	1539
ණයයි	234
ඬේවිඞ්	348
තංගල්ල	2533
තංගල්ලේ	322
තක	242
තකතීරු	366
තක්කඩි	956
තක්කාලි	1135
තක්ෂිලා	233
තක්සේරු	2372
තක්සේරුව	486
තක්සේරුවක්	418
තකා	1607
තග	253
තට	288
තට්ට	504
තට්ටං	372
තට්ටම්	358
තට්ටය	233
තට්ටු	4227
තට්ටුව	881
තට්ටුවක්	959
තට්ටුවට	449
තට්ටුවෙ	257
තට්ටුවේ	770
තට්ටෙ	328
තට්ටේ	288
තටාක	285
තටාකය	339
තටු	2011
තඩියා	514
තණ	1939
තණකොල	469
තණකොළ	1133
තණමල්විල	724
තණ්හා	1463
තණ්හාව	952
තත්	1020
තත්කාලීන	301
තත්ත්පර	332
තත්ත්ව	2860
තත්ත්වය	25852
තත්ත්වයක	1110
තත්ත්වයකට	1721
තත්ත්වයකදී	200
තත්ත්වයක්	11014
තත්ත්වයකි	792
තත්ත්වයකින්	312
තත්ත්වයට	5884
තත්ත්වයත්	811
තත්ත්වයන්	3663
තත්ත්වයන්ට	457
තත්ත්වයයි	199
තත්ත්වයෙන්	2000
තත්ත්වයේ	2598
තත්පර	2795
තත්පරයකට	204
තත්පරයක්	327
තත්පරයට	338
තත්ව	2208
තත්වය	21484
තත්වයක	1346
තත්වයකට	2012
තත්වයකදී	251
තත්වයක්	8910
තත්වයකි	1175
තත්වයකින්	288
තත්වයට	5681
තත්වයත්	453
තත්වයද	198
තත්වයන්	4444
තත්වයන්ට	768
තත්වයයි	315
තත්වයෙන්	1983
තත්වයේ	3097
තත්වූ	203
තත්වෙ	967
තත්වෙට	891
තත්වේ	984
තතු	2956
තථාගත	594
තථාගතයන්	1202
තද	14086
තදට	533
තදබදය	1489
තදබදයක්	1309
තදබදයට	264
තදබල	1245
තදාසන්න	636
තදින්	5256
තදින්ම	1741
තන	1131
තනතුර	5057
තනතුරකට	373
තනතුරක්	1822
තනතුරට	2277
තනතුරින්	394
තනතුරු	5282
තනතුරුවල	269
තනතුරුවලට	457
තනතුරුවලින්	339
තනතුරෙන්	796
තනතුරෙහි	204
තනතුරේ	1034
තනන	1208
තනන්න	294
තනන්නට	374
තනන්නේ	263
තන්	991
තන්තිරිමලේ	319
තන්තු	590
තන්හාව	265
තන්හි	397
තනා	2641
තනි	15138
තනිකඩ	807
තනිකඩව	229
තනිකම	1777
තනිකමක්	278
තනිකමට	228
තනිකර	1963
තනිකරම	2202
තනිය	312
තනියට	1069
තනියම	7049
තනියෙන්	1945
තනියෙම	464
තනිව	3601
තනිවම	2596
තනිවී	539
තනිවූ	309
තනිවෙලා	685
තනු	1100
තනුව	914
තනුවක්	367
තනුවට	228
තනේ	224
තපස්	355
තප්පර	696
තබති	219
තබන	5340
තබනවා	405
තබන්න	1300
තබන්නට	1520
තබන්නේ	996
තබනු	773
තබමි	722
තබමින්	1993
තබමු	301
තබයි	1251
තබ්බෝව	299
තබා	33617
තබාගත	742
තබාගත්	731
තබාගන්න	617
තබාගන්නා	206
තබාගැනීම	547
තබාගැනීමට	318
තබාගැනීමේ	251
තබාගෙන	4328
තම	96921
තමං	337
තමංගෙ	448
තමනට	937
තමන්	59249
තමන්ගෙ	11980
තමන්ගෙන්	815
තමන්ගෙම	790
තමන්ගේ	45080
තමන්ගේම	2398
තමන්ට	26642
තමන්ටත්	575
තමන්ටද	199
තමන්ටම	1333
තමන්ද	427
තමන්ම	1413
තමන්ව	2241
තමනුත්	526
තමය්	536
තමයි	213612
තමයිලු	267
තමයී	426
තම්පෝ	209
තම්බපු	243
තම්බලා	332
තම්බා	517
තම්බි	922
තම්යි	337
තමා	97846
තමාගෙ	267
තමාගෙන්	423
තමාගේ	8161
තමාගේම	575
තමාට	7868
තමාටත්	204
තමාටම	515
තමාද	235
තමාම	460
තමාව	1040
තමිලරසු	206
තමිල්	1293
තමිල්නාඩු	2604
තමිල්නාඩුව	527
තමිල්නාඩුවට	203
තමිල්නාඩුවේ	1551
තමිල්වින්	730
තමීර	292
තමුංගෙ	197
තමුන්	2547
තමුන්ගෙ	1323
තමුන්ගේ	2516
තමුන්ට	1354
තමුන්නාන්සේලා	266
තමුසෙ	1329
තමුසෙගෙ	350
තමුසෙට	976
තමුසෙලා	467
තමුසේ	1413
තඹ	1729
තඹරු	202
තඹුත්තේගම	712
තර	1895
තරං	3603
තරංග	3757
තරංගා	315
තරකර	202
තරග	16331
තරගකරුවන්	401
තරගකාරී	852
තරගය	8291
තරගයක	411
තරගයකට	404
තරගයකදී	473
තරගයක්	2414
තරගයකින්	213
තරගයට	2605
තරගයෙන්	1843
තරගයේ	4568
තරගයේදී	1931
තරගවලට	254
තරගවලදී	311
තරගාවලි	710
තරගාවලිය	4944
තරගාවලියක්	623
තරගාවලියට	1822
තරගාවලියෙන්	392
තරගාවලියේ	5088
තරගාවලියේදී	1062
තරගෙට	457
තරඟ	8033
තරඟකරුවන්	327
තරඟකාරී	691
තරඟය	3518
තරඟයක	207
තරඟයකට	247
තරඟයක්	1458
තරඟයට	1173
තරඟයෙන්	718
තරඟයේ	1385
තරඟයේදී	423
තරඟාවලිය	1493
තරඟාවලියට	364
තරඟාවලියේ	1077
තරඟාවලියේදී	216
තරඟෙට	385
තරණය	3176
තරන්	584
තරප්පු	278
තරබාරු	642
තරම	3962
තරමක	3665
තරමකට	964
තරමක්	10282
තරමකින්	393
තරමට	11464
තරමටම	3686
තරම්	71410
තරම්ම	2662
තරම්ය	1258
තරම්වත්	857
තරමි	346
තරමින්	4860
තරමෙ	685
තරමෙන්	411
තරමේ	4558
තරයේ	2339
තරයේම	264
තරල	349
තරලය	223
තරවටු	466
තරහ	6047
තරහක්	1487
තරහට	397
තරහයි	594
තරහව	274
තරහා	2790
තරහින්	512
තරහෙන්	458
තර්ක	6957
තර්කනය	324
තර්කය	2739
තර්කයක්	1422
තර්කයට	497
තර්කයෙන්	284
තර්කයේ	226
තර්කානුකූල	528
තර්කානුකූලව	388
තර්ජන	4650
තර්ජනය	6270
තර්ජනයකට	287
තර්ජනයක්	3354
තර්ජනයට	1223
තර්ජනාත්මක	341
තර්ඩ්	262
තර්ස්ටන්	383
තරාතිරම	623
තරැණ	224
තරිදු	262
තරිඳු	979
තරියා	308
තරු	11834
තරුණ	23342
තරුණයකු	892
තරුණයන්	3382
තරුණයන්ගේ	377
තරුණයන්ට	544
තරුණයා	5507
තරුණයාගේ	1399
තරුණයාට	706
තරුණයි	321
තරුණයින්	2040
තරුණයින්ට	219
තරුණයෙක්	2634
තරුණයෙකි	483
තරුණයෙකු	2330
තරුණයෙකුගේ	243
තරුණයෙකුට	399
තරුණයෝ	558
තරුණිය	3113
තරුණියක	689
තරුණියකගේ	414
තරුණියකට	522
තරුණියක්	2350
තරුණියකි	248
තරුණියගේ	833
තරුණියට	510
තරුණියන්	3088
තරුණියන්ගේ	553
තරුණියන්ට	804
තරුණියෝ	299
තරුන	1276
තරුනයන්	602
තරුනයින්	428
තරුනයෝ	227
තරුව	1895
තරුවක්	1925
තරුවේ	272
තරූ	253
තරූගේ	263
තල	2888
තලංගම	553
තලගොයා	369
තලතා	830
තලන	444
තලන්න	276
තලප	288
තලය	1359
තලයක	459
තලයකට	416
තලයක්	342
තලයට	708
තලයෙන්	210
තලයේ	1538
තලලා	222
තලවකැලේ	438
තලවතුගොඩ	312
තලවාකැලේ	235
තල්	1185
තල්මසුන්	335
තල්ලු	4542
තල්ලුව	358
තල්ලුවක්	619
තල්ලූ	488
තලා	1700
තලාව	840
තලාවේ	295
තලිබාන්	262
තලු	263
තලෙයිබාන්	222
තලෙයිමන්නාරම	373
තලේ	454
තලේබාන්	537
තව	101410
තවකෙක්	246
තවකෙකු	198
තවතවත්	509
තවත්	138429
තවද	10309
තවදුරටත්	25347
තවන	348
තවම	13000
තවමත්	30703
තවරා	612
තවලම	423
තව්තිසා	368
තවාන්	420
තවුහිද්	225
තස්ස	224
තහංචි	932
තහඩු	1201
තහඩුව	305
තහනං	287
තහනම	2837
තහනමකට	247
තහනමක්	1416
තහනමට	837
තහනම්	20674
තහනම්ය	361
තහවුරු	19935
තහළු	280
ත්	17508
ත්වරණය	281
තා	1382
තාක්	2764
තාක්කල්	251
තාක්ශණය	539
තාක්ශණික	305
තාක්ශනය	258
තාක්ශනික	222
තාක්ෂණ	8266
තාක්ෂණය	9190
තාක්ෂණයක්	569
තාක්ෂණයට	547
තාක්ෂණයත්	226
තාක්ෂණයන්	442
තාක්ෂණයෙන්	1034
තාක්ෂණයේ	1175
තාක්ෂණවේදය	419
තාක්ෂණික	9105
තාක්ෂන	214
තාක්ෂනය	1129
තාක්ෂනික	580
තාගේ	222
තාගෝර්	348
තාජුඩීන්	758
තාජුඩීන්ගේ	665
තාඩන	359
තාත්ත	5158
තාත්තගෙ	2178
තාත්තගෙන්	453
තාත්තගෙයි	234
තාත්තගේ	1813
තාත්තට	3270
තාත්තටත්	315
තාත්තටයි	457
තාත්තත්	1142
තාත්තයි	2577
තාත්තල	707
තාත්තලට	201
තාත්තලා	1561
තාත්තලාගේ	303
තාත්තව	615
තාත්තා	21226
තාත්තාගෙන්	420
තාත්තාගේ	2077
තාත්තාට	1709
තාත්තාත්	443
තාත්තාව	294
තාත්ති	743
තාත්තෙ	500
තාත්තෙක්	443
තාත්තේ	1527
තාත්වික	765
තානාපති	8031
තානාපතිනි	237
තානාපතිනිය	250
තානාපතිවරයා	874
තානාපතිවරු	268
තානාපතිවරුන්	527
තාප	1527
තාපය	689
තාප්ප	867
තාප්පය	1034
තාප්පයක්	409
තාප්පයනෙළුම්	339
තාප්පෙ	294
තාප්පෙට	229
තාප්පෙන්	265
තාප්පේ	238
තාම	22495
තාමත්	12185
තායි	988
තායිලන්ත	1016
තායිලන්තය	1031
තායිලන්තයේ	1163
තායිවානය	266
තායිවානයේ	228
තාර	1434
තාරක	2057
තාරකගේ	215
තාරකා	5057
තාරකාව	505
තාරකාවක්	351
තාර්කික	1148
තාර්කිකව	255
තාරා	713
තාරාවෝ	216
තාරුකා	479
තාල	621
තාලය	353
තාලයක්	206
තාලයට	633
තාලයේ	211
තාලෙ	242
තාලෙට	952
තාලේ	601
තාව	238
තාවකාලික	4381
තාවකාලිකයි	205
තාවකාලිකව	5621
තාවය	589
තාවයක්	352
තැ	335
තැං	278
තැංකූ	257
තැකිය	208
තැකීමක්	861
තැචර්	207
තැටි	1845
තැටිය	1229
තැටියක්	591
තැටියේ	281
තැත	325
තැතක්	266
තැත්	3772
තැති	789
තැන	36554
තැනක	11980
තැනකට	5608
තැනකද	310
තැනකදි	425
තැනකදී	737
තැනකම	966
තැනක්	15330
තැනකි	527
තැනකින්	2044
තැනකුත්	197
තැනට	9055
තැනටම	598
තැනත්	651
තැනද	222
තැනදි	287
තැනදී	390
තැනම	4246
තැනයි	384
තැන්	17074
තැන්ක්	351
තැන්ක්ස්	737
තැන්කියු	235
තැන්කිව්	231
තැන්කු	570
තැන්කූ	2409
තැන්න	586
තැන්නේ	352
තැන්පත්	8838
තැන්පත්කරුවන්	284
තැන්පත්ව	339
තැන්පතු	1488
තැන්වල	4211
තැන්වලට	924
තැන්වලදී	366
තැන්වලින්	405
තැන්හි	315
තැනැත්තන්	612
තැනැත්තා	2563
තැනැත්තාගේ	296
තැනැත්තාට	536
තැනැත්තිය	413
තැනැත්තියක්	396
තැනැත්තෙක්	263
තැනැත්තෙකු	315
තැනැත්තේ	291
තැනිතලා	511
තැනින්	5523
තැනින්ම	249
තැනී	200
තැනීම	824
තැනීමට	661
තැනීමේ	330
තැනු	287
තැනුත්	255
තැනූ	1765
තැනෙක	676
තැනෙකද	203
තැනෙක්හිද	304
තැනේ	296
තැපැල්	15326
තැපැල්පති	281
තැපෑල	983
තැපෑලට	316
තැපෑලෙන්	1186
තැබිණි	237
තැබිය	2400
තැබී	204
තැබීම	6063
තැබීමක්	534
තැබීමකින්	823
තැබීමට	4166
තැබීම්	510
තැබීමෙන්	1542
තැබීමේ	2114
තැබීය	703
තැබු	569
තැබුණා	297
තැබුණු	281
තැබුවා	793
තැබුවාය	211
තැබුවෙමි	205
තැබුවේ	1052
තැබුවේය	318
තැබූ	5383
තැබූහ	344
තැබෙන	741
තැබේ	235
තැම්පත්	607
තැම්බූ	217
තැඹිලි	1986
තැරැව්කාර	229
තැලී	293
තැවරී	281
තැවරුණු	240
තැවරූ	220
තැවුල්	395
තැවෙන	275
තෑග්ග	1766
තෑග්ගක්	1754
තෑගි	4727
තෑගී	493
තෑන	220
තෑන්ක්	347
තෑන්ක්ස්	1906
ති	1528
තිඛෙන	767
තිඛෙනවා	1644
තිත	2274
තිතක්	463
තිතට	462
තිත්	1036
තිත්ත	2323
තිත්තයි	359
තිදරු	577
තිදෙනකු	665
තිදෙනා	2321
තිදෙනාගෙන්	269
තිදෙනාගේ	290
තිදෙනාට	353
තිදෙනාම	461
තිදෙනෙක්	1544
තිදෙනෙකු	2603
තිදෙනෙකුගේ	256
තිදෙනෙකුට	466
තිබ්බ	21333
තිබ්බට	1535
තිබ්බටුවාවේ	465
තිබ්බත්	2293
තිබ්බද	601
තිබ්බනං	262
තිබ්බනම්	683
තිබ්බනෙ	284
තිබ්බනේ	413
තිබ්බම	390
තිබ්බලු	259
තිබ්බා	11605
තිබ්බෙ	6140
තිබ්බෙත්	523
තිබ්බේ	7682
තිබ්බොත්	1397
තිබි	817
තිබිච්ච	1057
තිබිණ	4513
තිබිණි	13710
තිබින	643
තිබිනි	1155
තිබිම	408
තිබිය	11558
තිබියදි	274
තිබියදී	6325
තිබියදීත්	1396
තිබියදීම	217
තිබියදීය	198
තිබියදීයි	282
තිබිල	1774
තිබිලත්	353
තිබිලා	2777
තිබී	10600
තිබීම	9274
තිබීමට	336
තිබීමත්	619
තිබීමද	233
තිබීමය	368
තිබීමයි	1308
තිබීමෙන්	424
තිබීමේ	306
තිබු	10579
තිබුණ	11385
තිබුණට	730
තිබුණත්	5184
තිබුණද	2130
තිබුණා	33451
තිබුණාට	294
තිබුණාද	220
තිබුණි	15660
තිබුණු	19082
තිබුණෙ	4221
තිබුණෙත්	445
තිබුණේ	23482
තිබුණේද	232
තිබුණේය	1219
තිබුණොත්	705
තිබුන	19133
තිබුනට	1728
තිබුනත්	5753
තිබුනද	1776
තිබුනනම්	433
තිබුනනෙ	210
තිබුනනේ	421
තිබුනලු	344
තිබුනා	21469
තිබුනාට	339
තිබුනානම්	465
තිබුනි	4972
තිබුනු	5810
තිබුනෙ	7353
තිබුනෙත්	799
තිබුනෙම	221
තිබුනේ	21028
තිබුනේය	1074
තිබුනොත්	1549
තිබූ	55554
තිබෙ	335
තිබෙන	53749
තිබෙනව	994
තිබෙනවද	231
තිබෙනවා	131315
තිබෙනවාද	1136
තිබෙන්න	425
තිබෙන්නට	1353
තිබෙන්නා	252
තිබෙන්නෙ	781
තිබෙන්නේ	17280
තිබෙනා	711
තිබෙනු	1592
තිබෙනුයේ	245
තිබෙයි	540
තිබේ	107931
තිබේද	3090
තිබේදැයි	562
තිබේන	280
තිබේනම්	669
තිමෝති	252
තිඹිරි	221
තිය	818
තියං	598
තියටර්	319
තියද	265
තියන	37035
තියනකොට	270
තියනව	11485
තියනවද	3623
තියනවනම්	1183
තියනවනෙ	594
තියනවනේ	943
තියනවලු	440
තියනවා	30926
තියනවාද	528
තියනවානම්	301
තියනවානේ	237
තියන්	2352
තියන්ට	202
තියන්න	6726
තියන්නට	326
තියන්නත්	207
තියන්නම්	285
තියන්නෙ	1275
තියන්නේ	2183
තියපු	1095
තියමු	422
තියයි	335
තියරි	668
තියරිය	882
තියල	4447
තියලා	7502
තියා	11473
තියාගත්ත	235
තියාගත්තා	325
තියාගන	247
තියාගන්න	4507
තියාගන්නවා	289
තියාගනින්	247
තියාගෙන	9302
තියාන	436
තියාම	270
තියුණු	4079
තියුනු	1082
තියෙද	301
තියෙද්දි	1892
තියෙද්දිත්	482
තියෙද්දී	1150
තියෙන	99019
තියෙනකොට	420
තියෙනව	17313
තියෙනවද	8074
තියෙනවනං	271
තියෙනවනම්	2199
තියෙනවනෙ	1128
තියෙනවනේ	1855
තියෙනවයි	265
තියෙනවලු	779
තියෙනවා	95974
තියෙනවාද	1759
තියෙනවානම්	679
තියෙනවානේ	843
තියෙනවාය	757
තියෙනවාලු	229
තියෙන්	363
තියෙන්ට	229
තියෙන්ඩ	224
තියෙන්න	9507
තියෙන්නට	328
තියෙන්නත්	543
තියෙන්නම	219
තියෙන්නෙ	46210
තියෙන්නෙත්	2406
තියෙන්නෙම	202
තියෙන්නේ	72377
තියෙන්නේත්	265
තියෙනා	226
තියෙනේ	269
තියෙයි	2096
තියෙයිද	658
තියේ	2809
තියේද	1027
තියේනං	203
තියේනම්	386
තියේවි	1006
තියේවිද	258
තිර	3322
තිරගත	2973
තිරගතවිම්	240
තිරණ	201
තිරණය	996
තිරනය	204
තිරප්පනේ	234
තිරය	2371
තිරයක්	474
තිරයට	604
තිරයෙන්	443
තිරයේ	1601
තිරසර	1896
තිරස්	456
තිරසාර	1932
තිරිංග	678
තිරිගු	216
තිරිඟු	885
තිරිමාන්න	453
තිරිසන්	2102
තිරිසන්නු	235
තිරිසනුන්	297
තිරුපති	216
තිලංග	1008
තිලක	648
තිලකරත්න	2214
තිලකසිරි	365
තිලක්	1860
තිලකා	419
තිලකේ	199
තිලාන්	217
තිලිණ	798
තිලිණි	213
තිලෝගුරු	292
තිවංක	309
තිවුන	234
තිසර	2227
තිසරණ	262
තිස්	4683
තිස්තුන්	236
තිස්ස	8307
තිස්සට	258
තිස්සනායගම්	227
තිස්සමහාරාම	952
තිස්සමහාරාමය	213
තිස්සෙ	1883
තිස්සෙම	1375
තිස්සේ	12771
තිස්සේම	477
තිසා	554
තිසේරා	398
තිහ	468
තිහක	484
තිහකට	532
තිහක්	1315
තිහගොඩ	259
තිහට	219
තිහේ	204
තිළිණ	1986
තිළිණයක්	653
තිළිණි	346
තී	607
තීක්ෂණ	367
තීන	469
තීනව	278
තීන්ත	1741
තීන්දු	5946
තීන්දුව	5041
තීන්දුවකට	277
තීන්දුවක්	2228
තීන්දුවට	793
තීන්දුවෙන්	299
තීන්දුවේ	235
තීන්නෙ	339
තීම්	681
තීරක	230
තීරණ	9552
තීරණය	45472
තීරණයක	1282
තීරණයකට	1383
තීරණයක්	6631
තීරණයට	2110
තීරණයේ	207
තීරණවලට	442
තීරණාත්මක	3814
තීරණේ	553
තීරන	449
තීරනය	2147
තීරනයක්	296
තීරනාත්මක	1250
තීරය	1370
තීරයක්	225
තීරයට	799
තීරයේ	1985
තීරයේදී	465
තීර්ථ	689
තීරු	3334
තීරුබදු	493
තීරුව	874
තීරුවක්	328
තීරුවේ	451
තු	798
තුං	337
තුච්ඡ	332
තුට්ටු	884
තුට්ටුවකට	200
තුටින්	431
තුටු	729
තුඩ	627
තුඩින්	362
තුඩු	2767
තුඩුදුන්	386
තුඩුදෙන	197
තුඩුව	312
තුත්තිරි	211
තුති	2494
තුන	8639
තුනක	3610
තුනකට	5254
තුනකදී	217
තුනක්	18095
තුනක්ම	766
තුනක්වත්	207
තුනකි	473
තුනකින්	2478
තුනකුත්	449
තුනට	1465
තුනටම	273
තුනත්	220
තුනපහ	436
තුනම	1460
තුනයි	1443
තුන්	16138
තුන්කොන්	425
තුන්දෙනා	1669
තුන්දෙනාට	227
තුන්දෙනාම	494
තුන්දෙනෙක්	747
තුන්දෙනෙකු	1548
තුන්ලක්ෂ	246
තුන්වන	5517
තුන්වරක්	321
තුන්වැනි	2266
තුන්වෙනි	2705
තුන්සිය	728
තුනී	1392
තුනෙන්	2926
තුනෙන්ම	268
තුනෙහි	237
තුනේ	2109
තුනේම	377
තුප්පහි	337
තුබූ	487
තුමන්	913
තුමන්ගේ	288
තුමනි	595
තුමා	8872
තුමාගෙ	280
තුමාගෙන්	213
තුමාගේ	1947
තුමාට	1673
තුමාණන්	381
තුමාත්	212
තුමිය	496
තුමෝ	336
තුර	2318
තුරඟ	345
තුරන්	2541
තුර්කි	1250
තුර්කිය	745
තුර්කියේ	591
තුරා	1173
තුරාවට	355
තුරු	12251
තුරුණු	618
තුරුත්	559
තුරුම	1504
තුරුම්පු	219
තුරුම්පුව	273
තුරුලට	510
තුරුල්	900
තුරුලු	846
තුරුලේ	570
තුරුළු	1315
තුල	73415
තුලට	4544
තුලත්	900
තුලද	770
තුලදි	430
තුලදී	3281
තුලදීම	278
තුලනය	560
තුලම	1626
තුලය	711
තුලයි	360
තුලා	553
තුලින්	14871
තුලින්ම	469
තුලිනි	392
තුවක්කු	2255
තුවක්කුව	981
තුවක්කුවක්	751
තුවක්කුවෙන්	234
තුවක්කුවේ	221
තුවා	324
තුවාය	259
තුවාල	22344
තුවාලකරුවන්	431
තුවාලය	604
තුවාලයක්	782
තුෂාර	1225
තුෂාරි	517
තුසිත	832
තුහින	258
තුළ	105110
තුළට	4273
තුළත්	1058
තුළද	821
තුළදි	199
තුළදී	4918
තුළදීම	344
තුළම	1768
තුළය	625
තුළයි	706
තුළින්	17731
තුළින්ම	537
තුළිනි	406
තූ	310
තූර්ය	399
තෘණ	575
තෘප්ත	224
තෘප්තිමත්	1573
තෘප්තිය	1103
තෘප්තියක්	598
තෘප්තියට	220
තෘෂ්ණා	441
තෘෂ්ණාව	932
තෘෂ්ණාවෙන්	234
තෙ	549
තෙකලා	224
තෙක්	13042
තෙක්ම	1166
තෙගුණ	399
තෙත	1208
තෙතමනය	440
තෙත්	3046
තෙත්බිම්	270
තෙද	419
තෙදින	570
තෙන්නකෝන්	2423
තෙපි	436
තෙම	2924
තෙමඟුල	234
තෙමහල්	479
තෙම්පරාදු	339
තෙමා	455
තෙමි	516
තෙමිලා	312
තෙමී	432
තෙමෙන	237
තෙමෙන්න	261
තෙමේ	2803
තෙමේද	256
තෙර	729
තෙරක්	269
තෙරණිය	246
තෙරණුවෝ	320
තෙරපි	209
තෙරපෙන	256
තෙරුන්	2014
තෙරුන්ගේ	273
තෙරුම්	1069
තෙරුවන්	2093
තෙරෙන්නෙ	213
තෙරේසා	515
තෙල	469
තෙල්	20513
තෙල්දෙණිය	390
තෙවන	4177
තෙවනුව	290
තෙවරක්	413
තෙවරප්පෙරුම	763
තෙවැන්න	205
තෙවැනි	2391
තෙවෙනි	266
තේ	18435
තේක	225
තේකක්	325
තේක්ක	540
තේජෝ	409
තේනුවර	407
තේමා	2141
තේමාව	3319
තේමාවක්	567
තේමාවන්	416
තේමාවෙන්	477
තේරවිලි	292
තේරැම්	379
තේරිලා	950
තේරී	2951
තේරීපත්	213
තේරීම	1140
තේරීමක්	244
තේරීමට	196
තේරීම්	3333
තේරීම්භාර	252
තේරීමේ	511
තේරුං	683
තේරුණ	310
තේරුණා	2199
තේරුණාද	283
තේරුණු	301
තේරුණේ	1253
තේරුන	379
තේරුන්	310
තේරුනා	2261
තේරුනාද	383
තේරුනේ	3263
තේරුම	5555
තේරුමක්	4338
තේරුම්	29005
තේරුම්ගත	612
තේරුම්ගන්න	651
තේරුම්ගෙන	276
තේරෙන	3010
තේරෙනව	784
තේරෙනවද	316
තේරෙනවනේ	294
තේරෙනවා	3152
තේරෙන්	221
තේරෙන්න	1054
තේරෙන්නෑ	285
තේරෙන්නෙ	2878
තේරෙන්නෙත්	227
තේරෙන්නේ	4407
තේරෙයි	1437
තේරේවි	456
තෛපොංගල්	467
තෛලය	218
තො	542
තොග	3732
තොගය	3759
තොගයක්	4921
තොගයේ	558
තොගෙ	598
තොගේ	968
තොට	2597
තොටගමුවේ	352
තොටවත්ත	331
තොටියා	217
තොටුපල	1589
තොටුපලට	408
තොටුපලේ	606
තොටුපලේදී	282
තොටුපළ	1394
තොටුපළට	257
තොටුපළේ	348
තොටුපළේදී	212
තොටුපොල	408
තොටුපොළ	953
තොටුපොළට	237
තොටුපොළේ	321
තොටේ	525
තොණ්ඩමන්	412
තොත්ත	366
තොන්ඩමන්	283
තොප	1271
තොපගේ	477
තොපට	666
තොප්පි	720
තොප්පිගල	329
තොප්පිය	638
තොප්පියක්	336
තොපි	2974
තොපිට	1029
තොපෙ	210
තොපේ	899
තොම්සන්	272
තොමෝ	710
තොර	6986
තොරණ	1174
තොරණක්	243
තොරතුර	494
තොරතුරකට	1659
තොරතුරක්	4207
තොරතුරැ	703
තොරතුරු	54991
තොරතුරුත්	227
තොරතුරුවල	202
තොරතුරුවලට	515
තොරතෝංචියක්	218
තොරන්	301
තොරයි	205
තොරව	17985
තොරවම	548
තොරවය	306
තොරවයි	244
තොරවූ	244
තොරා	451
තොරොම්බල්	237
තොල	1055
තොල්	2625
තොවිල්	443
තෝ	4498
තෝතැන්නක්	429
තෝමස්	1815
තෝර	1162
තෝරගන්න	678
තෝරගෙන	436
තෝරන	670
තෝරන්න	1433
තෝරන්නසොයන්නවර්ග	438
තෝරන්නේ	227
තෝරල	231
තෝරලා	673
තෝරා	13825
තෝරාගත	436
තෝරාගත්	3208
තෝරාගත්තේ	358
තෝරාගන්න	821
තෝරාගන්නා	447
තෝරාගන්නේ	308
තෝරාගනු	393
තෝරාගැනීම	692
තෝරාගැනීමට	355
තෝරාගැනීම්	218
තෝරාගැනීමේ	282
තෝරාගෙන	1937
තෝරාපත්	262
තෝව	312
තෝසෙ	234
තෝසේ	350
ථෙරවාද	424
ථෙරවාදී	570
ථේරවාදී	411
ද	453787
දං	551
දංකොටුව	482
දංගෙඩියට	240
දක්කාගෙන	312
දක්නට	15245
දක්නහුගේ	257
දක්නා	1188
දක්වති	615
දක්වන	13593
දක්වනවා	1447
දක්වන්න	2503
දක්වන්නට	946
දක්වන්නෙ	275
දක්වන්නේ	2865
දක්වනු	1241
දක්වපු	935
දක්වමි	442
දක්වමින්	10208
දක්වමිනි	417
දක්වමිනුයි	270
දක්වමු	230
දක්වයි	2902
දක්වල	348
දක්වලා	863
දක්වා	91515
දක්වාත්	1652
දක්වාද	553
දක්වාම	3046
දක්ශ	477
දක්ෂ	6810
දක්ෂකම්	216
දක්ෂතම	899
දක්ෂතා	2556
දක්ෂතාව	404
දක්ෂතාවක්	215
දක්ෂතාවය	737
දක්ෂතාවයක්	218
දක්ෂයන්	249
දක්ෂයි	785
දක්ෂයින්	205
දක්ෂයෙක්	608
දක්ෂයෝ	217
දක්ෂිණ	2723
දක්ෂිණාංශික	322
දක්ෂිනාංශික	1257
දකිති	355
දකිද්දි	635
දකිද්දී	619
දකින	15180
දකිනකොට	760
දකිනව	393
දකිනවා	3009
දකින්	323
දකින්ට	444
දකින්න	12768
දකින්නට	7137
දකින්නත්	362
දකින්නෙ	1525
දකින්නේ	5703
දකිනා	697
දකිනු	706
දකිමි	1603
දකිමින්	1386
දකිමු	840
දකියි	745
දකී	970
දකීද	240
දකුණ	3733
දකුණට	1740
දකුණත	246
දකුණත්	289
දකුණතින්	200
දකුණින්	427
දකුණු	29694
දකුණෙ	332
දකුණෙන්	399
දකුණේ	4505
දකුනට	333
දකුනු	2836
දකුනේ	576
දග	412
දගකාර	202
දගලන	414
දගලනවා	199
දඟ	1853
දඟකාර	843
දඟර	398
දඟලන	977
දඟලනවා	369
දඟලන්න	246
දඟලන්නේ	346
දඩ	4988
දඩබ්බර	402
දඩමස්	293
දඩමීමා	313
දඩය	737
දඩයක්	1116
දඩයක්කාරයා	875
දඩයක්කාරයාගේ	299
දඩයම	902
දඩයමට	309
දඩයම්	2016
දඩයමේ	676
දඩස්	231
දඩාවතේ	235
දඩි	370
දඩු	405
දඩුවම	1586
දඩුවමක්	562
දඩුවම්	3749
දණ	1942
දණහිස	223
දණහිස්	214
දණ්ඩ	1202
දණ්ඩක්	326
දණ්ඩනය	970
දණ්ඩනයට	229
දණින්	232
දඬු	1333
දඬුවම	3817
දඬුවමක්	1366
දඬුවමට	466
දඬුවම්	8149
දත	2420
දතක්	511
දතයුතු	285
දත්	8188
දත්ත	13413
දත්තයන්	363
දත්මිටි	224
දද	288
දදා	659
දදේනි	230
දන	2191
දනට	230
දනන්	616
දනවන	1089
දනව්	252
දන්	4484
දන්ත	1864
දන්දීමේ	213
දන්න	21805
දන්නව	5434
දන්නවත්	440
දන්නවද	6841
දන්නවනම්	827
දන්නවනෙ	1797
දන්නවනේ	4037
දන්නවා	23049
දන්නවාද	2193
දන්නවානම්	280
දන්නවානේ	712
දන්නවාය	249
දන්නහුගේ	254
දන්නා	18126
දන්නාවූ	220
දන්නැ	512
දන්නැති	585
දන්නැද්ද	302
දන්නෑ	4181
දන්නෙ	17333
දන්නෙත්	2846
දන්නෙම	973
දන්නෙවත්	231
දන්නෙහිද	244
දන්නේ	29598
දන්නේත්	205
දන්නේද	207
දන්නේය	244
දන්නෝ	1181
දන්වන	655
දන්වන්න	672
දන්වන්නෙහිද	377
දන්වනු	237
දන්වමි	524
දන්වමින්	317
දන්වයි	279
දන්වා	6159
දන්සල	335
දන්සලක්	219
දන්සල්	566
දන්සැල	436
දන්සැලක්	290
දන්සැල්	1056
දනා	273
දනි	248
දනිති	2012
දනින්	237
දනිමි	3245
දනිමු	1750
දනියි	571
දනී	2031
දනීද	234
දප්පුල	393
දබර	457
දම	686
දමති	431
දමන	8196
දමනය	1071
දමනවා	920
දමන්න	2263
දමන්නට	2270
දමන්නේ	1163
දමනා	205
දමනු	2092
දමපු	496
දමමි	244
දමමින්	3029
දමමිනි	254
දමයන්ති	532
දමයි	2426
දමල	712
දමලා	1300
දම්	2745
දම්පාට	235
දම්මි	324
දම්වැල්	461
දමා	28978
දමාගත්	216
දමාගෙන	1590
දමිත්	1112
දමිතා	270
දමිල	1052
දමිළ	2770
දඹ	287
දඹදිව	1535
දඹදෙණි	260
දඹදෙණිය	277
දඹර	369
දඹුල්ල	4282
දඹුල්ලේ	679
දඹුලු	617
දයල්	220
දයා	3204
දයානන්ද	1027
දයාන්	953
දයාබර	1996
දයාරත්න	666
දයාව	837
දයාවංශ	258
දයාවෙන්	287
දයාසිරි	3152
දර	2358
දරණ	5455
දරති	390
දරදඬු	349
දරන	12441
දරනවා	711
දරන්න	1044
දරන්නට	646
දරන්නන්	306
දරන්නා	283
දරන්නේ	1593
දරනා	233
දරනු	869
දරපු	320
දරමි	198
දරමින්	1535
දරයි	1788
දර්ගා	355
දර්පණ	303
දර්මය	234
දර්ශක	759
දර්ශකය	1613
දර්ශකයක්	250
දර්ශකයේ	544
දර්ශණ	1872
දර්ශණය	792
දර්ශණයක්	283
දර්ශන	8124
දර්ශනය	8106
දර්ශනයක්	2833
දර්ශනයකි	256
දර්ශනයට	912
දර්ශනයන්	285
දර්ශනයෙන්	344
දර්ශනයේ	852
දර්ශනවාදය	220
දර්ශනීය	401
දරා	7283
දරාගත	1034
දරාගන්න	1663
දරාගෙන	1528
දරැවන්	384
දරු	9819
දරුණු	8009
දරුණුතම	404
දරුණුම	512
දරුණුයි	389
දරුණුවට	230
දරුනු	1195
දරුව	901
දරුවකු	1880
දරුවකුගේ	315
දරුවකුට	325
දරුවගෙ	278
දරුවගේ	439
දරුවට	1109
දරුවත්	295
දරුවනට	333
දරුවන්	28358
දරුවන්ගෙ	452
දරුවන්ගෙන්	609
දරුවන්ගේ	5809
දරුවන්ට	9447
දරුවන්ටත්	501
දරුවන්ද	345
දරුවන්ව	456
දරුවනුත්	244
දරුවනේ	489
දරුවව	359
දරුවා	13424
දරුවාගේ	3687
දරුවාට	2800
දරුවාව	451
දරුවෙක්	4337
දරුවෙක්ට	251
දරුවෙකි	210
දරුවෙකු	2799
දරුවෙකුගේ	558
දරුවෙකුට	1005
දරුවො	2465
දරුවොත්	307
දරුවෝ	4739
දරුස්මාන්	262
දල	1908
දලයි	219
දල්වන	298
දල්වන්න	303
දල්වා	1362
දල්වාගෙන	257
දලා	371
දලු	731
දවටා	265
දවන	310
දවයි	204
දවල්	6161
දවල්ට	2194
දවල්ටත්	201
දවස	15594
දවසක	16058
දවසකට	4113
දවසකම	281
දවසක්	26167
දවසක්දා	340
දවසක්ම	309
දවසකි	285
දවසකින්	2657
දවසට	6731
දවසටම	236
දවසත්	489
දවසම	1665
දවසයි	611
දවස්	29674
දවස්වල	13594
දවස්වලට	678
දවස්වලම	218
දවසින්	1707
දවසෙ	4604
දවසෙත්	561
දවසෙන්	395
දවසෙම	1190
දවසේ	13874
දවසේදී	212
දවසේම	265
දවා	1384
දවාලේ	332
දශ	647
දශක	6237
දශකය	1647
දශකයකට	461
දශකයක්	284
දශකයේ	4072
දශකයේදී	589
දශකවල	236
දශම	1505
දශා	545
දශාව	201
දෂ්ට	362
දෂ්ඨ	471
දස	8452
දසක	322
දසත	761
දසදහසක්	249
දසදහස්	343
දසන්	235
දසනායක	1308
දස්කම්	1559
දස්කොන්	385
දසාව	323
දසුන	953
දසුනක්	966
දසුනකි	294
දසුන්	2765
දහ	3727
දහඅට	434
දහක්	248
දහඩිය	905
දහතුන	366
දහතුනක්	227
දහතුන්	581
දහතුන්වැනි	245
දහදිය	865
දහන	344
දහනය	587
දහනව	264
දහනවවැනි	317
දහනායක	382
දහම	11282
දහමක්	1156
දහමට	2956
දහමත්	250
දහම්	7981
දහම්පාසල්	230
දහමින්	522
දහමෙන්	294
දහමෙහි	392
දහමේ	3021
දහය	1805
දහයක	896
දහයකට	1142
දහයක්	3892
දහයකින්	427
දහයට	728
දහයයි	418
දහයෙ	200
දහයෙන්	400
දහයේ	604
දහර	428
දහරා	270
දහවල	454
දහවල්	6995
දහස	817
දහසක	1195
දහසකට	1655
දහසක්	6265
දහසකින්	218
දහසකුත්	851
දහසය	539
දහස්	11410
දහසේ	375
දහිරිය	263
දළ	4792
දළදා	6553
දළදාව	352
දළඳා	729
දළඹු	390
දළඹුවා	297
දළු	1907
ද්වාර	416
ද්වාරය	598
ද්වි	878
ද්විත්ව	2157
ද්විත්වය	327
ද්විතියික	266
ද්විතීය	279
ද්විතීයික	501
ද්විපාර්ශවික	486
ද්විපාර්ශ්වික	501
ද්විමය	214
ද්වී	216
ද්වීපාර්ශවික	197
ද්වේශ	843
ද්වේශය	406
ද්වේශයෙන්	215
ද්වේෂ	451
ද්වේෂය	288
දා	38729
දාං	298
දාක	683
දාගත්ත	890
දාගත්තම	210
දාගත්තා	928
දාගත්තු	284
දාගත්තේ	218
දාගන	444
දාගන්න	5100
දාගන්නවා	442
දාගන්නේ	313
දාගැබ	613
දාගැබ්	444
දාගෙන	12763
දාගෙනම	275
දාට	2570
දාඩිය	1882
දාද්දි	430
දාන	13055
දානකොට	677
දානමය	679
දානය	2769
දානයක්	1236
දානයට	375
දානව	2431
දානවට	301
දානවද	610
දානවනම්	234
දානවා	8197
දාන්	473
දාන්ට	854
දාන්ඩ	911
දාන්න	30813
දාන්නං	390
දාන්නකො	246
දාන්නකෝ	547
දාන්නට	297
දාන්නත්	1107
දාන්නද	385
දාන්නම	206
දාන්නම්	2806
දාන්නම්කො	223
දාන්නයි	466
දාන්නෙ	2440
දාන්නෙත්	270
දාන්නේ	3985
දානෙ	582
දානෙට	307
දානේ	757
දාපං	749
දාපන්	1568
දාපු	10837
දාම	905
දාමය	324
දාමයක්	209
දාම්	198
දාමු	1752
දාමුද	357
දාය	205
දායක	11793
දායකත්ව	762
දායකත්වය	6680
දායකත්වයක්	2189
දායකත්වයෙන්	730
දායකයන්	572
දායකයා	383
දායකයින්	565
දායාද	1857
දායාදය	286
දායාදයක්	228
දායි	1190
දායින්	211
දාර	490
දාරක	211
දාර්ශනික	1745
දාර්ශනිකයන්	311
දාර්ශනිකයා	203
දාල	20977
දාලත්	264
දාලද	237
දාලම	524
දාලයි	236
දාලා	32012
දාව	1052
දාවි	208
දාවිත්	251
දාස	414
දාසය	197
දාස්	788
දාහ	248
දාහං	204
දාහකට	232
දාහක්	2026
දාහතර	315
දාහත්	338
දාහය	252
දාහෙන්	217
දැ	2290
දැං	12035
දැක	22081
දැකගත	3450
දැකගන්න	1185
දැකගන්නඅපගේ	335
දැකගන්නට	669
දැකගැනීමට	430
දැකපු	5720
දැකබලා	369
දැකල	6826
දැකලත්	367
දැකලම	274
දැකලවත්	216
දැකලා	10561
දැක්	1815
දැක්ක	9796
දැක්කට	764
දැක්කත්	911
දැක්කද	1219
දැක්කනම්	209
දැක්කනේ	492
දැක්කම	7508
දැක්කමයි	425
දැක්කහම	1054
දැක්කා	8908
දැක්කාම	2036
දැක්කෙ	4296
දැක්කෙත්	377
දැක්කේ	6678
දැක්කොත්	1975
දැක්ම	3945
දැක්මක්	1768
දැක්මකින්	206
දැක්මට	377
දැක්මෙන්	211
දැක්විම	246
දැක්විය	4021
දැක්වී	211
දැක්වීම	5912
දැක්වීමක්	1031
දැක්වීමට	4174
දැක්වීමත්	240
දැක්වීමයි	231
දැක්වීම්	999
දැක්වීමෙන්	545
දැක්වීමේ	991
දැක්වීමේදී	268
දැක්වීය	1262
දැක්වු	1183
දැක්වුණේ	602
දැක්වුයේ	259
දැක්වුවා	488
දැක්වූ	11729
දැක්වූයේ	1499
දැක්වූවා	700
දැක්වූහ	541
දැක්වෙන	7242
දැක්වෙනවා	1211
දැක්වෙන්නේ	5003
දැක්වෙයි	788
දැක්වේ	4455
දැකිය	7113
දැකීම	2695
දැකීමක්	314
දැකීමට	2248
දැකීමත්	258
දැකීම්	467
දැකීමෙන්	1159
දැකීමේ	606
දැකුම්	427
දැට්	202
දැඩි	34938
දැඩිලෙස	472
දැඩිව	2810
දැණුන	238
දැණුනා	386
දැණුනු	204
දැණුම	802
දැණුමක්	262
දැණුවත්	370
දැති	344
දැදිගම	366
දැදුරු	338
දැන	33623
දැනං	757
දැනගත	2124
දැනගත්	2012
දැනගත්ත	892
දැනගත්තම	314
දැනගත්තා	1431
දැනගත්තු	245
දැනගත්තෙ	909
දැනගත්තේ	1891
දැනගත්තොත්	353
දැනගන්ට	263
දැනගන්න	9386
දැනගන්නට	2848
දැනගන්නත්	301
දැනගන්නවා	271
දැනගන්නා	311
දැනගන්නේ	431
දැනගනියි	238
දැනගනී	221
දැනගැනීම	1212
දැනගැනීමට	2172
දැනගැනීමේ	1127
දැනගෙන	7426
දැනට	32520
දැනටත්	1911
දැනටම	1061
දැනටමත්	8666
දැනත්	788
දැනන්	1208
දැනම	847
දැන්	208851
දැන්ද	243
දැන්නං	623
දැන්නම්	3222
දැන්නෙ	243
දැන්නේ	316
දැන්ම	3220
දැන්මම	710
දැන්වත්	2223
දැන්විම	3973
දැන්විමදැන්විම්	436
දැන්විමමෝටර්	942
දැන්විමවිනෝදාංශ	214
දැන්විම්	1164
දැන්විය	213
දැන්වීම	3560
දැන්වීමක්	1416
දැන්වීමට	356
දැන්වීම්	6455
දැන්වීම්සාමාජිකයන්	976
දැන්වීමේ	386
දැන්වීය	355
දැන්වූ	372
දැනිච්ච	256
දැනිණි	244
දැනිල	307
දැනිලා	679
දැනී	777
දැනීම	1263
දැනීමක්	921
දැනීම්	427
දැනීමේ	206
දැනුණ	305
දැනුණා	1093
දැනුණි	405
දැනුණු	568
දැනුණේ	651
දැනුත්	1931
දැනුදු	487
දැනුන	2510
දැනුනත්	444
දැනුනා	3603
දැනුනි	562
දැනුනු	1040
දැනුනෙ	951
දැනුනේ	2467
දැනුම	18430
දැනුමක්	6119
දැනුමකින්	206
දැනුමට	1133
දැනුමත්	411
දැනුම්	21121
දැනුම්දී	1698
දැනුම්දීම	612
දැනුම්දීමකට	211
දැනුම්දීමක්	531
දැනුම්දීමට	267
දැනුම්දීමේ	551
දැනුම්දුන්	222
දැනුම්දෙන	339
දැනුම්වත්	1287
දැනුමැති	215
දැනුමින්	347
දැනුමෙන්	1117
දැනුමේ	757
දැනුයි	1071
දැනුවත්	19527
දැනුවත්ව	1079
දැනෙන	8574
දැනෙනව	777
දැනෙනවද	231
දැනෙනවා	4962
දැනෙන්න	2142
දැනෙන්නට	1281
දැනෙන්නෙ	1601
දැනෙන්නේ	3663
දැනෙනා	321
දැනෙනු	268
දැනෙයි	1007
දැනේ	1874
දැනේවි	470
දැම්ම	5862
දැම්මට	1841
දැම්මත්	1434
දැම්මද	385
දැම්මනං	266
දැම්මනම්	645
දැම්මම	1390
දැම්මලු	312
දැම්මහම	233
දැම්මා	11085
දැම්මාට	263
දැම්මාම	497
දැම්මෙ	2372
දැම්මෙත්	307
දැම්මේ	5094
දැම්මේය	617
දැම්මොත්	1841
දැමිම	242
දැමිමට	294
දැමිය	3024
දැමී	199
දැමීම	9533
දැමීමක්	542
දැමීමට	9745
දැමීමටත්	289
දැමීමටයි	234
දැමීමත්	434
දැමීමය	227
දැමීමයි	598
දැමීම්	438
දැමීමෙන්	1305
දැමීමේ	2412
දැමීය	746
දැමු	1658
දැමුණා	222
දැමුණු	847
දැමුනු	234
දැමුවා	650
දැමුවෙමි	229
දැමුවේ	847
දැමුවේය	309
දැමූ	6911
දැමූහ	359
දැමෙන	257
දැමේ	287
දැය	817
දැයක්	263
දැයට	1610
දැයි	12010
දැයෙන්	294
දැයේ	360
දැරණියගල	957
දැරිය	5933
දැරියක	680
දැරියකගේ	209
දැරියකට	383
දැරියක්	1881
දැරියගේ	2039
දැරියට	627
දැරියන්	1862
දැරියන්ගේ	294
දැරියන්ට	311
දැරිවි	293
දැරිවිය	211
දැරිවියක්	211
දැරීම	1091
දැරීමට	1463
දැරීමේ	279
දැරීය	355
දැරු	260
දැරුවත්	265
දැරුවා	335
දැරුවේ	470
දැරූ	3952
දැල	765
දැලක්	366
දැලට	229
දැල්	2687
දැල්පන්දු	232
දැල්ල	287
දැල්වී	211
දැල්වීම	340
දැල්වූ	265
දැල්වෙන	637
දැලි	789
දැලේ	1277
දැව	2228
දැවටි	202
දැවටී	360
දැවටෙන	200
දැවන්ත	444
දැවයෙන්	201
දැවැන්ත	11152
දැවැන්තම	868
දැවි	351
දැවිල්ල	407
දැවී	4785
දැවෙන	1637
දැස්	291
දැහැන	421
දැහැන්	424
දැහැමි	666
දැහැමින්	214
දැහැමෙන්	213
දෑ	8950
දෑත	1384
දෑතට	447
දෑත්	2399
දෑතින්	851
දෑතින්ම	286
දෑතේ	514
දෑන	212
දෑන්	1653
දෑරු	198
දෑල	582
දෑවැද්ද	277
දෑස	2805
දෑසක්	204
දෑසට	587
දෑස්	4701
දෑසින්	1480
දෑසේ	849
දි	9432
දික්	2717
දික්ඔය	506
දික්කසාද	1230
දික්කසාදය	369
දික්වැල්ල	801
දිග	17777
දිගකින්	225
දිගට	8688
දිගටම	22909
දිගටි	215
දිගන	349
දිගම	871
දිගම්බරම්	205
දිගයි	821
දිගහැර	234
දිගහැරුම	648
දිගහැරෙන	224
දිග්	452
දිගා	568
දිගැති	246
දිගින්	7986
දිගු	11597
දිගුකල්	226
දිගුකාලීන	1100
දිගුකාලීනව	244
දිගුව	389
දිගුවක්	711
දිගේ	8635
දිට්ඨ	235
දිට්ඨි	309
දිට්ඨිය	319
දිටිමි	248
දිදී	689
දිදුල	215
දිදුලන	728
දින	106434
දිනක	6637
දිනකට	4954
දිනකදී	736
දිනකම	1263
දිනක්	5838
දිනකින්	1008
දිනට	4852
දිනටත්	811
දිනදී	7527
දිනන	1035
දිනනවා	568
දිනන්න	1514
දිනන්නට	334
දිනන්නේ	433
දිනපතා	4631
දිනපතාම	678
දිනපු	736
දිනපොත	2144
දිනපොතේ	255
දිනම	618
දිනමිණ	2559
දිනය	26547
දිනයක	2191
දිනයකට	207
දිනයකදී	399
දිනයක්	5858
දිනයකි	488
දිනයට	2463
දිනයත්	248
දිනයන්	901
දිනයන්හි	623
දිනයන්හිදී	268
දිනයයි	826
දිනයි	927
දිනයෙන්	437
දිනයෙහි	250
දිනයේ	14257
දිනයේත්	826
දිනයේද	317
දිනයේදි	228
දිනයේදිත්	259
දිනයේදී	5849
දිනයේදීත්	349
දිනයේම	318
දිනලා	494
දිනවන්න	344
දිනවල	13053
දිනවලදී	919
දින්න	217
දින්නා	278
දිනා	8571
දිනාගත	388
දිනාගත්	2057
දිනාගත්තේ	222
දිනාගන්න	578
දිනාගන්නා	227
දිනාගැනීම	379
දිනාගැනීමට	763
දිනාගෙන	872
දිනැති	1496
දිනිති	597
දිනු	615
දිනුක	401
දිනුම	461
දිනුමක්	281
දිනුම්	1609
දිනුව	201
දිනුවත්	344
දිනුවා	429
දිනුවේ	417
දිනුවොත්	298
දිනූ	1802
දිනෙක	5668
දිනෙත්	294
දිනෙන්	3701
දිනේ	1801
දිනේට	332
දිනේවා	341
දිනේශ්	931
දිනේෂ්	5806
දිපු	209
දිම	570
දිමට	680
දිමුත්	451
දිමුතු	638
දිමේ	202
දිඹුලාගල	739
දිය	31318
දියං	308
දියකර	553
දියගම	236
දියට	645
දියණි	229
දියණිය	6331
දියණියක	473
දියණියක්	898
දියණියගේ	1268
දියණියට	1131
දියණියන්	1097
දියණියයි	206
දියත	227
දියතලාව	883
දියත්	8614
දියන්	632
දියනෑමට	360
දියනිය	245
දියමන්ති	968
දියයුතු	318
දියර	1241
දියරය	243
දියරයක්	210
දියව	200
දියවඩන	864
දියවන්නා	362
දියවර	437
දියව්	359
දියවැඩියා	775
දියවැඩියාව	1513
දියවී	491
දියවෙලා	392
දියසේන	327
දියාරු	520
දියුණු	19054
දියුණුයි	436
දියුණුව	3374
දියුණුවක්	1356
දියුණුවට	1512
දියුණුවත්	458
දියුණුවන	205
දියුණුවේ	384
දියුනු	2252
දියුනුව	244
දියෙන්	830
දියෙහි	342
දියේ	2583
දිරවන්නේ	341
දිර්ඝ	481
දිරා	587
දිරාපත්	480
දිරි	2129
දිරිගැන්වීම	306
දිරිගැන්වීම්	201
දිරිමත්	2374
දිරිය	1464
දිරියක්	291
දිල	252
දිල්	1329
දිල්රුක්ෂි	369
දිල්ලි	1027
දිල්ලිය	294
දිල්ලියේ	379
දිල්ශාන්	283
දිල්ෂාන්	375
දිල්හානි	261
දිලා	1477
දිලි	246
දිලිනි	392
දිලිප්	353
දිලිසි	396
දිලිසෙන	1284
දිලී	249
දිලීප	608
දිලීර	589
දිලුම්	833
දිලෙන	704
දිව	7471
දිවංගත	530
දිවගොස්	200
දිවට	369
දිවයන	347
දිවයින	11790
දිවයිනට	5685
දිවයිනම	217
දිවයින්	502
දිවයිනෙන්	856
දිවයිනේ	8992
දිව්රුම්	310
දිව්ව	328
දිව්වා	1027
දිව්වෙ	199
දිව්වේ	379
දිවා	4190
දිවැස්	214
දිවි	13749
දිවිනසා	245
දිවිනැගුම	550
දිවිපිදු	256
දිවිය	3070
දිවියකට	269
දිවියක්	737
දිවියට	2031
දිවියන්	210
දිවියම	210
දිවියා	433
දිවියෙන්	533
දිවියේ	1742
දිවිහිමියෙන්	227
දිවීම	401
දිවීමේ	296
දිවුරා	318
දිවුරුම්	4558
දිවුලපිටිය	715
දිවුල්	564
දිවුල්ගනේ	472
දිවුවා	233
දිවෙන	2294
දිවෙන්	390
දිවේ	320
දිශා	292
දිශානතිය	402
දිශාව	1349
දිශාවකට	421
දිශාවට	937
දිශාවෙන්	355
දිශාවේ	199
දිස්	2121
දිස්වන	832
දිස්වන්නේ	261
දිස්වෙන	241
දිස්වේ	433
දිසා	2980
දිසානායක	13076
දිසානායකගේ	496
දිසානායකට	277
දිසාපති	594
දිසාව	674
දිසාවට	376
දිසාවේ	457
දිසාසේකර	201
දිසි	371
දිහා	22766
දිහාට	1549
දිහාත්	275
දිහාම	447
දිහාව	274
දිහාවට	1293
දිහාවෙ	510
දිහාවේ	226
දිළිදු	207
දිළිඳු	1240
දිළිඳුකම	434
දී	196964
දීග	624
දීගෙන	672
දීඝ	335
දීත්	738
දීන	573
දීප	1210
දීපං	470
දීපන්	1142
දීපල්ලා	220
දීප්ති	1019
දීප්තිමත්	1492
දීප්තිමත්ව	205
දීප්තිය	418
දීපා	300
දීපාල්	594
දීපිකා	956
දීපු	5580
දීපූ	230
දීම	24896
දීමකට	235
දීමක්	1897
දීමකි	204
දීමකින්	332
දීමට	22898
දීමටත්	714
දීමටද	279
දීමටය	227
දීමටයි	378
දීමත්	1076
දීමද	303
දීමනා	3506
දීමනාව	2132
දීමනාවක්	1278
දීමය	455
දීමයි	1626
දීම්	779
දීමෙන්	3780
දීමේ	6202
දීමේදී	714
දීය	1476
දීයි	352
දීර්ග	890
දීර්ඝ	11733
දීර්ඝකාලීන	576
දීර්ඝකාලීනව	210
දීර්ඝතම	289
දීර්ඝව	234
දීර්ඝායුෂ	364
දීල	10594
දීලත්	328
දීලයි	215
දීලා	18072
දු	2058
දුං	264
දුක	21237
දුකක්	6850
දුකකි	536
දුකකින්	279
දුකකුත්	282
දුකට	3014
දුකත්	613
දුකද	222
දුකම	405
දුකය	344
දුකයි	3855
දුකසේ	317
දුක්	19263
දුක්ඛ	1431
දුක්ඛිත	451
දුක්ගැනවිලි	238
දුක්ද	391
දුක්බර	1196
දුක්මුසු	304
දුක්වූ	456
දුකා	4263
දුකාගේ	201
දුකින්	2339
දුකෙන්	1336
දුකේ	599
දුගඳ	347
දුගී	1424
දුගීන්	204
දුටිමි	1079
දුටු	16298
දුටුගැමුණු	2472
දුටුව	572
දුටුවන්	320
දුටුවා	1633
දුටුවිට	363
දුටුවෙමි	1138
දුටුවෙමු	357
දුටුවේ	2790
දුටුවේය	608
දුටුවොත්	249
දුත	255
දුන	288
දුනහොත්	228
දුන්	36552
දුන්න	12512
දුන්නට	2608
දුන්නත්	2202
දුන්නද	1149
දුන්නනම්	423
දුන්නනේ	240
දුන්නම	1351
දුන්නලු	489
දුන්නහම	230
දුන්නා	22733
දුන්නාට	709
දුන්නාම	507
දුන්නාය	908
දුන්නු	3092
දුන්නෙ	4170
දුන්නෙත්	569
දුන්නෙමි	471
දුන්නෙමු	239
දුන්නේ	19819
දුන්නේය	6708
දුන්නොත්	2667
දුන්හ	2102
දුනි	1215
දුනිමි	487
දුනු	641
දුනේෂ්	234
දුපත	331
දුපත්	516
දුපතේ	286
දුප්පත්	6612
දුප්පත්කම	959
දුප්පත්ම	218
දුප්පතුන්	612
දුප්පතුන්ට	328
දුබල	1335
දුබලතා	349
දුම	773
දුමක්	483
දුම්	5120
දුම්කොල	230
දුම්කොළ	1414
දුම්පානය	622
දුම්බර	636
දුම්බීම	246
දුම්මල	303
දුම්රිය	30800
දුම්රියක	722
දුම්රියක්	1291
දුම්රියට	1084
දුම්රියන්	335
දුම්රියපල	201
දුම්රියපොල	251
දුම්රියපොළ	496
දුම්රියෙන්	871
දුම්රියේ	2428
දුම්වැටි	2173
දුමාරය	266
දුමි	227
දුමින්ද	5762
දුමින්දගේ	266
දුමින්දට	285
දුමියා	243
දුමී	1640
දුමීගේ	269
දුඹුරු	1838
දුයිෂෙන්	297
දුර	18805
දුරක	1082
දුරකට	1934
දුරකතන	12716
දුරකතනය	1612
දුරකතනයක්	523
දුරකතනයට	490
දුරකතනයෙන්	1093
දුරකතනයේ	558
දුරකථන	16927
දුරකථනය	3910
දුරකථනයක්	914
දුරකථනයට	873
දුරකථනයෙන්	1743
දුරකථනයේ	814
දුරකථනරු	18865
දුරක්	4829
දුරකින්	786
දුරට	9812
දුරටත්	11420
දුරදිග	1498
දුරයි	688
දුරස්	1314
දුරස්ථ	1137
දුරස්ථභාවය	224
දුර්ග	217
දුර්ගන්ධය	212
දුර්දාන්ත	241
දුර්මත	311
දුර්ලබ	225
දුර්ලභ	2640
දුර්වර්ණ	264
දුර්වල	6112
දුර්වලකම්	333
දුර්වලතා	1223
දුර්වලතාවය	248
දුර්වලතාවයක්	265
දුර්වලයි	460
දුරින්	4260
දුරු	3602
දුරුකොට	253
දුරුතු	641
දුරේක්ෂ	234
දුරේක්ෂය	333
දුලබ	570
දුලාජ්	198
දුලානි	291
දුලිප්	263
දුව	7569
දුවක්	392
දුවගෙ	322
දුවගෙන	2834
දුවගේ	839
දුවට	1497
දුවත්	483
දුවද්දී	265
දුවන	4118
දුවනව	436
දුවනවා	1885
දුවන්	433
දුවන්න	2491
දුවන්නට	605
දුවන්නෙ	481
දුවන්නේ	1158
දුවපු	589
දුවමින්	307
දුවයි	987
දුවල	1222
දුවලා	1959
දුවව	427
දුවා	623
දුවිලි	385
දුවෙක්	734
දුවේ	1592
දුශ්කර	283
දුෂණ	2223
දුෂණය	1743
දුෂණයට	401
දුෂ්කර	5634
දුෂ්කරතා	1322
දුෂ්කරය	291
දුෂ්කරයි	227
දුෂ්ට	936
දුෂ්ටයා	201
දුෂ්ඨ	541
දුෂ්මන්ත	274
දුෂානි	580
දුෂිත	520
දුසිම්	528
දුහුල්	477
දුහුවිලි	462
දූ	3244
දූත	1869
දූතයන්	332
දූතයා	276
දූප	268
දූපත	1313
දූපතක	239
දූපතක්	406
දූපතට	557
දූපත්	2146
දූපතේ	1187
දූරකතන	255
දූරියන්	740
දූලා	207
දූලි	281
දූව	427
දූවරු	217
දූවිලි	1668
දූෂණ	8471
දූෂණය	5698
දූෂණයක්	384
දූෂණයට	1438
දූෂණයෙන්	319
දූෂණයේ	224
දූෂන	394
දූෂනය	529
දූෂිත	2539
දූෂිතයන්	228
දෘඩ	530
දෘඩාංග	826
දෘඪ	274
දෘෂ්ටි	1393
දෘෂ්ටික	227
දෘෂ්ටිමය	224
දෘෂ්ටිය	987
දෘෂ්ටියක්	281
දෘෂ්ටියෙන්	227
දෘෂ්ටිවාදය	305
දෘෂ්ටිවාදී	209
දෘෂ්ඨි	360
දෘෂ්ඨිය	298
දෙ	2714
දෙඅත්	242
දෙක	44203
දෙකක	7921
දෙකකට	10575
දෙකකටත්	283
දෙකකදී	723
දෙකක්	53163
දෙකක්ද	639
දෙකක්ම	1036
දෙකක්වත්	411
දෙකකි	1840
දෙකකින්	4708
දෙකකුත්	877
දෙකකුයි	230
දෙකට	8148
දෙකටම	2472
දෙකඩ	1484
දෙකත්	1919
දෙකතුනක්	452
දෙකද	260
දෙකම	11888
දෙකය	257
දෙකයි	4414
දෙකහමාරක්	339
දෙකින්	1040
දෙකින්ම	201
දෙකෙන්	5458
දෙකෙන්ම	1244
දෙකෙහි	1330
දෙකෙහිම	616
දෙකේ	7761
දෙකේදී	320
දෙකේදීම	273
දෙකේම	1907
දෙකොපුල්	198
දෙගිඩියාවෙන්	293
දෙගුණ	925
දෙගුණයක්	686
දෙගුන	201
දෙගොඩ	286
දෙගොල්ල	198
දෙගොල්ලන්ටම	207
දෙගොල්ලම	315
දෙගොල්ලොම	448
දෙටු	266
දෙතැනක	227
දෙති	2051
දෙතිස්	495
දෙතුන්	3850
දෙතොල	397
දෙතොල්	1194
දෙදරා	445
දෙදරු	1092
දෙදහසකට	256
දෙදහසක්	319
දෙදහස්	1301
දෙද්දි	294
දෙද්දී	463
දෙදාස්	374
දෙදින	1744
දෙදෙන	901
දෙදෙනකු	2166
දෙදෙනකුගේ	238
දෙදෙනකුට	376
දෙදෙනා	16263
දෙදෙනාගෙන්	866
දෙදෙනාගේ	2605
දෙදෙනාගේම	580
දෙදෙනාට	2115
දෙදෙනාටම	935
දෙදෙනාත්	325
දෙදෙනාද	325
දෙදෙනාම	3379
දෙදෙනාව	209
දෙදෙනෙක්	4726
දෙදෙනෙකි	629
දෙදෙනෙකු	13671
දෙදෙනෙකුගෙන්	241
දෙදෙනෙකුගේ	1064
දෙදෙනෙකුට	1555
දෙදෙනෙකුද	277
දෙන	62925
දෙනකම්	297
දෙනක්	378
දෙනකු	4135
දෙනකුගෙන්	333
දෙනකුගේ	579
දෙනකුට	1188
දෙනකොට	833
දෙනම	396
දෙනමක්	238
දෙනයි	1214
දෙනව	3781
දෙනවට	579
දෙනවද	1850
දෙනවනම්	542
දෙනවනේ	264
දෙනවලු	370
දෙනවා	21238
දෙනවාට	316
දෙනවාද	562
දෙනවානම්	231
දෙනවාය	313
දෙන්	745
දෙන්ට	1358
දෙන්ඩ	1379
දෙන්න	70588
දෙන්නං	962
දෙන්නඔබේ	5919
දෙන්නක්	340
දෙන්නකො	449
දෙන්නකෝ	824
දෙන්නගෙ	1047
දෙන්නගෙන්	616
දෙන්නගෙම	586
දෙන්නගේ	1240
දෙන්නට	10195
දෙන්නටත්	456
දෙන්නටම	2223
දෙන්නත්	3091
දෙන්නද	843
දෙන්නන්	318
දෙන්නම	6136
දෙන්නම්	6482
දෙන්නම්කෝ	213
දෙන්නයි	2013
දෙන්නව	964
දෙන්නවත්	292
දෙන්නා	11919
දෙන්නාගේ	504
දෙන්නාට	563
දෙන්නාටම	311
දෙන්නාම	656
දෙන්නාවූ	196
දෙන්නැයි	908
දෙන්නෑ	305
දෙන්නෙ	6302
දෙන්නෙක්	7403
දෙන්නෙක්ට	287
දෙන්නෙක්ම	234
දෙන්නෙකුට	409
දෙන්නෙකුත්	348
දෙන්නෙකුයි	219
දෙන්නෙත්	1032
දෙන්නෙම	215
දෙන්නෙමි	273
දෙන්නෙමු	297
දෙන්නේ	21255
දෙන්නේද	226
දෙන්නේය	435
දෙනා	23398
දෙනාගෙන්	1567
දෙනාගේ	3236
දෙනාගේම	653
දෙනාට	4857
දෙනාටත්	406
දෙනාටම	3261
දෙනාත්	235
දෙනාද	598
දෙනාම	5047
දෙනාව	208
දෙනියාය	394
දෙනු	8885
දෙනුවන්	591
දෙනෙක්	26222
දෙනෙක්ගෙ	219
දෙනෙක්ගේ	469
දෙනෙක්ට	1189
දෙනෙක්ද	342
දෙනෙක්ම	1493
දෙනෙකි	684
දෙනෙකු	35984
දෙනෙකුගෙන්	2759
දෙනෙකුගේ	3135
දෙනෙකුට	8114
දෙනෙකුටම	298
දෙනෙකුත්	685
දෙනෙකුද	541
දෙනෙකුම	754
දෙනෙකුයි	246
දෙනෙත	687
දෙනෙතට	374
දෙනෙත්	3545
දෙනෙතින්	872
දෙනෙතේ	256
දෙනෝ	266
දෙනෝදාහක්	232
දෙපයින්	621
දෙපල	489
දෙපලට	212
දෙපස	2529
දෙපසට	677
දෙපසින්	403
දෙපළ	642
දෙපා	2979
දෙපාරක්	2328
දෙපාරක්ම	274
දෙපාර්තමේන්තු	3090
දෙපාර්තමේන්තුව	30218
දෙපාර්තමේන්තුවට	3864
දෙපාර්තමේන්තුවෙන්	824
දෙපාර්තමේන්තුවේ	10546
දෙපාර්තුමේන්තුව	297
දෙපාර්ශවය	660
දෙපාර්ශවයටම	279
දෙපාර්ශවයම	366
දෙපාර්ශවයේම	248
දෙපාර්ශ්වය	289
දෙපැත්ත	646
දෙපැත්තක්	292
දෙපැත්තට	1095
දෙපැත්තටම	358
දෙපැත්තම	337
දෙපැත්තෙ	401
දෙපැත්තෙන්	595
දෙපැත්තෙන්ම	270
දෙපැත්තෙම	284
දෙපැත්තේ	719
දෙපැත්තේම	242
දෙපිරිස	291
දෙපිරිසක්	749
දෙපිරිසම	215
දෙබරවැව	198
දෙබස	556
දෙබසක්	375
දෙබස්	1591
දෙබෑ	246
දෙබිඩි	640
දෙමටගොඩ	1309
දෙමල	8745
දෙමලා	206
දෙමලෙන්	241
දෙමව්පිය	248
දෙමව්පියන්	3349
දෙමව්පියන්ගෙන්	308
දෙමව්පියන්ගේ	667
දෙමව්පියන්ට	1103
දෙමව්පියො	352
දෙමව්පියෝ	875
දෙමවුපියන්	551
දෙමවුපියන්ට	260
දෙමවුපියෝ	270
දෙමහල්	989
දෙමළ	48516
දෙමළා	449
දෙමළාට	244
දෙමළු	357
දෙමළුන්	476
දෙමළුන්ට	334
දෙමළෙන්	606
දෙමාපිය	993
දෙමාපියන්	5090
දෙමාපියන්ගෙන්	308
දෙමාපියන්ගේ	958
දෙමාපියන්ට	1466
දෙමාපියො	224
දෙමාපියෝ	479
දෙමි	1244
දෙමින්	10101
දෙමිනි	787
දෙමු	1989
දෙමුද	226
දෙමුහුන්	1196
දෙමුහුම්	338
දෙමෝදර	287
දෙය	7933
දෙයක	801
දෙයකට	1745
දෙයකටම	281
දෙයක්	114889
දෙයක්ද	2403
දෙයක්නෙ	213
දෙයක්නේ	457
දෙයක්ම	4805
දෙයක්ය	266
දෙයක්වත්	332
දෙයකි	3802
දෙයකින්	708
දෙයකුත්	563
දෙයට	1228
දෙයත්	228
දෙයම	518
දෙයයි	1029
දෙය්යනේ	348
දෙයි	11901
දෙයිද	430
දෙයින්	2326
දෙයියන්ගෙ	257
දෙයියන්ගේ	447
දෙයියන්ට	481
දෙයියනේ	3910
දෙයියා	515
දෙයියෙක්	363
දෙයියො	970
දෙයියෝ	1696
දෙයෙහි	344
දෙරට	2275
දෙරටේ	1032
දෙරණ	2813
දෙරණට	208
දෙරණේ	467
දෙලක්ෂ	799
දෙල්	878
දෙල්කඳ	215
දෙල්ගොඩ	239
දෙලොව	225
දෙලොවක්	208
දෙව	282
දෙවඟන	370
දෙවතාවක්	430
දෙවන	23235
දෙවනගල	214
දෙවනත්	539
දෙවනි	2416
දෙවනියට	208
දෙවනුව	1826
දෙවරක්	2809
දෙවරක්ම	225
දෙවල්	2991
දෙවසර	264
දෙවසරකට	296
දෙවසරක්	259
දෙව්	2098
දෙව්දත්	281
දෙව්දුව	264
දෙව්රම්	236
දෙව්ලොව	721
දෙවැන්න	1306
දෙවැන්නා	289
දෙවැනි	13342
දෙවැනියට	203
දෙවැනියා	283
දෙවි	3388
දෙවිදුන්	223
දෙවිනුවර	493
දෙවිඳු	265
දෙවිඳුන්	370
දෙවියකු	229
දෙවියන්	18578
දෙවියන්ගෙ	243
දෙවියන්ගෙන්	588
දෙවියන්ගේ	2746
දෙවියන්ට	2598
දෙවියන්වහන්සේ	803
දෙවියන්වහන්සේගේ	401
දෙවියනි	515
දෙවියනේ	1102
දෙවියා	712
දෙවියෙක්	889
දෙවියෙකු	261
දෙවියො	622
දෙවියෝ	2131
දෙවිවරු	1465
දෙවිවරුන්	544
දෙවිවරුන්ට	208
දෙවුන්දර	448
දෙවෙනි	7706
දෙවෙනියට	270
දෙවේලේ	405
දෙවොල	373
දෙවොල්	561
දෙශනා	211
දෙශපාලන	211
දෙස	22322
දෙසට	10473
දෙසත්	399
දෙසතිය	268
දෙසන	388
දෙසම	439
දෙසවන්	371
දෙස්	2281
දෙසා	483
දෙසැ	12861
දෙසැම්බරයේ	501
දෙසැම්බර්	17399
දෙසින්	2917
දෙසිය	814
දෙසීය	290
දෙසීයක්	553
දෙසු	295
දෙසුම	281
දෙසුම්	257
දෙසූ	631
දෙහැවිරිදි	212
දෙහි	1949
දෙහිඅත්තකණ්ඩිය	357
දෙහිඕවිට	226
දෙහිවල	2900
දෙළුම්	251
දේ	82861
දේක	316
දේකට	2469
දේකටම	472
දේකම	283
දේකින්	466
දේකුත්	1048
දේට	3562
දේටත්	398
දේටම	756
දේත්	1385
දේද	424
දේදුණු	227
දේදුන්න	410
දේදුනු	582
දේපල	4241
දේපලක්	328
දේපලවලට	199
දේපළ	3983
දේපළරු	302
දේපළරූ	309
දේපළවලට	259
දේපොල	385
දේපොළ	675
දේම	4448
දේමයි	278
දේය	324
දේයි	351
දේව	8282
දේවත්වය	268
දේවත්වයට	227
දේවත්වයෙන්	293
දේවතා	525
දේවතාවන්	200
දේවතාවුන්	326
දේවදත්ත	368
දේවයන්	303
දේවල	688
දේවලට	687
දේවල්	72461
දේවල්ද	420
දේවල්ම	240
දේවල්ය	322
දේවල්වල	268
දේවල්වලට	635
දේවල්වලින්	240
දේවලින්	558
දේවලුත්	1366
දේවස්ථාන	673
දේවස්ථානය	860
දේවස්ථානයට	389
දේවස්ථානයේ	793
දේවසිරි	844
දේව්	342
දේවා	631
දේවානන්ද	506
දේවානන්දා	265
දේවානම්පියතිස්ස	346
දේවාල	1724
දේවාලගම්	225
දේවාලය	1753
දේවාලයක්	392
දේවාලයට	649
දේවාලයේ	1819
දේවාලෙ	272
දේවාලේ	415
දේවි	1960
දේවිකා	383
දේවින්ද	242
දේවිය	1391
දේවියගේ	383
දේවියට	227
දේවී	964
දේශ	2751
දේශක	570
දේශකයා	612
දේශගුණ	715
දේශගුණය	611
දේශගුණික	1396
දේශණ	236
දේශණය	252
දේශණා	326
දේශන	2825
දේශනය	2622
දේශනයක්	1281
දේශනයට	274
දේශනයේ	256
දේශනා	9188
දේශනාව	1450
දේශනාවක්	478
දේශනාවට	203
දේශනාවේ	253
දේශපාලක	262
දේශපාලකයන්	1970
දේශපාලකයන්ගේ	502
දේශපාලකයන්ට	578
දේශපාලකයා	382
දේශපාලකයින්	952
දේශපාලකයින්ගේ	204
දේශපාලකයින්ට	210
දේශපාලකයෙක්	351
දේශපාලකයො	205
දේශපාලකයෝ	610
දේශපාලඥයන්	377
දේශපාලඥයින්	615
දේශපාලන	67720
දේශපාලනඥයකු	339
දේශපාලනඥයන්	1799
දේශපාලනඥයන්ගේ	322
දේශපාලනඥයන්ට	385
දේශපාලනඥයා	351
දේශපාලනඥයින්	1438
දේශපාලනඥයින්ට	209
දේශපාලනඥයෙක්	320
දේශපාලනඥයෙකු	245
දේශපාලනඥයෝ	296
දේශපාලනමය	579
දේශපාලනය	13755
දේශපාලනයක	251
දේශපාලනයක්	1213
දේශපාලනයට	4085
දේශපාලනයත්	214
දේශපාලනයයි	199
දේශපාලනයෙන්	1334
දේශපාලනයෙහි	218
දේශපාලනයේ	3598
දේශපාලනයේදී	323
දේශපාලනික	6384
දේශපාලනිකව	1274
දේශපාලනීකරණය	350
දේශපාලනේ	958
දේශපාලුවන්	248
දේශපාලුවෝ	227
දේශබන්දු	298
දේශමාමක	235
දේශය	2717
දේශයක	332
දේශයක්	815
දේශයට	911
දේශයෙන්	294
දේශයේ	2220
දේශසීමා	855
දේශසීමාව	281
දේශා	251
දේශිය	1171
දේශීය	17389
දේශීයව	500
දේසපාලන	284
දේසේ	218
දේහ	746
දේහය	4397
දේහයට	761
දේහයන්	274
දේහයේ	262
දෛනික	3151
දෛනිකව	890
දෛවඥ	1225
දෛවය	1045
දෛවයේ	536
දෛවෝපගත	251
දොට්ට	1155
දොඩං	201
දොඩංගොඩ	438
දොඩන	296
දොඩන්ගොඩ	372
දොඩමලු	349
දොඩමළු	467
දොඩම්	1232
දොඩවන	349
දොදොල්	252
දොන්	1477
දොම්නස්	350
දොම්පේ	462
දොයි	569
දොර	11120
දොරකඩ	796
දොරකඩට	215
දොරක්	899
දොරගුළු	273
දොරට	2319
දොරටු	2220
දොරටුව	1915
දොරටුවක්	313
දොරටුවෙන්	415
දොරත්	210
දොරවල්	1808
දොරින්	637
දොරෙන්	922
දොරේ	1151
දොල	561
දොලහක්	213
දොලොස්	485
දොවා	236
දොසක්	352
දොස්	4041
දොස්තර	7885
දොස්තරට	243
දොස්තරල	294
දොස්තරලා	1451
දොහේ	355
දොහොත්	371
දොළ	1195
දොළහ	401
දොළහක්	593
දොළහට	272
දොළොස්	1137
දෝ	2215
දෝංකාර	460
දෝංකාරය	211
දෝණි	603
දෝත	307
දෝතක්	301
දෝතට	409
දෝතින්	467
දෝන	213
දෝනි	566
දෝරෙ	306
දෝරේ	342
දෝලනය	648
දෝශ	415
දෝශයක්	226
දෝෂ	3575
දෝෂය	1155
දෝෂයකට	211
දෝෂයක්	1327
දෝෂාභියෝග	310
දෝෂාභියෝගය	327
දෝෂාභියෝගයක්	209
දෝෂාරෝපණය	297
දෝස	246
දෝසි	394
දෝහා	351
ධ	471
ධජ	509
ධජය	1578
ධජයක්	238
ධන	2703
ධනංජය	948
ධනපති	4562
ධනපතියන්	323
ධනපාල	852
ධනය	3972
ධනයක්	412
ධනයට	231
ධනයෙන්	419
ධනවත්	2041
ධනවත්ම	359
ධනවතුන්	629
ධනවතුන්ගේ	197
ධනවාදය	3061
ධනවාදයට	819
ධනවාදයේ	1776
ධනවාදී	1941
ධනාත්මක	1496
ධනාත්මකව	215
ධනික	383
ධනු	512
ධනුක	201
ධනුෂ්ක	885
ධනේශ්වර	4604
ධනේශ්වරය	535
ධනේශ්වරයේ	531
ධනේෂ්වර	305
ධමනි	196
ධම්ම	1957
ධම්මං	264
ධම්මපදය	570
ධම්මරතන	343
ධම්මා	252
ධම්මානන්ද	439
ධම්මාලංකාර	276
ධම්මාලෝක	479
ධම්මාවාස	221
ධම්මික	2240
ධම්මිකා	242
ධර්ම	13693
ධර්මකීර්ති	330
ධර්මතා	213
ධර්මතාවය	201
ධර්මදාස	899
ධර්මදූත	203
ධර්මන්	278
ධර්මපාල	1879
ධර්මපාලතුමා	502
ධර්මය	10080
ධර්මයක්	847
ධර්මයට	1218
ධර්මයන්	1210
ධර්මයෙන්	747
ධර්මයෙහි	476
ධර්මයේ	1709
ධර්මයෝ	587
ධර්මරත්න	290
ධර්මරාජ	493
ධර්මවර්ධන	447
ධර්මසිරි	1729
ධර්මසේන	704
ධර්මාවබෝධය	219
ධර්මාශෝක	565
ධර්මිෂ්ඨ	385
ධර්මේ	211
ධවල	2073
ධ්වනි	254
ධාතු	3812
ධාතුන්	950
ධාතුව	1290
ධාතුසේන	388
ධාතූන්	1793
ධාතූන්ගෙන්	432
ධාරණය	223
ධාර්මික	735
ධාරා	959
ධාරානිපාත	239
ධාරාව	1282
ධාරාවක්	546
ධාරාවට	200
ධාරාවන්	295
ධාරාවෙන්	209
ධාරාවේ	699
ධාරිතා	293
ධාරිතාව	1405
ධාරිතාවක්	451
ධාරිතාවය	450
ධාවක	273
ධාවන	3163
ධාවනය	12156
ධාවනයට	1171
ධාවනයෙන්	265
ධාවනයේ	449
ධිවර	668
ධීවර	11755
ධීවරයන්	1964
ධීවරයන්ගේ	290
ධීවරයන්ට	488
ධීවරයා	203
ධීවරයින්	3006
ධීවරයින්ගේ	227
ධීවරයින්ට	367
ධීවරයෙකු	203
ධීවරයෝ	476
ධුර	2691
ධුරය	4500
ධුරයක්	611
ධුරයට	2300
ධුරයෙන්	2370
ධුරයේ	1390
ධුරවලින්	279
ධූර	1209
ධූරය	2309
ධූරයක්	310
ධූරයට	1249
ධූරයෙන්	903
ධූරයේ	668
ධෛර්ය	703
ධෛර්යමත්	284
ධෛර්යය	1281
ධෛර්යයක්	327
න	8250
නං	29157
නංගා	410
නංගි	7687
නංගිගෙ	466
නංගිගේ	612
නංගිට	1165
නංගිත්	395
නංගියා	299
නංගියි	677
නංගියෙක්	343
නංගියේ	743
නංගියෝ	304
නංගිල	300
නංගිලා	1518
නංගිව	490
නංගී	2349
නංගෝ	300
නංවන	1241
නංවන්න	278
නංවනු	246
නංවමින්	629
නංවයි	250
නංවා	2314
නංවාගෙන	250
නකල්ස්	538
නගන	2413
නගනවා	247
නගන්න	685
නගන්නට	491
නගන්නේ	513
නගනු	231
නගමින්	917
නගමු	345
නගයි	348
නගර	17381
නගරබද	202
නගරය	10598
නගරයක	705
නගරයක්	1921
නගරයකි	257
නගරයට	5075
නගරයයි	377
නගරයෙන්	1330
නගරයෙහි	276
නගරයේ	14838
නගරයේදී	1745
නගරවල	1090
නගරවලට	246
නගරසභා	232
නගරාධිපති	1682
නගරාධිපතිවරයා	460
නගරාන්තර	286
නගරෙ	349
නගරෙට	273
නගරේ	622
නග්න	345
නගා	5253
නගාට	248
නගින	1852
නගිනවා	652
නගින්න	1837
නගින්නට	263
නගින්නෙ	200
නගින්නේ	491
නගී	541
නගේ	808
නගෝ	509
නඟන	895
නඟමින්	319
නඟා	1971
නඟින	389
නට	674
නටන	2142
නටනවා	781
නටන්න	1483
නටන්නට	276
නටන්නේ	400
නටපු	656
නටබුන්	1245
නටමින්	320
නටඹුන්	903
නටයි	302
නටල	233
නටලා	433
නටවන	222
නට්සීවාදය	216
නටා	437
නඩ	293
නඩත්තු	5114
නඩත්තුව	737
නඩය	729
නඩයට	216
නඩරාජා	350
නඩු	16562
නඩුකාර	233
නඩුත්	325
නඩුව	9116
නඩුවක	331
නඩුවකට	458
නඩුවක්	2305
නඩුවට	1155
නඩුවෙන්	493
නඩුවේ	2600
නඩුවේදී	248
නඩේ	777
නතර	18409
නතරවී	219
නතරවෙලා	220
නත්තල	992
නත්තලක්	664
නත්තලට	492
නත්තල්	4286
නත්තලේ	204
නතු	1390
නතුව	395
නද	1166
නදිය	622
නදියේ	264
නදී	2015
නදීක	543
නදීකා	525
නදීශා	423
නදීෂා	685
නදුන්	458
නන්	2209
නන්ද	1312
නන්දන	1275
නන්දලාල්	234
නන්දසිරි	1234
නන්දසේන	337
නන්දා	2499
නන්දි	244
නන්දිකඩාල්	1003
නන්නත්තාර	701
නන්නාඳුනන	249
නපුංසක	451
නපුර	296
නපුරු	2694
නබි	2300
නබිතුමා	214
නම	40915
නමඊ	6089
නමක	228
නමකට	645
නමක්	10636
නමකි	466
නමකින්	902
නමකුත්	303
නමගිය	255
නමට	3366
නමත්	1634
නමද	307
නමන	227
නමය	514
නමයක්	249
නමයි	837
නමවත්	283
නමස්කාර	1252
නමස්කාරය	416
නමසිය	282
නම්	438329
නම්කර	890
නම්බර්	1885
නම්බු	487
නම්බුව	301
නම්වලින්	474
නම්වූ	997
නම්වේ	208
නමා	1019
නමාගෙන	234
නමැත්තා	1162
නමැත්තාගේ	239
නමැති	12774
නමි	2979
නමින්	21237
නමින්ද	336
නමින්ම	559
නමිනි	841
නමුත්	120744
නමුදු	4401
නමූත්	274
නමෙන්	345
නමේ	1065
නමෝ	1553
නය	3359
නයට	258
නයන	345
නයනා	392
නයා	1195
නයාට	240
නයි	2288
නයිජීරියානු	319
නයිජීරියාව	257
නයිජීරියාවේ	353
නයිට්	2025
නයින්	356
නයින්ටීන්	459
නයිල්	243
නයිස්	314
නයෙක්	708
නයෝමි	241
නර	349
නරක	12248
නරකක්	561
නරකට	410
නරකද	2047
නරකම	1645
නරකය	293
නරකයා	211
නරකයි	1977
නරකයෙහි	247
නරක්	1830
නරකින්	322
නරබන්න	200
නරඹන	1302
නරඹන්න	2131
නරඹන්නට	625
නරඹන්නන්	546
නරඹමින්	603
නරඹලා	293
නරඹා	1259
නර්තන	2089
නර්තනය	894
නර්තනයේ	277
නර්ථන	218
නර්මදා	198
නර්ස්	1033
නරි	905
නරියා	855
නරුම	858
නල	1673
නලල	205
නල්ලතන්නිය	378
නල්ලූර්	355
නලා	582
නලාව	312
නලින්	6422
නලින්ද	1069
නලිනි	641
නලියන	316
නලියා	329
නලීන්	1877
නලු	451
නලුවා	251
නව	86521
නවක	4536
නවකතා	2355
නවකතාව	2381
නවකතාවක	200
නවකතාවක්	1022
නවකතාවට	230
නවකතාවේ	845
නවකථා	308
නවකථාව	211
නවකයන්	324
නවකයන්ට	258
නවකයින්	206
නවකවදය	359
නවගත්තේගම	675
නවගමුව	271
නවතන	247
නවතනු	302
නවතම	10006
නවත්ත	618
නවත්තගන්න	366
නවත්තගෙන	229
නවත්තන	371
නවත්තනවා	382
නවත්තන්න	2703
නවත්තන්නෙ	232
නවත්තන්නේ	275
නවත්තපු	558
නවත්තල	1170
නවත්තලා	2152
නවත්වන	698
නවත්වනවා	1442
නවත්වන්න	1599
නවත්වන්නට	245
නවත්වන්නේ	276
නවත්වලා	379
නවත්වා	1312
නවතා	5474
නවතින	698
නවතිනවා	610
නවතින්න	1395
නවතින්නෙ	349
නවතින්නේ	758
නවතිමි	244
නවතියි	222
නවතී	548
නවදිල්ලි	605
නවදිල්ලියේ	204
නවනීදන්	337
නවම්	1517
නවමු	720
නවය	956
නවයක	211
නවයකට	241
නවයක්	914
නවයට	217
නවයේ	514
නවරත්න	786
නවලා	231
නවලිබරල්	232
නවලෝක	360
නවවන	221
නවසිය	965
නවසීලන්ත	1534
නවසීලන්තය	1322
නවසීලන්තයට	349
නවසීලන්තයේ	776
නවා	675
නවාගෙන	204
නවාතැන	1133
නවාතැනක්	274
නවාතැනට	408
නවාතැන්	2872
නවාතැනේ	289
නවාස්	329
නවී	300
නවීකරණ	286
නවීකරණය	1597
නවීන	6066
නවීනතම	426
නවීන්	1039
නවෝත්පාදන	348
නසන	507
නසසප	362
නසා	2850
නසාගත්	214
නසාගෙන	321
නසී	363
නසීර්	282
නහය	1061
නහයට	316
නහයෙන්	473
නහර	1153
නහී	248
නළ	1036
නළල	662
නළලට	249
නළලත	221
නළලේ	359
නළා	205
නළු	4047
නළුවකු	356
නළුවන්	672
නළුවා	1692
නළුවාට	208
නළුවෙක්	1370
නළුවෙකු	366
නළුවෝ	279
න්	12210
න්න	310
න්නේ	532
නා	6379
නාඋල	289
නාකි	2245
නාකියා	228
නාග	2114
නාගදීපය	202
නාගන්න	313
නාගමුව	230
නාගයා	324
නාගරික	7043
නාගරීකරණය	248
නාගෙන	803
නාගොඩ	889
නාටක	684
නාටකය	786
නාටකයක්	220
නාටකයේ	332
නාට්ටි	490
නාට්ටිය	404
නාට්ටියක්	229
නාඩගම	691
නාඩගමක්	207
නාඩගම්	624
නාඩන්	197
නාඩි	862
නාඩියා	240
නාඩු	382
නාත්තන්ඩිය	311
නාථ	1342
නාද	2057
නාදය	900
නාදයක්	220
නාදුනන	479
නාන	3766
නානකාමර	414
නානවා	463
නානසාර	283
නාන්න	1855
නාන්නේ	245
නානා	510
නානායක්කාර	2572
නානු	233
නානුඔය	381
නාඳුනන	1229
නාපු	357
නාභි	209
නාභිගත	400
නාභිය	210
නාම	7159
නාමකරණය	322
නාමය	5801
නාමයක්	1131
නාමයට	528
නාමයන්	690
නාමයයි	196
නාමයෙන්	3333
නාමයෙනි	208
නාමයෝජනා	2614
නාමරූප	302
නාමල්	6366
නාමල්ගේ	405
නාමල්ට	349
නාමලී	251
නාමාවලිය	769
නාමික	723
නාමිකව	347
නාමින්	406
නාමෙන්	241
නාඹර	285
නාය	2937
නායක	31068
නායකකම	223
නායකත්ව	1980
නායකත්වය	10574
නායකත්වයක්	1233
නායකත්වයට	1773
නායකත්වයෙන්	2650
නායකත්වයේ	824
නායකතුමා	234
නායකය	354
නායකයකු	1325
නායකයන්	6390
නායකයන්ගේ	939
නායකයන්ට	1215
නායකයා	9158
නායකයාගේ	855
නායකයාට	838
නායකයින්	5657
නායකයින්ගේ	772
නායකයින්ට	652
නායකයෙක්	2514
නායකයෙකි	347
නායකයෙකු	1905
නායකයෙකුට	296
නායකයො	456
නායකයෝ	2378
නායකවරයා	1266
නායයාම්	500
නායයාමෙන්	268
නායයාමේ	417
නායයෑම්	639
නායයෑමේ	322
නායිකා	426
නායිකාව	689
නාරං	268
නාරටිය	224
නාරද	719
නාරම්මල	417
නාරාහේන්පිට	1505
නාරි	429
නාල	938
නාලක	2492
නාලන්ද	675
නාලන්දා	964
නාලා	954
නාලිකා	2119
නාලිකාව	1725
නාලිකාවක	340
නාලිකාවක්	514
නාලිකාවට	320
නාලිකාවල	306
නාලිකාවේ	1121
නාවත්	297
නාවල	948
නාවලපිටිය	1297
නාවලපිටියේ	235
නාවික	22596
නාවිකයන්	369
නාවිකයින්	267
නාවින්න	520
නාවුක	1080
නාවුල	223
නාවේ	215
නාශක	3111
නාසය	1355
නාසයට	222
නාසයෙන්	293
නාස්	422
නාස්ති	2687
නාස්තිකාර	289
නාස්තිය	750
නාස්තියක්	288
නාසා	1899
නාසි	1121
නාහන	251
නාහිමි	818
නාහිමිපාණන්	258
නාහිමියන්	1425
නාහිමියන්ගේ	513
නාහිමියෝ	406
නාහිමිවරුන්	247
නාහෙට	310
නාහෙන්	337
නාළිකාව	210
නැ	20308
නැංගුරම්	352
නැංවිය	371
නැංවීම	2478
නැංවීමට	1820
නැංවීමේ	586
නැංවූ	358
නැංවෙන	208
නැකත	808
නැකතක්	293
නැකතට	628
නැකත්	972
නැකතින්	240
නැකැත්	1915
නැග	2512
නැගගෙන	327
නැගණිය	631
නැගපු	335
නැගල	2083
නැගලම	256
නැගලා	3438
නැග්ග	930
නැග්ගා	1111
නැග්ගේ	381
නැගි	1115
නැගිට	2000
නැගිටල	702
නැගිටලා	2372
නැගිට්ට	528
නැගිට්ටා	672
නැගිට්ටේ	305
නැගිටින	617
නැගිටිනවා	401
නැගිටින්න	1239
නැගිටින්නේ	261
නැගිටීම	483
නැගිටීම්	239
නැගිය	668
නැගිලා	268
නැගී	8272
නැගීම	1953
නැගීමට	1362
නැගීමේ	436
නැගු	323
නැගුණ	207
නැගුණි	202
නැගුණු	1078
නැගුන	490
නැගුනා	206
නැගුනු	804
නැගුනේ	413
නැගුම	851
නැගුවා	244
නැගුවේ	332
නැගූ	2136
නැගෙන	3877
නැගෙනවා	287
නැගෙනහිර	18257
නැගෙනහිරට	643
නැගෙනහිරින්	594
නැගෙන්නට	295
නැගෙන්නේ	659
නැගෙනා	296
නැගෙමින්	306
නැගෙයි	415
නැගේ	636
නැඟ	704
නැඟල	252
නැඟලා	270
නැඟි	392
නැඟිට	385
නැඟිටල	265
නැඟී	2234
නැඟීම	516
නැඟීමට	330
නැඟුණු	385
නැඟුනු	221
නැඟුම	311
නැඟූ	422
නැඟෙන	751
නැඟෙනහිර	1280
නැට්ට	922
නැටි	348
නැටීම	230
නැටුම	754
නැටුමක්	304
නැටුමට	222
නැටුම්	3134
නැටුවා	295
නැටූ	247
නැටෝ	272
නැණ	1461
නැණවත්	206
නැණසල	757
නැණසළ	223
නැත	110628
නැතත්	9628
නැතහොත්	5872
නැත්	789
නැත්ත	1271
නැත්තං	9909
නැත්තටම	695
නැත්තන්	3199
නැත්තම්	8396
නැත්තාවූ	287
නැත්තෙ	4042
නැත්තෙත්	310
නැත්තෙමත්	252
නැත්තේ	9186
නැත්තේද	238
නැත්තේමය	200
නැත්තේය	1091
නැත්තෝ	198
නැත්ද	1839
නැත්නං	1086
නැත්නම්	38087
නැත්නමි	219
නැතැ	553
නැතැයි	6967
නැතැයිද	348
නැතෑ	782
නැති	157860
නැතිකම	1027
නැතිකර	546
නැතිකරගන්න	207
නැතිකරන්න	212
නැතිකළ	730
නැතිකිරීම	228
නැතිකොට	242
නැතිද	1423
නැතිනම්	14729
නැතිනිසා	251
නැතිබව	589
නැතිම	329
නැතිමුත්	216
නැතිය	4488
නැතිලු	1063
නැතිව	30572
නැතිවට	224
නැතිවත්	244
නැතිවද	198
නැතිවන	263
නැතිවම	1325
නැතිවා	519
නැතිවිය	242
නැතිවී	989
නැතිවීම	1095
නැතිවුණා	286
නැතිවුන	280
නැතිවුනත්	345
නැතිවුනා	402
නැතිවුනාට	216
නැතිවූ	525
නැතිවෙච්ච	198
නැතිවෙන	544
නැතිවෙනවා	553
නැතිවෙන්න	830
නැතිවෙයි	1056
නැතිවෙලා	1733
නැතී	489
නැතුව	46145
නැතුවට	659
නැතුවත්	732
නැතුවද	304
නැතුවම	2090
නැතුවා	1205
නැතුවාම	319
නැතෙයි	1118
නැතේ	677
නැතොත්	338
නැතෝ	580
නැද්ද	29758
නැන්ද	581
නැන්දගෙ	218
නැන්දගේ	324
නැන්දට	365
නැන්දම්මා	780
නැන්දලා	431
නැන්දා	2793
නැන්දාගේ	364
නැන්දේ	385
නැනෙ	291
නැනේ	1813
නැනෝ	1122
නැපෝලියන්	276
නැමති	4394
නැමැත්තා	1194
නැමැත්තාගේ	248
නැමැති	5352
නැමිලා	297
නැමී	488
නැඹුරු	1544
නැඹුරුව	463
නැඹුරුවක්	477
නැරබිය	200
නැරඹිය	1001
නැරඹීම	1345
නැරඹීමට	2873
නැරඹීමෙන්	436
නැරඹීමේ	441
නැරඹු	232
නැරඹුම්	820
නැරඹුවා	201
නැරඹූ	562
නැව	2100
නැවක	329
නැවක්	885
නැවට	366
නැවත	58778
නැවතත්	19991
නැවතද	283
නැවත්	718
නැවති	230
නැවතිල	247
නැවතිලා	2049
නැවතී	2208
නැවතීම	231
නැවතීමට	234
නැවතීමේ	280
නැවතුණා	244
නැවතුන	434
නැවතුනා	1044
නැවතුනු	220
නැවතුනේ	898
නැවතුම	687
නැවතුමට	239
නැවතුම්	1034
නැවතුම්පල	229
නැවතුම්පොළ	364
නැවතුමේ	417
නැව්	4472
නැවැත	299
නැවැත්තුව	329
නැවැත්තුවා	965
නැවැත්තුවෙ	220
නැවැත්තුවේ	430
නැවැත්විය	590
නැවැත්වීම	545
නැවැත්වීමට	793
නැවැත්වූ	235
නැවියන්	293
නැවිලා	204
නැවී	242
නැවු	240
නැවුම්	3133
නැවෙන්	317
නැවේ	1040
නැෂනල්	838
නැසී	260
නැසීගිය	280
නැසීම	200
නැසීමට	298
නැහ	633
නැහ්	228
නැහැ	165033
නැහැනෙ	2389
නැහැනේ	6426
නැහැය	202
නැහැයි	890
නැහැල්ලු	214
නැහැලු	587
නෑ	323017
නෑකම්	503
නෑගම්	298
නෑත	444
නෑත්නම්	283
නෑති	997
නෑතිව	204
නෑතුව	407
නෑද්ද	230
නෑදෑ	1136
නෑදෑයන්	255
නෑදෑයො	225
නෑදෑයෝ	590
නෑනා	446
නෑනෙ	8166
නෑනේ	10341
නෑම	549
නෑමට	1094
නෑමයි	223
නෑය	199
නෑයන්	319
නෑයෙක්	307
නෑයො	264
නෑයෝ	579
නෑර	939
නෑලු	1645
නෑවා	281
නෑවිත්	505
නෑසෙන	318
නෑහෑ	700
නි	7834
නික	203
නිකං	9664
නිකංම	748
නිකට	371
නිකන්	11130
නිකන්ම	1475
නිකමට	3682
නිකමටවත්	604
නිකම්	5491
නිකම්ම	3828
නිකරුණේ	512
නිකරුනේ	660
නිකලස්	336
නිකවැරටිය	537
නික්	410
නික්ම	3210
නික්මයාම	261
නික්මී	264
නික්මෙන	300
නිකා	414
නිකාය	2397
නිකායන්	254
නිකායික	228
නිකායේ	2211
නිකිණි	524
නිකුත්	42713
නිකුත්කර	413
නිකුත්කළ	234
නිකුත්වන	292
නිකුතු	254
නිකුතුව	879
නිකුතුවක්	198
නිකේතන	318
නිකේතනය	1450
නිගමන	1038
නිගමනය	2895
නිගමනයකට	743
නිගමනයක්	324
නිගමනයට	275
නිගමනයන්	231
නිගමනවලට	242
නිගරු	239
නිගා	601
නිච්චියක්	241
නිජ	325
නිජබිම	398
නිට්ටඹුව	824
නිතඹ	210
නිතර	13644
නිතරම	9761
නිතැතින්	247
නිතැතින්ම	716
නිති	1927
නිතිඥ	203
නිතින්	197
නිතිපතා	592
නිතිය	1370
නිතී	265
නිදන	1962
නිදන්	1266
නිදන්ගත	377
නිදන්න	214
නිදන්නට	313
නිදර්ශන	261
නිදර්ශනයක්	223
නිදසුන	272
නිදසුනක්	2045
නිදසුනකි	580
නිදසුන්	886
නිදහස	18318
නිදහසක්	2801
නිදහසට	2127
නිදහසත්	363
නිදහස්	72643
නිදහස්ව	660
නිදහසින්	817
නිදහසෙන්	240
නිදහසේ	7604
නිදා	6011
නිදාගත්ත	218
නිදාගත්තා	299
නිදාගන්න	2112
නිදාගන්නවා	301
නිදාගෙන	1713
නිදාන	218
නිදැල්ලේ	834
නිදි	5734
නිදිද	232
නිදිමත	964
නිදිමතයි	239
නිදියන	253
නිදියන්න	284
නිදුක්	587
නිදොස්	1071
නිධන්	1322
නිධාන	477
නිධානය	725
නිධානයක්	375
නිධි	423
නිධිය	237
නිනව්වක්	293
නින්ද	5404
නින්දක	214
නින්දකට	256
නින්දක්	1041
නින්දට	2213
නින්දත්	254
නින්දා	1347
නින්දිත	1239
නින්දෙන්	1261
නින්දේ	675
නින්නාද	218
නිපද	376
නිපදවන	2293
නිපදවන්න	198
නිපදවනු	358
නිපදවයි	292
නිපදවා	1744
නිපදවිය	307
නිපදවීම	1155
නිපදවීමට	810
නිපදවීමේ	408
නිපදවූ	835
නිපදවෙන	383
නිපාතය	510
නිපැයුම	207
නිපැයුමක්	261
නිපැයුම්	1092
නිපුණ	211
නිපුණතා	1320
නිපුන	280
නිපුන්	249
නිබන්ධන	261
නිබන්ධනය	245
නිබඳ	485
නිම	6285
නිමකර	415
නිමකල	236
නිමකළ	273
නිමක්	1297
නිමන්ති	268
නිමල	319
නිමල්	6517
නිමල්කා	226
නිමවන	480
නිමවා	1619
නිමවී	497
නිමවූ	464
නිම්	639
නිම්න	667
නිම්නය	866
නිම්නයක	199
නිම්නයේ	485
නිම්ශා	266
නිමා	4517
නිමාලි	312
නිමාව	820
නිමාවක්	446
නිමාවට	1020
නිමැවුම	216
නිමැවුම්	440
නිමි	1173
නිමිත්ත	1234
නිමිත්තක්	527
නිමිත්තෙන්	3017
නිමිති	1406
නිය	989
නියං	818
නියගය	230
නියඟය	663
නියඟයෙන්	360
නියත	2456
නියතය	659
නියතයි	325
නියපොතු	916
නියම	30247
නියමම	396
නියමය	1653
නියමයක්	756
නියමයන්	622
නියමයි	10897
නියමයිනේ	238
නියමයෙන්	455
නියමව	208
නියම්	322
නියමාකාරයෙන්	413
නියමිත	25092
නියමිතය	6578
නියමිතයි	12708
නියමිතව	7394
නියමු	1149
නියමුවන්	850
නියමුවා	908
නියමෙට	1722
නියමෙටම	520
නියර	288
නියා	250
නියාම	300
නියාමක	439
නියාමන	1846
නියාමනය	1197
නියැදි	313
නියැලී	581
නියැලෙන	582
නියුක්ත	384
නියුක්ති	1449
නියුක්තිකයන්ගේ	213
නියුතු	2954
නියුතුව	208
නියෝග	16250
නියෝගය	4162
නියෝගයකට	537
නියෝගයක්	4112
නියෝගයට	400
නියෝගයෙන්	225
නියෝජන	228
නියෝජනය	16965
නියෝජනයක්	521
නියෝජිත	5327
නියෝජිතයකු	375
නියෝජිතයන්	4847
නියෝජිතයන්ගෙන්	204
නියෝජිතයන්ගේ	430
නියෝජිතයන්ට	497
නියෝජිතයා	1195
නියෝජිතයින්	5106
නියෝජිතයින්ගේ	396
නියෝජිතයින්ට	361
නියෝජිතයෙක්	457
නියෝජිතයෙකු	644
නියෝජිතයෝ	798
නියෝජිතායතනය	640
නියෝජිතායතනයේ	221
නිරංජලා	228
නිරත	17865
නිරතව	3084
නිරතවන	846
නිරතවනවා	265
නිරතවී	413
නිරතවීම	447
නිරතවීමට	570
නිරතවුණා	626
නිරතවූ	787
නිරතවෙමින්	237
නිරතුරු	897
නිරතුරුව	1073
නිරතුරුවම	1094
නිරන්තර	1480
නිරන්තරයෙන්	3314
නිරන්තරයෙන්ම	718
නිරන්තරව	406
නිරපරාදේ	313
නිරපේක්ෂ	568
නිරය	423
නිරයට	359
නිරයේ	416
නිරර්ථක	308
නිරවුල්	1548
නිරවුල්ව	256
නිර්	691
නිර්ණ	491
නිර්ණය	2010
නිර්ණායක	645
නිර්දය	1047
නිර්දේශ	8297
නිර්දේශය	1674
නිර්දේශයක්	317
නිර්දේශයට	257
නිර්දේශයන්	347
නිර්දේශිත	782
නිර්දෝෂී	215
නිර්ධන	1101
නිර්නාමික	903
නිර්නාමිකව	1471
නිර්නායක	212
නිර්භය	296
නිර්භයව	229
නිර්භීත	1133
නිර්භීතව	196
නිර්මල	1150
නිර්මලා	785
නිර්මලී	213
නිර්මාංශ	680
නිර්මාණ	16081
නිර්මාණකරණය	250
නිර්මාණකරණයේ	266
නිර්මාණකරුවන්	709
නිර්මාණකරුවා	432
නිර්මාණය	36546
නිර්මාණයක	299
නිර්මාණයකට	386
නිර්මාණයක්	5583
නිර්මාණයකි	659
නිර්මාණයට	1020
නිර්මාණයන්	740
නිර්මාණයෙන්	270
නිර්මාණයේ	827
නිර්මාණයේදී	204
නිර්මාණවල	356
නිර්මාණවලට	466
නිර්මාණශීලි	358
නිර්මාණශීලී	1190
නිර්මාණශීලීත්වය	231
නිර්මාණාත්මක	1768
නිර්මාණාත්මකව	201
නිර්මාතෘ	1654
නිර්මාතෘවරයා	278
නිර්මාන	1061
නිර්මානය	4608
නිර්මානයක්	503
නිර්මානාත්මක	316
නිර්මාපකයා	203
නිර්මාල්	1796
නිර්මිත	834
නිර්ලජ්ජිත	323
නිර්වචන	404
නිර්වචනය	1403
නිර්වචනයක්	331
නිර්වාණ	417
නිර්වාණය	738
නිර්වින්දන	236
නිර්වින්දනය	335
නිරාකරණය	1693
නිරාගමික	222
නිරාමිස	243
නිරායාසයෙන්	470
නිරායාසයෙන්ම	495
නිරායුධ	580
නිරාවරණය	2220
නිරාවරනය	271
නිරාහාරව	261
නිරිඇල්ල	200
නිරික්ෂණ	370
නිරික්ෂණය	368
නිරිත	1253
නිරිතදිග	669
නිරිඳු	255
නිරීක්ෂකයන්	231
නිරීක්ෂකයින්	236
නිරීක්ෂණ	3475
නිරීක්ෂණය	6200
නිරීක්ෂණයට	699
නිරීක්ෂණයන්	241
නිරීක්ෂන	225
නිරීක්ෂනය	606
නිරුත්තර	342
නිරුද්ධ	488
නිරුපණය	239
නිරුවත	1560
නිරුවත්	3581
නිරුවතින්	1145
නිරූපණ	964
නිරූපණය	4153
නිරූපණයක්	202
නිරූපන	232
නිරූපනය	1355
නිරූපිකාවක්	309
නිරූපිත	309
නිරෝගි	339
නිරෝගිමත්	206
නිරෝගී	2076
නිරෝගීව	258
නිරෝධ	485
නිරෝධය	351
නිරෝධායන	2539
නිරෝධායනය	696
නිරෝධායනයට	773
නිරෝෂන්	850
නිරෝෂා	699
නිල	22641
නිලංකාර	252
නිලංග	559
නිලතල	339
නිලදාරීන්	417
නිලධරය	327
නිලධරයන්	416
නිලධරයන්ගේ	202
නිලධරයා	203
නිලධාරි	4162
නිලධාරින්	6833
නිලධාරින්ගේ	1316
නිලධාරින්ට	1088
නිලධාරිනිය	462
නිලධාරිනියක්	269
නිලධාරිනියන්	221
නිලධාරිනී	214
නිලධාරියකු	1352
නිලධාරියකුට	239
නිලධාරියා	4523
නිලධාරියාගේ	775
නිලධාරියාට	674
නිලධාරියෙක්	1951
නිලධාරියෙකු	4242
නිලධාරියෙකුගේ	296
නිලධාරියෙකුට	614
නිලධාරිවරයා	439
නිලධාරිහු	237
නිලධාරී	6510
නිලධාරීන්	30552
නිලධාරීන්ගෙන්	669
නිලධාරීන්ගේ	6008
නිලධාරීන්ට	5461
නිලධාරීන්ද	333
නිලධාරීවරයා	441
නිලධාරීහු	1751
නිලන්ත	899
නිලමේ	1272
නිලය	341
නිලයක්	254
නිලයට	261
නිලයන්	298
නිලවරණය	464
නිල්	9940
නිල්පාට	514
නිල්මිණි	383
නිල්ල	275
නිල්වන්	319
නිල්වලා	1038
නිලා	225
නිලි	463
නිලිය	201
නිලියක්	371
නිලියන්	467
නිලියෝ	223
නිලූ	251
නිලූක	370
නිලූකා	220
නිවට	1241
නිවන	3168
නිවනක්	385
නිවනට	836
නිවන්	7475
නිවන්න	353
නිවන්නට	239
නිවන්සුව	244
නිවරද	248
නිවරදි	851
නිවරදිව	310
නිවර්තන	690
නිවරැදි	270
නිවලා	219
නිවස	11821
නිවසක	3391
නිවසකට	1114
නිවසක්	4013
නිවසකින්	237
නිවසට	10045
නිවසටම	523
නිවසින්	2271
නිවසෙන්	382
නිවසෙහි	507
නිවසේ	12539
නිවසේදී	1826
නිවසේදීම	223
නිවහන	706
නිවහනක්	239
නිවහල්	698
නිව්	2589
නිව්ටන්	1335
නිව්ටන්ගේ	304
නිව්ටෝනීය	307
නිව්යෝක්	1030
නිව්යෝර්ක්	1215
නිව්ස්	5167
නිව්ස්ෆස්ට්	1246
නිවා	2246
නිවාඩ්	330
නිවාඩු	13259
නිවාඩුව	1543
නිවාඩුවකට	423
නිවාඩුවක්	1681
නිවාඩුවට	1151
නිවාරණ	1264
නිවාරණය	610
නිවාස	20178
නිවාසය	884
නිවාසයක	340
නිවාසයක්	504
නිවාසයට	231
නිවාසයේ	683
නිවාසරු	2582
නිවාසවල	907
නිවාසවලට	324
නිවාසාන්තර	220
නිවැරදි	18144
නිවැරදිද	294
නිවැරදිම	332
නිවැරදිය	575
නිවැරදියි	1543
නිවැරදිව	4750
නිවැරැදි	1623
නිවැරැදිව	417
නිවැසියන්	658
නිවැසියන්ට	254
නිවි	437
නිවිතිගල	362
නිවී	1707
නිවීම	551
නිවීමට	201
නිවීම්	402
නිවීමේ	621
නිවුටන්	333
නිවුණු	229
නිවුන්	1089
නිවුස්	4557
නිවෙන	327
නිවෙස	1116
නිවෙසක	375
නිවෙසක්	243
නිවෙසට	836
නිවෙස්	3332
නිවෙස්වල	836
නිවෙස්වලට	435
නිවෙස්වලින්	213
නිවෙසේ	673
නිවේදක	679
නිවේදකයා	316
නිවේදකයෙක්	201
නිවේදන	2318
නිවේදනය	10353
නිවේදනයක	1011
නිවේදනයක්	6085
නිවේදනයට	499
නිවේදනයයි	226
නිවේදනයෙන්	518
නිවේදනයේ	3670
නිවේදිකාව	219
නිවේදිකාවක්	284
නිශ්	236
නිශ්චය	735
නිශ්චල	630
නිශ්චිත	5281
නිශ්චිතව	1062
නිශ්චිතවම	448
නිශ්පාදන	1091
නිශ්පාදනය	1189
නිශ්ඵල	288
නිශ්ශංක	1572
නිශ්ශංකමල්ල	249
නිශ්ශබ්ද	638
නිශ්ශබ්දව	455
නිශා	492
නිශාන්	489
නිශාන්ත	4298
නිෂ්පාදක	643
නිෂ්පාදකයන්	522
නිෂ්පාදකයා	459
නිෂ්පාදකයින්	466
නිෂ්පාදන	12263
නිෂ්පාදනය	12468
නිෂ්පාදනයක්	1032
නිෂ්පාදනයට	1021
නිෂ්පාදනයන්	367
නිෂ්පාදනයෙන්	608
නිෂ්පාදනයේ	1048
නිෂ්පාදනරු	300
නිෂ්පාදනවල	340
නිෂ්පාදිත	1729
නිෂ්පාදිතය	433
නිෂ්පාදිතයෙන්	484
නිෂ්පාදිතයේ	203
නිෂ්ඵල	458
නිස	787
නිසංසල	314
නිසංසලා	295
නිසදැස්	347
නිසඳැස්	462
නිසයි	12836
නිසරු	561
නිසල	1330
නිසලව	341
නිසල්	271
නිසසල	226
නිස්කලංක	661
නිසා	306021
නිසාත්	7225
නිසාත්ය	215
නිසාද	5860
නිසාදැයි	386
නිසාදෝ	853
නිසාන්	249
නිසානෙ	383
නිසානේ	759
නිසාම	15252
නිසාමද	304
නිසාමය	1020
නිසාමයි	1516
නිසාය	16793
නිසායි	1822
නිසාලු	409
නිසාවත්	643
නිසාවෙන්	3719
නිසාවෙන්ම	316
නිසාවෙනි	3147
නිසැක	960
නිසැකය	1045
නිසැකයි	314
නිසැකයෙන්ම	221
නිසැකව	338
නිසැකවම	1146
නිසි	18062
නිසියාකාරව	611
නිසිලෙස	485
නිසුපා	337
නිසොල්මනේ	316
නිහඩ	1512
නිහඩයි	220
නිහඩව	875
නිහඬ	4696
නිහඬතාවය	288
නිහඬය	310
නිහඬයි	716
නිහඬව	2636
නිහඬවම	461
නිහතමානි	332
නිහතමානී	1095
නිහතමානීව	425
නිහාල්	2241
නිහැඬියාව	288
නිළ	2780
නිළධාරි	487
නිළධාරින්	1065
නිළධාරියා	452
නිළධාරියෙක්	310
නිළධාරියෙකු	374
නිළධාරී	687
නිළධාරීන්	2254
නිළධාරීන්ගේ	364
නිළධාරීන්ට	358
නිළමේ	677
නිළි	1804
නිළිය	1588
නිළියක	432
නිළියක්	1499
නිළියට	232
නිළියන්	1685
නිළියන්ගේ	352
නිළියන්ට	302
නිළියෝ	384
නී	482
නීච	769
නීතා	319
නීති	31210
නීතිගත	2811
නීතිගරුක	328
නීතිඥ	6995
නීතිඥයකු	202
නීතිඥයන්	498
නීතිඥයා	255
නීතිඥයින්	480
නීතිඥයෙකු	274
නීතිඥවරයා	889
නීතිඥවරු	206
නීතිඥවරුන්	729
නීතිපති	3274
නීතිපතිවරයා	3171
නීතිපතිවරයාගේ	426
නීතිපතිවරයාට	363
නීතිමය	7058
නීතිය	23930
නීතියක්	3068
නීතියට	3603
නීතියත්	214
නීතියෙන්	2166
නීතියේ	3456
නීතිරීති	812
නීතිවලට	216
නීතිවිරෝධි	303
නීතිවිරෝධී	3353
නීතිවිරෝධීව	476
නීතිවේදී	273
නීතී	846
නීතීඥ	2209
නීතීඥයින්	201
නීතීඥවරයා	340
නීතීඥවරුන්	314
නීතීය	220
නීනු	216
නීරස	808
නීරෝ	240
නීරෝගී	364
නීල	1383
නීල්	1456
නීලා	483
නීවරණ	217
නු	973
නුඔ	309
නුග	757
නුගත්	271
නුගේගොඩ	3717
නුගේගොඩට	221
නුතන	888
නුදුටු	514
නුදුන්	256
නුදුරින්	733
නුදුරු	1491
නුදුරේදීම	555
නුපුරුදු	855
නුපුහුණු	271
නුබ	1512
නුබට	228
නුබේ	558
නුමුත්	569
නුඹ	20956
නුඹගේ	608
නුඹට	4147
නුඹටත්	217
නුඹත්	676
නුඹම	328
නුඹයි	757
නුඹලා	2207
නුඹලාගේ	710
නුඹලාට	783
නුඹව	711
නුඹෙ	1768
නුඹෙන්	288
නුඹේ	5202
නුරා	414
නුල්	220
නුවණ	1761
නුවණට	343
නුවණැති	439
නුවණින්	1897
නුවන	305
නුවන්	3552
නුවනින්	373
නුවර	23307
නුවරඑලිය	1033
නුවරඑළිය	4552
නුවරඑළියට	287
නුවරඑළියෙන්	459
නුවරඑළියේ	602
නුවරට	2073
නුවරදී	1431
නුවරරු	440
නුවරින්	511
නුවූ	202
නුසුදුසු	2238
නුසුදුසුය	211
නුහුරු	1312
නූගත්	1027
නූඩ්ල්ස්	480
නූතන	7368
නූතනත්වය	401
නූතනයේ	220
නූතනවාදය	201
නූතනවාදී	266
නූපන්	510
නූර්ති	398
නූරි	387
නූල	663
නූලක්	428
නූල්	1737
නූලෙන්	594
නෙ	9149
නෙක	1452
නෙගටිව්	226
නෙට්	2304
නෙට්බෝල්	207
නෙට්වර්ක්	857
නෙත	2362
නෙතට	888
නෙත්	6277
නෙත්මි	742
නෙතින්	907
නෙතු	3357
නෙතේ	308
නෙද	879
නෙදර්ලන්ත	581
නෙදර්ලන්තය	542
නෙදර්ලන්තයේ	426
නෙමයි	403
නෙමෙ	800
නෙමෙයි	38954
නෙමෙයිද	794
නෙමෙයිනෙ	507
නෙමෙයිනේ	921
නෙමේ	16012
නෙමේද	361
නෙමේනෙ	215
නෙමේනේ	372
නෙමේය	702
නෙරංජි	931
නෙරපා	803
නෙරා	370
නෙලන	308
නෙලන්න	374
නෙල්ලි	379
නෙල්සන්	1111
නෙලා	1088
නෙලීම	243
නෙලුම්	1608
නෙලූ	330
නෙව	8231
නෙවයි	337
නෙවැ	699
නෙවි	1505
නෙවිල්	1021
නෙවී	729
නෙවෙ	856
නෙවෙයි	43049
නෙවෙයිද	1001
නෙවෙයිනෙ	685
නෙවෙයිනේ	1002
නෙවේ	8113
නෙවේද	226
නෙහ්	844
නෙහාරා	258
නෙළන	215
නෙළා	551
නෙළුම	208
නෙළුමක්	210
නෙළුම්	4629
නෙළුව	370
නේ	41577
නේක	622
නේටෝ	838
නේටෝව	242
නේද	66034
නේදැයි	224
නේන්නං	679
නේන්නම්	1356
නේපාල	957
නේපාලය	784
නේපාලයට	245
නේපාලයේ	1152
නේම්	498
නේරු	319
නේවාසික	1554
නේවාසිකව	945
නේවාසිකාගාර	763
නේවාසිකාගාරය	345
නේවාසිකාගාරයේ	391
නේවි	649
නේෂන්	231
නේහ්	351
නෛතික	2040
නෛසර්ගික	220
නො	49488
නොඅඩු	497
නොඅඩුව	687
නොඅනුමානය	825
නොඅනුමානයි	340
නොඇසූ	284
නොඇසෙන	210
නොඉවසිල්ලෙන්	490
නොඑන	789
නොඑසේ	1161
නොඑසේනම්	494
නොකඩවා	1705
නොකන	501
නොකර	14463
නොකරණ	1179
නොකරත්	275
නොකරති	598
නොකරන	12305
නොකරනවා	252
නොකරන්න	1662
නොකරන්නට	272
නොකරන්නේ	1792
නොකරනු	837
නොකරපු	1192
නොකරම	758
නොකරමි	1093
නොකරමින්	343
නොකරමු	317
නොකරයි	2175
නොකල	3821
නොකලට	326
නොකලත්	659
නොකලා	252
නොකලේ	396
නොකලොත්	563
නොකළ	9504
නොකළත්	439
නොකළහ	222
නොකළහොත්	784
නොකළා	254
නොකළේ	731
නොකළේය	425
නොකළොත්	519
නොක්ස්	467
නොකා	1810
නොකැඩී	239
නොකිය	1287
නොකියන	1075
නොකියන්න	633
නොකියන්නේ	230
නොකියපු	228
නොකියම	454
නොකියමි	654
නොකියයි	201
නොකියවන	217
නොකියවා	339
නොකියා	4701
නොකියාම	1086
නොකියූ	231
නොකිරීම	3744
නොකිරීමට	1109
නොකිරීමයි	226
නොකිරීමෙන්	338
නොකිරීමේ	361
නොකිව්වට	272
නොකී	2641
නොකෙරෙන	519
නොකෙරේ	499
නොකොට	1758
නොගත	825
නොගතහොත්	339
නොගත්	2652
නොගත්ත	235
නොගත්තත්	220
නොගත්තේ	363
නොගත්තොත්	301
නොගන්න	921
නොගන්නා	2505
නොගන්නේ	677
නොගනී	470
නොගහ	256
නොගැනීම	1434
නොගැනීමට	376
නොගැඹුරු	623
නොගැලපීම්	235
නොගැලපෙන	1456
නොගැළපෙන	314
නොගිය	1836
නොගියත්	234
නොගියේ	295
නොගියොත්	285
නොගිහින්	836
නොගෙන	4105
නොගෙවන	200
නොගෙවා	559
නොගෙවීම	275
නොගොස්	1153
නොච්චියාගම	430
නොට්	440
නොතකන	211
නොතකමින්	313
නොතකා	3277
නොතබන	604
නොතබා	524
නොතැබිය	240
නොතිබ්බ	240
නොතිබිණ	212
නොතිබිණි	748
නොතිබිය	260
නොතිබීම	1052
නොතිබුණ	477
නොතිබුණත්	241
නොතිබුණා	287
නොතිබුණි	1899
නොතිබුණු	1430
නොතිබුන	683
නොතිබුනත්	269
නොතිබුනා	274
නොතිබුනි	265
නොතිබුනු	360
නොතිබූ	1998
නොතියා	207
නොතීසි	943
නොතේරෙන	1778
නොතේරේ	517
නොදක්වන	581
නොදක්වයි	198
නොදක්වා	297
නොදකින	1230
නොදකින්	913
නොදකිමි	205
නොදත්	2122
නොදන්න	7498
නොදන්නවා	1478
නොදන්නා	9763
නොදන්නේ	625
නොදන්වා	441
නොදනිති	409
නොදනිමි	2676
නොදනිමු	487
නොදනී	1291
නොදමා	382
නොදා	1513
නොදැක	908
නොදැකපු	516
නොදැක්ක	528
නොදැක්කා	517
නොදැක්වීම	267
නොදැක්වූ	221
නොදැන	5372
නොදැනම	246
නොදැනිම	583
නොදැනී	469
නොදැනීම	1399
නොදැනුවත්	472
නොදැනුවත්කම	387
නොදැනුවත්ව	664
නොදැනුවත්වම	942
නොදැනෙන	822
නොදැනෙන්න	296
නොදැනේ	259
නොදැවී	1380
නොදි	323
නොදිය	799
නොදියුණු	658
නොදී	5782
නොදීම	1339
නොදීමට	598
නොදුටු	2720
නොදුනහොත්	209
නොදුන්	1480
නොදුන්නේ	218
නොදුන්නොත්	301
නොදෙන	3695
නොදෙන්න	329
නොදෙන්නේ	502
නොදෙනු	279
නොදෙයි	419
නොදෙවෙනි	524
නොදේ	349
නොදොඩා	247
නොනවත්වා	876
නොනවත්වාම	291
නොනවතින	1138
නොන්ඩි	337
නොනැවතී	1462
නොනැසී	600
නොනිදා	253
නොනිමි	595
නොනිල	245
නොපමාව	644
නොපවත්වන	218
නොපවතින	562
නොපවතී	305
නොපසුබට	207
නොපැතූ	200
නොපැමිණ	235
නොපැමිණි	673
නොපැමිණීම	513
නොපැමිණෙන	298
නොපිරිහෙලා	209
නොපෙනන	240
නොපෙන්වා	315
නොපෙනී	1645
නොපෙනෙන	3813
නොපෙනෙන්න	354
නොපෙනේ	1206
නොබල	287
නොබලන	519
නොබලපු	325
නොබලා	2678
නොබලාම	227
නොබැඳි	335
නොබැඳෙන	375
නොබියව	858
නොබී	975
නොබෙල්	1774
නොබොන	411
නොබෝ	1124
නොබෝදා	359
නොම	2261
නොමග	1820
නොමඟ	967
නොමද	333
නොමනා	528
නොමඳ	362
නොමරා	316
නොමසුරුව	223
නොම්බර	317
නොම්බරේ	272
නොම්මර	874
නොම්මරේ	307
නොමැකෙන	659
නොමැත	10715
නොමැත්තේ	207
නොමැති	36284
නොමැතිකම	413
නොමැතිනම්	710
නොමැතිය	217
නොමැතිව	9031
නොමැතිවීම	983
නොමැරී	304
නොමියෙන	336
නොමිලයේ	1205
නොමිලේ	9711
නොමිලේම	1032
නොමිළේ	543
නොමේරූ	320
නොයන	2432
නොයන්න	368
නොයන්නේ	316
නොයනු	255
නොයමි	200
නොයයි	423
නොයවා	354
නොයා	1493
නොයාම	239
නොයාර්	300
නොයෙක්	7304
නොයෙකුත්	4135
නොයෙදෙන	214
නොයෙල්	235
නොරහසකි	755
නොර්වේ	349
නොරොච්චෝලේ	949
නොලත්	622
නොලද	694
නොලබන	792
නොලබා	604
නොලැබ	288
නොලැබිණි	284
නොලැබී	688
නොලැබීම	1591
නොලැබුණ	310
නොලැබුණහොත්	282
නොලැබුණි	319
නොලැබුණු	1320
නොලැබුන	372
නොලැබුනත්	204
නොලැබුනු	310
නොලැබූ	459
නොලැබෙන	2787
නොලැබෙන්නේ	257
නොලැබෙනු	318
නොලැබේ	1342
නොලිය	351
නොලියන	381
නොලියා	1109
නොව	48924
නොවටිනා	356
නොවදින	363
නොවන	53645
නොවනවා	218
නොවන්න	1167
නොවන්නට	1600
නොවන්නේ	3262
නොවන්නේද	791
නොවන්නේය	850
නොවනා	339
නොවනු	2625
නොවරදවා	265
නොවරදවාම	410
නොවරදින	328
නොවැ	46608
නොවැටහෙන	215
නොවැටහේ	222
නොවැටී	486
නොවැටෙන	273
නොවැඩි	382
නොවැදගත්	541
නොවැම්බරයේ	473
නොවැම්බර්	13877
නොවැරදීම	354
නොවැලැක්විය	581
නොවැළැක්විය	310
නොවෑ	467
නොවි	499
නොවිණි	651
නොවිනි	337
නොවිය	3199
නොවිසඳුණු	203
නොවී	11556
නොවීම	5042
නොවීමට	1336
නොවීමත්	287
නොවීමයි	566
නොවීමෙන්	201
නොවීමේ	306
නොවීය	6117
නොවු	1193
නොවුණ	463
නොවුණත්	853
නොවුණහොත්	271
නොවුණා	235
නොවුණි	535
නොවුණු	1130
නොවුණොත්	207
නොවුන	1427
නොවුනට	497
නොවුනත්	2690
නොවුනද	354
නොවුනහොත්	382
නොවුනා	475
නොවුනි	385
නොවුනු	785
නොවුනේ	470
නොවුනොත්	632
නොවුවත්	380
නොවුවද	265
නොවූ	11859
නොවූයෙන්	213
නොවූයේ	775
නොවූවත්	782
නොවූවද	397
නොවූහ	323
නොවෙ	616
නොවෙත්	382
නොවෙති	1008
නොවෙද	963
නොවෙන	4329
නොවෙනවා	241
නොවෙනස්	435
නොවෙනස්ව	477
නොවෙන්න	1884
නොවෙන්නත්	351
නොවෙන්නේ	315
නොවෙනු	201
නොවෙමි	1250
නොවෙමු	490
නොවෙයි	16143
නොවෙයිද	297
නොවේ	60857
නොවේද	5058
නොවේදැයි	436
නොවේනම්	323
නොවේය	1520
නොවේයයි	213
නොවේවා	836
නොවේවි	257
නොසන්සුන්	1257
නොසන්සුන්කාරී	404
නොසලකන	303
නොසලකා	3484
නොසළකා	465
නොසැලකිල්ල	518
නොසැලකිලිමත්	399
නොසැලී	831
නොසැලෙන	409
නොසෑහෙන	209
නොසෑහෙන්න	397
නොසිට	694
නොසිටි	1629
නොසිටින	460
නොසිටිය	285
නොසිටීම	557
නොසිතන	631
නොසිතමි	577
නොසිතා	824
නොසිතු	619
නොසිතුවෙමි	216
නොසිතූ	1487
නොසෙල්වී	208
නොසොයා	207
නොහඟින්නේය	241
නොහඟියි	244
නොහඳුනන	354
නොහරින	239
නොහැක	9249
නොහැක්කක්	450
නොහැක්කකි	226
නොහැක්කේ	815
නොහැකි	46047
නොහැකිද	680
නොහැකිනම්	260
නොහැකිය	6745
නොහැකියාව	862
නොහැකියි	2498
නොහැකිව	3743
නොහැකිවන	230
නොහැකිවිය	265
නොහැකිවී	291
නොහැකිවීම	842
නොහැකිවූ	577
නොහැර	445
නොහික්මුණු	266
නොහිතන	667
නොහිතපු	775
නොහිතා	496
නොහී	366
නොහෙන	256
නොහෙලා	296
නොහේ	319
නොහොත්	6227
නොහොබිනා	359
නෝ	2474
නෝක්කාඩු	284
නෝට්	833
නෝට්ටු	1923
නෝට්ටුව	275
නෝට්ටුවක්	371
නෝටි	693
නෝටියා	219
නෝන	1029
නෝනගෙ	267
නෝනගේ	280
නෝනට	706
නෝනත්	287
නෝනයි	256
නෝනලා	523
නෝන්ඩි	761
නෝනා	4599
නෝනාගේ	289
නෝනාට	259
නෝනිස්	538
නෝනේ	400
නෝමන්	225
නෝමල්	341
නෝර්ත්	406
නෝර්වේ	1639
නෝවීජියානු	223
නෞකා	1623
නෞකාව	2342
නෞකාවක්	574
නෞකාවේ	1077
පංකා	197
පංකාදු	338
පංකාදුයි	295
පංගුව	551
පංගුවක්	424
පංච	2425
පංති	4329
පංතික	500
පංතිය	2340
පංතියකට	221
පංතියක්	445
පංතියට	1270
පංතියෙ	550
පංතියෙන්	229
පංතියේ	2457
පංතිවල	217
පංසල	216
පංසලට	259
පංසල්	495
පංසලේ	440
පක්ශ	392
පක්ශය	270
පක්ෂ	33907
පක්ෂපාතී	564
පක්ෂය	24555
පක්ෂයක	696
පක්ෂයකට	783
පක්ෂයක්	3602
පක්ෂයකි	215
පක්ෂයකින්	264
පක්ෂයට	4830
පක්ෂයත්	414
පක්ෂයයි	304
පක්ෂයෙන්	2167
පක්ෂයේ	23987
පක්ෂව	1777
පක්ෂවල	1644
පක්ෂවලට	819
පක්ෂවලින්	296
පක්ෂි	266
පක්ෂියා	299
පක්ෂීන්	448
පක්ෂෙ	370
පක්ෂේ	368
පකිස්තාන	444
පකිස්තානය	708
පකිස්තානයේ	480
පකිස්තාන්	272
පකිස්තානු	493
පකිස්ථාන	1308
පකිස්ථානය	1208
පකිස්ථානයට	329
පකිස්ථානයේ	779
පකිස්ථානු	292
පගා	463
පගාව	377
පච	1217
පච්ච	804
පච්චයක්	316
පච්චයා	425
පජාත	363
පඤ්ච	321
පට	3862
පටං	1857
පටක	1073
පටන්	62626
පටන්ගත්	675
පටන්ගත්ත	742
පටන්ගත්තා	1017
පටන්ගත්තු	208
පටන්ගත්තෙ	240
පටන්ගත්තේ	556
පටන්ගන්න	1075
පටන්ගන්නවා	303
පටන්ගන්නේ	298
පටන්ගෙන	1765
පටන්ම	990
පටය	1863
පටයක්	953
පටයට	199
පටයේ	496
පටල	570
පටලය	446
පටලවා	1068
පටලවාගෙන	303
පටලා	287
පටවන	555
පටවන්න	315
පටවලා	201
පටවා	815
පටවාගෙන	266
පටස්	628
පටහැණි	255
පටහැනි	1513
පටහැනිව	856
පට්	208
පට්ට	15050
පට්ටපල්	1185
පට්ටම	2458
පට්ටම්	563
පට්ටය	260
පට්ටයි	1082
පට්ටා	237
පට්ටි	299
පටාචාරා	271
පටාන්	239
පටි	2515
පටිගත	2809
පටිච්ච	744
පටිපාටි	292
පටිපාටිය	749
පටිය	1025
පටියක්	692
පටියකින්	220
පටිසම්භිදා	307
පටු	3992
පටුන	476
පටුමග	218
පඨවි	448
පඩ	930
පඩයක්	226
පඩි	4990
පඩිපෙල	386
පඩිපෙළ	389
පඩිය	1513
පඩියක්	566
පඩියට	498
පඩියෙන්	549
පණ	9888
පණක්	397
පණත	501
පණත්	278
පණපිටින්	410
පණස්	208
පණහක්	305
පණ්ඩිත	2526
පණ්ඩිතයන්	212
පණ්ඩිත්	846
පණ්ඩුකාභය	565
පණිවිඩ	2022
පණිවිඩය	2504
පණිවිඩයක්	2358
පණිවිඩේ	481
පණිවුඩ	1856
පණිවුඩය	1912
පණිවුඩයක්	2262
පණිවුඩයෙන්	202
පණිවුඩයේ	357
පණු	471
පණුවන්	440
පඬි	529
පඬියන්	573
පඬුරු	602
පත	5197
පතක	539
පතක්	1781
පතට	740
පතන	2242
පතනව	541
පතනවා	4278
පතන්න	885
පතන්නට	250
පතන්නම්	251
පතන්නේ	463
පතමි	2151
පතමින්	505
පතමු	739
පතයි	527
පතර	1170
පතරොම්	567
පතල	713
පතල්	1484
පතලා	333
පතලේ	220
පතළ	213
පත්	99788
පත්කර	5770
පත්කරගෙන	329
පත්කරන	1985
පත්කරන්න	330
පත්කරන්නේ	215
පත්කරනු	743
පත්කරමින්	624
පත්කරලා	233
පත්කල	765
පත්කළ	1900
පත්කළා	202
පත්කළේ	205
පත්කිරීම	1784
පත්කිරීමට	1406
පත්කිරීම්	200
පත්කිරීමේ	637
පත්කොට	718
පත්තර	7910
පත්තරය	604
පත්තරයක	205
පත්තරයක්	1238
පත්තරයේ	205
පත්තරවල	778
පත්තරවලට	214
පත්තරෙන්	461
පත්තරේ	4928
පත්තරේක	569
පත්තරේට	557
පත්තිනි	1269
පත්තු	4220
පත්තුව	216
පත්තුවේ	235
පත්ර	308
පත්ලේ	207
පත්ව	18802
පත්වන	4154
පත්වනවා	212
පත්වන්නට	361
පත්වන්නේ	1046
පත්වනු	766
පත්විය	4538
පත්වී	5494
පත්වීම	4019
පත්වීමක්	514
පත්වීමට	1851
පත්වීමත්	590
පත්වීමයි	264
පත්වීම්	3324
පත්වීමෙන්	1268
පත්වීමේ	917
පත්වු	667
පත්වුණා	2634
පත්වුණු	337
පත්වුණේ	681
පත්වුනා	501
පත්වුයේ	223
පත්වුවහොත්	227
පත්වූ	6874
පත්වූයේ	1314
පත්වූවන්	412
පත්වූවන්ට	305
පත්වූහ	427
පත්වෙන	895
පත්වෙනවා	1298
පත්වෙන්න	487
පත්වෙන්නේ	329
පත්වෙමින්	888
පත්වෙයි	859
පත්වෙලා	2004
පත්වේ	1345
පතා	3225
පතාක	365
පතාගෙන	298
පති	492
පතිත	1957
පතින්	298
පතිරගේ	225
පතිරණ	2802
පතිරාජ	525
පතිවත	344
පතුරවන	269
පතුරු	962
පතුරුවන	340
පතුරුවා	746
පතුල	989
පතුලට	310
පතුලටම	280
පතුල්	591
පතුලේ	966
පතෙහි	334
පතේ	1306
පතොක්	222
පතොරම්	298
පතෝල	534
පථ	246
පථය	1167
පථයක්	297
පථයට	395
පථයේ	324
පද	14124
පදං	346
පදක්කම	1637
පදක්කමක්	713
පදක්කම්	2274
පදනම	8902
පදනමක	328
පදනමක්	2774
පදනමකින්	519
පදනමට	390
පදනම්	14358
පදනම්ව	1829
පදනම්වූ	222
පදනමින්	718
පදනමෙන්	213
පදනමේ	1042
පදම	229
පදමට	559
පදම්	684
පදමාලාව	237
පදය	2827
පදයක්	1270
පදයට	450
පදයෙන්	313
පදයේ	496
පදවන	547
පදවා	361
පදවාගෙන	443
පදවැල්	366
පදවි	1144
පදවිය	1915
පදවියක්	259
පදවියට	685
පදවියෙන්	283
පදවියේ	217
පද්දති	382
පද්දතිය	510
පද්දතියක්	260
පද්ධති	6272
පද්ධතිය	10650
පද්ධතියක	717
පද්ධතියකට	284
පද්ධතියක්	4470
පද්ධතියකි	413
පද්ධතියකින්	262
පද්ධතියට	2452
පද්ධතියම	208
පද්ධතියෙන්	413
පද්ධතියේ	3057
පද්ධතිවල	268
පද්ධතීන්	763
පද්ම	361
පද්මන්	197
පද්මනාදන්	222
පද්මසිරි	459
පද්මා	203
පදාර්ථ	466
පදාර්ථය	309
පදිංචි	17819
පදිංචිකරුවන්	3355
පදිංචිකරුවන්ට	202
පදිංචිකරුවෙක්	1266
පදිංචිකරුවෙකි	545
පදිංචිකරුවෙකු	965
පදිංචිය	1014
පදිංචියට	1810
පදිංචිව	3134
පදික	1017
පදින	663
පදිනවා	231
පදින්න	788
පදිවු	300
පදුරු	331
පදේ	409
පන	3253
පනත	11325
පනතක්	1413
පනතට	1685
පනත්	5455
පනතින්	481
පනතේ	2739
පනවන	1130
පනවනු	493
පනවා	3747
පනස්	3286
පනහ	540
පනහක	359
පනහකට	535
පනහක්	1275
පනහට	257
පනහේ	475
පන්	1039
පන්ජාබ්	355
පන්ඩිත	198
පන්ති	11101
පන්තික	682
පන්තිය	9482
පන්තියක	532
පන්තියකට	597
පන්තියක්	1105
පන්තියට	4943
පන්තියම	232
පන්තියෙ	1945
පන්තියෙදි	252
පන්තියෙන්	893
පන්තියේ	11694
පන්තියේදී	321
පන්තිවල	600
පන්තිවලට	278
පන්තීන්	292
පන්දම	302
පන්දමක්	196
පන්දම්	610
පන්දහසක්	287
පන්දු	8264
පන්දුව	1388
පන්දුවක්	644
පන්දුවට	2428
පන්දුවාර	2480
පන්දුවෙන්	237
පන්න	801
පන්නන	285
පන්නනවා	236
පන්නන්න	374
පන්නයේ	1180
පන්නරය	690
පන්නල	613
පන්නලා	398
පන්නා	1377
පන්නිපිටිය	777
පන්සල	2696
පන්සලක	459
පන්සලකට	407
පන්සලක්	741
පන්සලට	2163
පන්සල්	5144
පන්සල්වල	342
පන්සලෙන්	338
පන්සලේ	3697
පන්සිය	729
පන්සියයක්	725
පන්සිල්	1637
පන්සීය	228
පන්සීයක්	523
පන්හිඳ	458
පනා	333
පනාගොඩ	310
පනාපිට	207
පනින	2233
පනිනව	296
පනිනවා	1218
පනින්න	2165
පනින්නට	356
පනින්නෙ	239
පනින්නේ	503
පනිමින්	407
පනියි	307
පනිවිඩ	227
පනිවිඩය	267
පනිවිඩයක්	322
පනී	859
පඳුර	383
පඳුරක්	413
පඳුරු	1663
පප	787
පපඩම්	399
පප්පා	582
පපා	197
පපු	671
පපුව	3191
පපුවක්	396
පපුවට	1237
පපුවෙ	409
පපුවේ	984
පබලු	380
පබළු	405
පබ්ලික්	280
පබ්ලිශ්	385
පබ්ලිෂ්	756
පබා	1436
පබිලිස්	293
පමණ	66960
පමණකට	448
පමණක්	64367
පමණක්ද	290
පමණක්ම	1573
පමණක්ය	286
පමණකි	3636
පමණකින්	247
පමණට	897
පමණද	505
පමණය	1536
පමණයි	14922
පමණි	20027
පමණින්	4737
පමණින්ම	272
පමණී	448
පමණෙකි	262
පමන	4109
පමනක්	7530
පමනකි	509
පමනයි	1294
පමනි	3357
පමනින්	443
පම්	209
පම්පෝරි	512
පමා	2650
පමුණුවන	578
පමුණුවා	685
පය	5007
පයක්	333
පයට	680
පයාගල	430
පයි	424
පයිං	255
පයිතගරස්	202
පයිතන්	280
පයින්	5066
පයින්ම	741
පයිප්ප	301
පයිලට්	301
පයේ	370
පර	2887
පරංගි	216
පරක්කු	5942
පරක්කුයි	571
පරක්කුවෙලා	209
පරගැති	236
පරණ	18156
පරණගම	630
පරණම	288
පරණයි	434
පරණවිතාන	1036
පරතරය	1853
පරතරයක්	651
පරතෙරට	202
පරදන	201
පරදවන	204
පරදවා	906
පරද්දන්න	391
පරදා	962
පරදි	235
පරදින	406
පරදිනවා	215
පරදින්න	219
පරදී	299
පරදුවට	880
පරන	2583
පරන්තන්	312
පරපුර	4161
පරපුරක	240
පරපුරක්	1166
පරපුරට	1858
පරපුරෙන්	414
පරපුරේ	2426
පරම	3518
පරම්පරා	1996
පරම්පරාගත	241
පරම්පරාව	2277
පරම්පරාවක්	574
පරම්පරාවට	1205
පරම්පරාවම	244
පරම්පරාවෙ	313
පරම්පරාවෙන්	834
පරම්පරාවේ	1598
පරමාණු	1483
පරමාණුක	1100
පරමාණුව	279
පරමාදර්ශ	226
පරමාදර්ශය	230
පරමාදර්ශී	782
පරමාර්ථ	941
පරමාර්ථය	1236
පරමාර්ථයෙන්	302
පරය	235
පරයමින්	201
පරයා	1009
පරල	224
පරලොව	1246
පරව	229
පරවී	248
පරසතු	345
පරස්පර	1522
පරස්පරතා	220
පරස්පරය	207
පරස්පරයක්	201
පර්	624
පර්චසය	209
පර්චස්	1871
පර්ත්	395
පර්පචුවල්	245
පර්පචුවෙල්	274
පර්පෙචුවල්	650
පර්පෙචුවෙල්	199
පර්මිට්	524
පර්යන්ත	453
පර්යන්තය	479
පර්යන්තයේ	326
පර්යාය	395
පර්යේශණ	205
පර්යේෂක	292
පර්යේෂකයන්	806
පර්යේෂකයින්	435
පර්යේෂකයෝ	257
පර්යේෂණ	13200
පර්යේෂණය	787
පර්යේෂණයක්	633
පර්යේෂණයකින්	206
පර්යේෂණයේ	245
පර්යේෂණවල	214
පර්යේෂණාත්මක	363
පර්යේෂන	489
පර්ල්	244
පර්වත	652
පර්වතය	676
පර්වතයක්	221
පර්ෂදය	1423
පර්ස්	945
පර්සි	775
පර්සියානු	382
පරා	279
පරාජය	12761
පරාජයක්	785
පරාජයට	3130
පරාජයන්	295
පරාජයෙන්	856
පරාජයේ	352
පරාජිත	807
පරාණ	203
පරාද	959
පරාදයි	985
පරාර්ථකාමී	212
පරාල	274
පරාවර්තනය	512
පරාස	268
පරාසය	1215
පරාසයක	943
පරාසයක්	766
පරාසයන්	241
පරාසයේ	202
පරි	502
පරිකල්පන	339
පරිකල්පනය	628
පරික්ෂක	398
පරික්ෂණ	2746
පරික්ෂණය	351
පරික්ෂණයක්	464
පරික්ෂා	2290
පරික්ෂාව	277
පරික්ෂාවට	399
පරිගණක	22400
පරිගණකය	3719
පරිගණකයක	346
පරිගණකයකට	301
පරිගණකයක්	1380
පරිගණකයට	1422
පරිගණකයෙන්	456
පරිගණකයේ	2328
පරිගනක	1483
පරිගනකය	451
පරිගනකයක්	244
පරිගනකයට	265
පරිගනකයේ	446
පරිඝණක	946
පරිඝනක	982
පරිඝනකය	198
පරිචය	204
පරිච්ඡේද	461
පරිච්ඡේදය	1382
පරිච්ඡේදයක්	510
පරිච්ඡේදයේ	676
පරිණත	1111
පරිණාම	283
පරිණාමය	1678
පරිණාමයේ	271
පරිණාමවාදය	267
පරිද්දෙන්	1498
පරිද්දෙන්ම	277
පරිද්දෙනි	371
පරිදි	43038
පරිදිම	1580
පරිදිය	657
පරිදී	591
පරිනත	514
පරිනාමය	498
පරිනිර්වාණය	203
පරිපථ	711
පරිපථය	278
පරිප්පු	2660
පරිප්පුයි	225
පරිපාලක	359
පරිපාලන	8320
පරිපාලනමය	354
පරිපාලනය	3328
පරිපාලනයට	438
පරිපාලනයේ	505
පරිපුර්ණ	230
පරිපූරක	803
පරිපූර්ණ	1734
පරිපූර්න	199
පරිබාහිර	515
පරිබාහිරව	432
පරිභව	367
පරිභෝජන	394
පරිභෝජනය	2082
පරිභෝජනයට	798
පරිමාණ	3800
පරිමාණය	271
පරිමාණයෙන්	912
පරිමාණයේ	709
පරිමාන	950
පරිමානයෙන්	326
පරිමානයේ	304
පරිමාව	664
පරිවර්තක	414
පරිවර්තන	2921
පරිවර්තනය	9526
පරිවර්තනයක්	1190
පරිවර්තනයකි	234
පරිවර්තනයට	204
පරිවර්තනයේ	222
පරිවර්ථන	280
පරිවර්ථනය	1168
පරිවාර	577
පරිවාස	800
පරිශීලක	1473
පරිශීලකයන්	895
පරිශීලකයා	250
පරිශීලනය	905
පරිසමාප්ත	681
පරිසර	13050
පරිසරය	7736
පරිසරයක	1460
පරිසරයක්	2227
පරිසරයට	2584
පරිසරයත්	341
පරිසරයෙන්	521
පරිසරයේ	1753
පරිසරවේදීන්	358
පරිස්සං	265
පරිස්සමට	867
පරිස්සම්	2600
පරිස්සමින්	1880
පරිස්සමෙන්	1296
පරිහරණය	2899
පරිහරණයට	256
පරිහරනය	202
පරිහානිය	574
පරිහානියට	558
පරීක්ෂක	3493
පරීක්ෂකවරයා	670
පරීක්ෂකවරයෙකු	242
පරීක්ෂකවරුන්	582
පරීක්ෂකවරුන්ගේ	295
පරීක්ෂණ	25342
පරීක්ෂණය	3809
පරීක්ෂණයකට	719
පරීක්ෂණයක්	5792
පරීක්ෂණයකින්	354
පරීක්ෂණයට	963
පරීක්ෂණයෙන්	552
පරීක්ෂණයේ	432
පරීක්ෂණයේදී	470
පරීක්ෂණවල	327
පරීක්ෂණවලට	627
පරීක්ෂණවලදී	1504
පරීක්ෂණවලින්	715
පරීක්ෂන	897
පරීක්ෂනය	230
පරීක්ෂනයක්	389
පරීක්ෂා	8885
පරීක්ෂාව	925
පරීක්ෂාවකට	354
පරීක්ෂාවක්	401
පරීක්ෂාවට	1586
පරීක්ෂාවෙන්	216
පරුෂ	714
පරෙවි	228
පරෙස්සම්	491
පරෙස්සමින්	228
පරෙස්සමෙන්	295
පල	17122
පලකර	643
පලකරන	761
පලකරන්න	320
පලකරමින්	306
පලකල	778
පලකළ	227
පලක්	2657
පලකිරීම	303
පලකිරීමට	256
පලකොට	234
පලතුරු	2757
පලනි	254
පලපුරුද්ද	220
පලපුරුදු	277
පලමු	6523
පලමුව	1160
පලමුවන	252
පලමුවෙන්	200
පලමුවෙන්ම	237
පලමුවෙනි	239
පලයං	827
පලයන්	1831
පලයල්ලා	276
පලල	314
පලල්	559
පලවන	892
පලවා	1484
පලවී	526
පලවූ	982
පලවෙන	239
පලවෙනි	5629
පලස	345
පලස්තීන	1273
පලස්තීනය	358
පල්	2110
පල්ලට	301
පල්ලම	428
පල්ලම්	749
පල්ලා	264
පල්ලි	2011
පල්ලිය	2282
පල්ලියක්	570
පල්ලියට	824
පල්ලියෙ	210
පල්ලියෙන්	283
පල්ලියේ	1703
පල්ලෙකැලේ	373
පල්ලෙන්	691
පල්ලෙහා	1209
පල්ලෙහාට	468
පල්ලේ	279
පල්ලේකැලේ	256
පල්ලේගම	534
පලා	5102
පලාගිය	528
පලාගෙන	359
පලාගොස්	1143
පලාත	551
පලාතක	418
පලාතට	316
පලාතම	199
පලාත්	3547
පලාත්වල	512
පලාතෙ	402
පලාතේ	1642
පලාපල	639
පලාඵල	435
පලාමල්ල	324
පලායාමට	216
පලාලි	460
පලි	1563
පලිබෝධ	297
පලිය	223
පලියට	1084
පලු	857
පලුදු	321
පලෙයි	307
පලේ	238
පව	53986
පවක්	814
පවගම්පහ	289
පවට	513
පවත්	441
පවත්නා	6078
පවත්නේ	266
පවත්වගෙන	284
පවත්වති	290
පවත්වන	10472
පවත්වනවා	1100
පවත්වන්න	974
පවත්වන්නට	941
පවත්වන්නේ	832
පවත්වනු	3606
පවත්වපු	313
පවත්වමින්	1583
පවත්වයි	855
පවත්වලා	311
පවත්වා	13390
පවත්වාගත	218
පවත්වාගැනීම	255
පවත්වාගෙන	16305
පවති	1425
පවතිද්දී	384
පවතින	55882
පවතිනව	230
පවතිනවා	5471
පවතින්න	437
පවතින්නක්	214
පවතින්නට	298
පවතින්නෙ	396
පවතින්නේ	5382
පවතිනු	964
පවතිනුයේ	249
පවතියි	2150
පවතී	16023
පවතීද	416
පවන	442
පවන්	1118
පවනේ	248
පවර	235
පවරන	1091
පවරන්න	239
පවරනු	480
පවර්	1587
පවරා	6994
පවරාගෙන	324
පවස	384
පවසති	2988
පවසද්දී	254
පවසන	8151
පවසනවා	31496
පවසන්න	670
පවසන්නට	720
පවසන්නීය	304
පවසන්නෙ	240
පවසන්නේ	16777
පවසනු	689
පවසනුයේ	247
පවසමි	466
පවසමින්	5585
පවසමිනි	537
පවසයි	28896
පවසා	17491
පව්	9982
පව්කාර	388
පව්ව	226
පවා	40825
පවිටු	291
පවු	3168
පවුඩර්	385
පවුම	1342
පවුම්	1203
පවුර	2071
පවුරක්	301
පවුරපොතකින්	340
පවුරු	523
පවුරේ	380
පවුල	5718
පවුලක	2223
පවුලකට	712
පවුලක්	2370
පවුලකින්	282
පවුලට	2215
පවුලටම	202
පවුලත්	311
පවුලම	494
පවුල්	15859
පවුල්වල	2048
පවුල්වලට	526
පවුලෙ	1424
පවුලෙන්	435
පවුලේ	15424
පශ්චාත්	7609
පශු	1798
පස	4679
පසක්	3320
පසකින්	373
පසඟ	256
පසට	1173
පසන්	742
පසලොස්වක	410
පසළොස්වක	1245
පස්	12641
පස්චාත්	264
පස්ට	458
පස්දෙනා	438
පස්දෙනෙක්	202
පස්දෙනෙකු	571
පස්බාගේ	299
පස්වන	1669
පස්වරු	7869
පස්වරුව	343
පස්වරුවේ	12609
පස්වැනි	901
පස්වෙනි	567
පස්ස	3226
පස්සට	2326
පස්සර	610
පස්සා	197
පස්සෙ	43252
පස්සෙං	287
පස්සෙත්	1133
පස්සෙද	203
පස්සෙන්	4541
පස්සෙන්ම	262
පස්සෙම	256
පස්සෙයි	1029
පස්සේ	54618
පසාරු	383
පසින්	1865
පසිඳු	533
පසු	93199
පසුකර	1582
පසුකරගෙන	252
පසුකරමින්	509
පසුකලෙක	497
පසුකාලීන	493
පසුකාලීනව	1610
පසුකොට	254
පසුගාමී	1017
පසුගිය	70553
පසුගියදා	13523
පසුතල	308
පසුත්	624
පසුතැවිලි	432
පසුද	216
පසුදා	1141
පසුදින	1255
පසුපස	5901
පසුපසට	808
පසුපසින්	1308
පසුපෙළ	306
පසුබට	1305
පසුබෑම	290
පසුබෑමකට	296
පසුබෑමක්	256
පසුබිම	4164
පසුබිමක	1023
පසුබිමක්	1511
පසුබිම්	2233
පසුබිමින්	255
පසුබිමේ	564
පසුම්බිය	422
පසුය	526
පසුව	62770
පසුවට	910
පසුවත්	1188
පසුවද	627
පසුවදන	230
පසුවදා	430
පසුවන	5392
පසුවනවා	561
පසුවන්නන්	374
පසුවන්නේ	447
පසුවය	2208
පසුවයි	2715
පසුවිය	691
පසුවී	484
පසුවුණා	286
පසුවූ	1038
පසුවෙයි	251
පසුවේ	272
පසූ	204
පසෙක	2401
පසෙකට	836
පසෙකලා	541
පසෙකින්	1360
පසෙහි	230
පසේ	846
පසේනදි	202
පහ	6032
පහක	2053
පහකට	2367
පහක්	6827
පහක්වත්	203
පහකින්	811
පහට	1166
පහණ	315
පහත	26499
පහතට	1010
පහතරට	650
පහත්	6741
පහතින්	5663
පහදා	1531
පහන	1617
පහනක්	1113
පහන්	8689
පහනේ	208
පහම	260
පහයි	1104
පහර	21646
පහරකට	269
පහරක්	2576
පහරකෑමට	704
පහරකින්	484
පහරට	595
පහරදී	3111
පහරදීම	2992
පහරදීමක්	620
පහරදීමකින්	386
පහරදීමට	1361
පහරදීම්	830
පහරදීමෙන්	673
පහරදීමේ	1236
පහරදුන්	1737
පහරදෙන	465
පහරවල්	742
පහරින්	1078
පහල	13240
පහලට	3789
පහලම	377
පහලින්	3262
පහලොස්	279
පහව	1190
පහවූ	231
පහස	1685
පහසු	9959
පහසුකම	2208
පහසුකමක්	573
පහසුකම්	22586
පහසුකම්වලින්	472
පහසුම	596
පහසුය	509
පහසුයි	1387
පහසුව	2493
පහසුවක්	1048
පහසුවට	483
පහසුවෙන්	7932
පහසුවෙන්ම	818
පහළ	15236
පහළට	3036
පහළම	282
පහළින්	1371
පහළොවකට	245
පහළොවක්	550
පහළොස්	650
පහු	4945
පහුකරගෙන	339
පහුගිය	11268
පහුරු	277
පහුවදා	2260
පහුවදාට	363
පහුවදාම	198
පහුවෙනිදා	643
පහුවෙලා	888
පහෙන්	694
පහේ	3703
පහේම	205
පළ	43540
පළකර	1351
පළකරන	729
පළකරමින්	561
පළකලා	201
පළකළ	469
පළකළා	608
පළකළේ	330
පළක්	353
පළකිරීම	399
පළකිරීමට	274
පළතුරක්	221
පළතුරු	2370
පළඳින	362
පළපුරුද්ද	545
පළපුරුද්දක්	346
පළපුරුදු	911
පළමු	41825
පළමුව	5584
පළමුවන	1885
පළමුවනදා	301
පළමුවරට	1037
පළමුවැන්න	839
පළමුවැනි	1360
පළමුවැනිදා	406
පළමුවෙන්	1692
පළමුවෙන්ම	1212
පළමුවෙනි	801
පළල	1698
පළල්	899
පළලින්	358
පළවන	1120
පළවන්නේ	217
පළවා	822
පළවැනි	248
පළවිය	259
පළවී	568
පළවුණා	264
පළවූ	1241
පළවෙනි	6248
පළවෙනිදා	328
පළවෙනිම	219
පළවෙනියා	256
පළා	2428
පළාගොස්	582
පළාත	4060
පළාතක	508
පළාතක්	270
පළාතට	1104
පළාතම	306
පළාත්	49352
පළාත්පාලන	822
පළාත්බද	227
පළාත්වල	3586
පළාත්වලට	1347
පළාත්වලත්	972
පළාත්වලින්	218
පළාත්සභා	302
පළාතෙ	395
පළාතෙන්	590
පළාතේ	9573
පළි	582
පළිගන්න	222
පළිගැනීම	300
පළිගැනීමක්	223
පළිගැනීම්	367
පළිගැනීමේ	207
පළිඟු	253
පළිබෝධ	468
පළිබෝධනාශක	360
පළියට	322
පළු	315
පළුදු	478
පෆ්	215
ප්	1463
ප්ර	958
ප්රකාශ	233
ප්රධාන	534
ප්රවේශ	293
ප්රශ්න	341
ප්ලග්	536
ප්ලස්	1241
ප්ලාස්ටර්	270
ප්ලාස්ටික්	3299
ප්ලාසා	235
ප්ලැන්	217
ප්ලෑනක්	223
ප්ලෑන්	2419
ප්ලීස්	895
ප්ලූටෝ	275
ප්ලේ	1109
ප්ලේට්	218
ප්ලේටෝ	278
ප්ලේන්	1484
ප්ලේන්ටි	235
ප්ලේන්ටියක්	307
ප්ලේයර්	440
ප්ලේස්	504
ප්ලොට්	397
පා	13429
පාං	759
පාංතික	203
පාංශු	690
පාක්	1357
පාක්ෂික	891
පාක්ෂිකයන්	671
පාක්ෂිකයන්ට	229
පාක්ෂිකයින්	431
පාකිස්තාන	993
පාකිස්තානය	1005
පාකිස්තානයට	271
පාකිස්තානයේ	626
පාකිස්තානු	465
පාකිස්ථාන	856
පාකිස්ථානය	778
පාකිස්ථානයේ	524
පාකිස්ථානු	352
පාගන්න	201
පාගමන	793
පාගමනක්	351
පාගමනට	242
පාගමනින්	415
පාගලා	233
පාගා	687
පාගාගෙන	200
පාචනය	201
පාට	18248
පාටක්	1568
පාටට	1380
පාටය	259
පාටයි	2077
පාට්	2141
පාටි	1339
පාටින්	1703
පාටිය	521
පාටියක්	665
පාටියට	298
පාටියේ	232
පාටිෂන්	231
පාඨ	1755
පාඨක	2474
පාඨකයන්	1176
පාඨකයන්ගේ	219
පාඨකයන්ට	573
පාඨකයා	1017
පාඨකයාගේ	223
පාඨකයාට	618
පාඨකයින්	487
පාඨකයෙක්	444
පාඨකයෝ	269
පාඨමාලා	3200
පාඨමාලාව	2461
පාඨමාලාවක්	854
පාඨමාලාවට	370
පාඨමාලාවන්	308
පාඨමාලාවේ	413
පාඨය	1550
පාඨයක්	516
පාඨලි	273
පාඨලී	2494
පාඩං	411
පාඩම	3773
පාඩමක්	3248
පාඩමට	385
පාඩම්	10763
පාඩමෙන්	295
පාඩමේ	322
පාඩු	4228
පාඩුයි	417
පාඩුව	1960
පාඩුවක්	2822
පාඩුවට	220
පාඩුවෙ	638
පාඩුවේ	2068
පාත	549
පාත්	2179
පාත්ති	254
පාතාල	3105
පාතාලය	653
පාතාලයේ	258
පාද	4847
පාදක	4181
පාදඩ	661
පාදන	232
පාදම	292
පාදය	1063
පාදයක්	311
පාදයට	231
පාදයේ	749
පාදා	759
පාදුක්ක	812
පාදෙණිය	294
පාන	2825
පානදුර	3358
පානදුරේ	398
පානම	450
පානය	5594
පානයක්	448
පානයට	407
පානයෙන්	283
පානවා	262
පාන්	6344
පාන්තික	553
පාන්දර	5270
පාන්දරම	1480
පාන්දරින්	252
පාන්දරින්ම	203
පාන්න	358
පාන්නට	380
පාන්නේ	349
පානා	250
පානිය	210
පානීය	2579
පානේ	256
පාප	1683
පාපතර	202
පාපන්දු	3801
පාපය	885
පාපයක්	598
පාපයට	1121
පාපයන්	253
පාපයෙන්	295
පාපයේ	290
පාප්	1354
පාප්තුමා	284
පාප්වහන්සේ	237
පාපැදි	1084
පාපැදිරු	353
පාපී	441
පාපොච්චාරණය	496
පාබල	1011
පාම්	230
පාමින්	844
පාමුල	1905
පාමුළ	198
පායන	1250
පායනවා	239
පායන්න	242
පායපු	238
පායයි	274
පායලා	638
පායා	1158
පායි	407
පාර	35062
පාරක	1100
පාරකට	509
පාරක්	12979
පාරක්ම	437
පාරක්වත්	230
පාරකින්	337
පාරකුත්	414
පාරට	9405
පාරටත්	320
පාරටම	3774
පාරත්	1517
පාරනම්	216
පාරම	778
පාරම්	288
පාරම්පරික	1991
පාරම්පරිකව	285
පාරමිතා	486
පාරමිතාව	279
පාරමී	543
පාරයි	541
පාරවත්	230
පාරවල්	5588
පාරවල්වල	201
පාර්ක්	995
පාර්ට්	624
පාර්ටි	343
පාර්ලිමෙන්තු	303
පාර්ලිමේන්තු	42741
පාර්ලිමේන්තුව	10920
පාර්ලිමේන්තුවක්	373
පාර්ලිමේන්තුවට	8348
පාර්ලිමේන්තුවෙ	247
පාර්ලිමේන්තුවෙන්	647
පාර්ලිමේන්තුවේ	10982
පාර්ලිමේන්තුවේදී	4278
පාර්ශව	1926
පාර්ශවකරුවන්	268
පාර්ශවය	2161
පාර්ශවයකට	322
පාර්ශවයක්	705
පාර්ශවයට	627
පාර්ශවයන්	956
පාර්ශවයන්ගේ	219
පාර්ශවයන්ට	269
පාර්ශවයෙන්	753
පාර්ශවයේ	2210
පාර්ශවික	417
පාර්ශවීය	262
පාර්ශ්ව	1002
පාර්ශ්වකරුවන්	227
පාර්ශ්වය	966
පාර්ශ්වයක්	319
පාර්ශ්වයට	301
පාර්ශ්වයන්	526
පාර්ශ්වයෙන්	318
පාර්ශ්වයේ	1327
පාර්ශ්වික	290
පාර්සලය	417
පාර්සලයක්	533
පාර්සල්	1121
පාරා	202
පාරාජිකා	380
පාරාදීසය	262
පාරාදීසයක්	268
පාරිතෝෂික	259
පාරිභාෂික	286
පාරිභෝගික	5086
පාරිභෝගිකයන්	967
පාරිභෝගිකයන්ගේ	243
පාරිභෝගිකයන්ට	635
පාරිභෝගිකයා	713
පාරිභෝගිකයාට	492
පාරිභෝගිකයින්	552
පාරිභෝගිකයින්ට	291
පාරිශුද්ධ	430
පාරිසරික	4227
පාරු	313
පාරෙ	3966
පාරෙදි	255
පාරෙන්	2433
පාරෙම	217
පාරේ	13179
පාල	618
පාලක	9588
පාලකයන්	2492
පාලකයන්ගේ	618
පාලකයන්ට	786
පාලකයා	2502
පාලකයින්	1097
පාලකයින්ගේ	237
පාලකයින්ට	300
පාලකයෙක්	417
පාලකයෙකු	250
පාලකයො	245
පාලකයෝ	963
පාලන	21466
පාලනය	34495
පාලනයකට	496
පාලනයක්	3407
පාලනයකින්	397
පාලනයට	3385
පාලනයන්	297
පාලනයෙන්	958
පාලනයේ	2072
පාලනාධිකාරය	565
පාලනාධිකාරිය	656
පාලනේ	338
පාලම	5039
පාලමක්	1116
පාලමට	228
පාලම්	1838
පාලමෙන්	325
පාලමේ	747
පාලා	308
පාලි	2901
පාලිත	3785
පාලු	1549
පාලුයි	383
පාලුව	420
පාලුවට	417
පාව	438
පාවඩ	285
පාවහන්	1399
පාවා	3248
පාවාදීම	840
පාවාදීමක්	247
පාවාදීමට	314
පාවාදීම්	347
පාවාදීමේ	308
පාවාදුන්	206
පාවි	222
පාවිච්චි	24277
පාවිච්චිය	730
පාවිච්චියට	803
පාවිචිචි	259
පාවී	1047
පාවුලෝ	228
පාවෙන	1910
පාවෙනවා	241
පාවෙමින්	644
පාවෙලා	770
පාෂාණ	1077
පාසල	5823
පාසලක	2035
පාසලකට	1168
පාසලක්	1686
පාසලට	3282
පාසල්	42850
පාසල්වල	2942
පාසල්වලට	1155
පාසලින්	234
පාසලෙන්	1211
පාසලේ	7674
පාසලේදී	548
පාසලේම	200
පාස්	3784
පාස්කු	3017
පාස්පෝට්	495
පාස්වර්ඩ්	1158
පාසා	1841
පාසාම	343
පාසැල	960
පාසැලක	286
පාසැලක්	235
පාසැලට	436
පාසැල්	6810
පාසැල්වල	211
පාසැලේ	1010
පාසිකුඩා	232
පාසු	286
පාහර	612
පාහියන්ගල	205
පාහේ	3925
පාළනය	256
පාළම	416
පාළි	415
පාළු	2348
පාළුයි	432
පාළුව	931
පාළුවක්	256
පාළුවට	401
පැ	1800
පැංචා	305
පැංචි	586
පැංචිගේ	220
පැංචිට	211
පැකට්	3139
පැකට්ටුවක්	204
පැකර්	219
පැක්	998
පැකේජ	702
පැකේජය	664
පැකේජයක්	356
පැකේජ්	662
පැච්	273
පැටලිලා	715
පැටලිලි	260
පැටලී	1036
පැටලෙන	258
පැටලෙනවා	254
පැටලෙන්න	243
පැටවකු	276
පැටව්	2167
පැටවා	891
පැටවීම	517
පැටවීමට	443
පැටවු	1000
පැටවුන්	1876
පැටවුන්ගේ	201
පැටවුන්ට	402
පැටවූ	450
පැටවෙකු	362
පැටික්කි	663
පැටික්කිට	222
පැටිකිරිය	393
පැටිය	402
පැටියට	409
පැටියව	237
පැටියා	2241
පැටියෙක්	1374
පැටියො	199
පැටියෝ	837
පැණ	415
පැණි	4749
පැණියෙන්	398
පැණිරස	220
පැතලි	557
පැත්ත	7867
පැත්තක	3111
පැත්තකට	4126
පැත්තක්	2140
පැත්තකින්	4289
පැත්තට	14125
පැත්තටත්	424
පැත්තටම	257
පැත්තත්	264
පැත්තෙ	8592
පැත්තෙත්	811
පැත්තෙන්	8469
පැත්තෙන්ම	291
පැත්තෙනුත්	294
පැත්තේ	14640
පැති	2216
පැතිකඩ	816
පැතිකඩක්	635
පැතිර	6469
පැතිරයාම	283
පැතිරවීම	312
පැතිරවීමට	250
පැතිරිලා	540
පැතිරී	1712
පැතිරීම	1204
පැතිරුණු	686
පැතිරෙන	817
පැතිරෙනවා	256
පැතිරෙමින්	390
පැතිරෙයි	215
පැතිරේ	212
පැතිවල	539
පැතීම	519
පැතීමට	333
පැතු	482
පැතුම	1503
පැතුමක්	629
පැතුමට	465
පැතුමන්	549
පැතුමයි	272
පැතුම්	17654
පැතුව	197
පැතුවා	662
පැතුවේ	358
පැතූ	1111
පැද	423
පැදකුණු	199
පැදගෙන	380
පැදලා	244
පැදවීම	468
පැදවූ	801
පැද්දි	252
පැද්දෙන	228
පැදි	1931
පැදිය	1063
පැදියක	220
පැදියක්	720
පැදියකින්	471
පැදියේ	310
පැදීම	268
පැදුර	2007
පැදුරක්	288
පැදුරු	842
පැදුරේ	236
පැන	16222
පැනගිය	393
පැනගෙන	383
පැනගොස්	263
පැනඩෝල්	341
පැනනැගී	211
පැනපු	1274
පැනමා	352
පැනය	739
පැනයකට	318
පැනයක්	358
පැනයට	512
පැනල	3163
පැනල්	314
පැනලා	5415
පැනවිය	275
පැනවීම	973
පැනවීමට	824
පැනවීමේ	230
පැනවූ	778
පැන්	2954
පැන්ඩ	236
පැන්ඩා	440
පැන්න	2156
පැන්නට	208
පැන්නත්	253
පැන්නා	1765
පැන්නෙ	290
පැන්නේ	708
පැන්නේය	298
පැන්නොත්	306
පැන්ෂන්	510
පැන්සල	313
පැන්සල්	645
පැනි	656
පැනීම	940
පැනීමට	465
පැනීමේ	273
පැපරාසියා	264
පැපුවා	233
පැපොල	221
පැපොල්	609
පැබ්ලෝ	258
පැමිණ	32701
පැමිණවීම	394
පැමිණි	33500
පැමිණිම	553
පැමිණිමට	434
පැමිණිය	1945
පැමිණියත්	446
පැමිණියද	308
පැමිණියහ	936
පැමිණියහොත්	288
පැමිණියා	3374
පැමිණියාය	401
පැමිණියෙමි	459
පැමිණියෙමු	232
පැමිණියේ	4963
පැමිණියේය	2089
පැමිණිල්ල	2598
පැමිණිල්ලකට	930
පැමිණිල්ලක්	4463
පැමිණිල්ලට	326
පැමිණිල්ලේ	767
පැමිණිලි	9980
පැමිණිළි	293
පැමිණී	356
පැමිණීම	4763
පැමිණීමට	4431
පැමිණීමත්	670
පැමිණීමෙන්	1171
පැමිණීමේ	865
පැමිණීමේදී	268
පැමිණෙත්	224
පැමිණෙති	335
පැමිණෙන	12504
පැමිණෙනවා	662
පැමිණෙන්න	511
පැමිණෙන්නට	394
පැමිණෙන්නේ	1413
පැමිණෙනු	565
පැමිණෙමින්	1468
පැමිණෙයි	1010
පැමිණේ	1085
පැමින	1871
පැමිනි	1693
පැමිනියේ	446
පැමිනිලි	265
පැමිනීම	485
පැමිනීමට	334
පැමිනෙන	1196
පැමිනෙන්න	203
පැමිනෙන්නේ	207
පැය	25555
පැයක	761
පැයකට	1710
පැයක්	2564
පැයකින්	341
පැයට	3104
පැයෙන්	308
පැයේ	482
පැරකුම්	2881
පැරකුම්බා	273
පැරණි	14525
පැරණිතම	625
පැරණිම	677
පැරදවිය	241
පැරදවීම	263
පැරදවීමට	333
පැරදිලා	347
පැරදී	303
පැරදුණු	247
පැරදුන	296
පැරදුනත්	262
පැරදුනා	322
පැරදුනු	243
පැරදුනේ	269
පැරනි	1168
පැරෂුට්	347
පැරසිටමෝල්	280
පැරා	5732
පැරාගෙ	219
පැරාගේ	701
පැරාට	763
පැරාලිම්පික්	209
පැරැණි	1481
පැරැන්නන්	287
පැරිස්	1363
පැරිසියේ	350
පැරීසිය	206
පැරීසියේ	358
පැල	2667
පැලට	213
පැලඳ	304
පැලඳුම්	275
පැලපදියම්	320
පැලයක්	446
පැලවත්ත	492
පැල්	816
පැල්පත්	525
පැල්මඩුල්ල	616
පැල්ලම	205
පැල්ලමක්	315
පැල්ලම්	791
පැලැන්තිය	288
පැලැන්තියේ	365
පැලැස්තර	248
පැලෑටි	335
පැලී	219
පැලෙන	433
පැලෙන්න	970
පැලේ	596
පැවත	2392
පැවතගෙන	304
පැවත්	215
පැවත්ම	199
පැවත්වීමට	231
පැවත්වෙන	246
පැවති	53428
පැවතිණ	293
පැවතිණි	656
පැවතින	198
පැවතිනි	394
පැවතිය	2251
පැවතියත්	234
පැවතියද	290
පැවතියා	213
පැවතියේ	1256
පැවතී	613
පැවතීම	2175
පැවතීමට	437
පැවතීමයි	306
පැවතුණ	216
පැවතුණා	345
පැවතුණි	788
පැවතුණු	432
පැවතුණේ	252
පැවතුන	518
පැවතුනා	312
පැවතුනි	639
පැවතුනු	368
පැවතුනේ	450
පැවතුම්	945
පැවතෙන	458
පැවරිය	532
පැවරී	1625
පැවරීම	1478
පැවරීමට	1311
පැවරීමේ	393
පැවරුණු	264
පැවරුම්	324
පැවරූ	608
පැවරෙන	670
පැවරෙන්නේ	210
පැවරේ	227
පැවසිය	2202
පැවසී	3985
පැවසීම	1415
පැවසීමට	1162
පැවසීමෙන්	233
පැවසීය	14460
පැවසු	994
පැවසුයේ	277
පැවසුවත්	369
පැවසුවද	272
පැවසුවහොත්	254
පැවසුවා	2691
පැවසුවාය	1295
පැවසුවෙමි	267
පැවසුවේ	21071
පැවසුවේය	1413
පැවසූ	5456
පැවසූයේ	780
පැවසූවේ	950
පැවසූහ	1170
පැවසෙන	1582
පැවසෙනවා	613
පැවසෙන්නේ	974
පැවසෙයි	289
පැවසේ	2440
පැවැත	205
පැවැත්	2903
පැවැත්ම	5549
පැවැත්මක්	1328
පැවැත්මට	1531
පැවැත්මේ	351
පැවැත්විණ	808
පැවැත්විණි	3889
පැවැත්විනි	294
පැවැත්විමට	389
පැවැත්විය	2417
පැවැත්වීම	5624
පැවැත්වීමට	14068
පැවැත්වීමටයි	261
පැවැත්වීමෙන්	526
පැවැත්වීමේ	788
පැවැත්වීය	673
පැවැත්වු	449
පැවැත්වුණා	4091
පැවැත්වුණි	398
පැවැත්වුණු	1591
පැවැත්වුණේ	1926
පැවැත්වුන	223
පැවැත්වුනා	374
පැවැත්වුනු	393
පැවැත්වුනේ	369
පැවැත්වුවා	333
පැවැත්වූ	6284
පැවැත්වූයේ	540
පැවැත්වූවා	403
පැවැත්වූහ	332
පැවැත්වෙන	16549
පැවැත්වෙනවා	2399
පැවැත්වෙන්නේ	1497
පැවැත්වෙනු	681
පැවැත්වෙමින්	213
පැවැත්වෙයි	709
පැවැත්වේ	3533
පැවැති	18355
පැවැතිය	205
පැවැතියේ	204
පැවැසීය	2573
පැවැසුවේ	389
පැවැසූ	294
පැවැසූහ	205
පැවැසේ	204
පැවිද්ද	325
පැවිදි	3355
පැවිදිව	258
පැසසිය	241
පැසසුමට	561
පැසසුම්	488
පැසිපික්	388
පැසිෆික්	1261
පැසුණු	228
පැහදිලි	452
පැහැ	3155
පැහැති	4141
පැහැදිලි	34388
පැහැදිලිය	2874
පැහැදිලියි	2369
පැහැදිලිව	7275
පැහැදිලිවම	2871
පැහැදිළි	3482
පැහැදිළිය	277
පැහැදිළියි	215
පැහැදිළිව	632
පැහැදිළිවම	239
පැහැදී	877
පැහැදීම	287
පැහැදීමක්	676
පැහැපත්	668
පැහැබර	198
පැහැය	1519
පැහැයක්	428
පැහැයට	574
පැහැයෙන්	1464
පැහැර	5804
පැහැරගත්	931
පැහැරගැනීම	225
පැහැරගැනීමට	284
පැහැරගැනීම්	205
පැහැරගෙන	3507
පැළ	2797
පැළද	268
පැළදුම්	503
පැළඳ	1341
පැළඳගෙන	264
පැළඳි	277
පැළඳීම	293
පැළඳුම්	562
පැළයක්	511
පැළෑටි	842
පැෆරල්	199
පැෆ්රල්	377
පෑ	2812
පෑගෙන	202
පෑඩ්	410
පෑන	837
පෑනක්	416
පෑන්	1111
පෑන්ටිය	304
පෑනෙන්	270
පෑම	720
පෑමක්	234
පෑමට	919
පෑයූ	263
පෑල	221
පෑලියගොඩ	1303
පෑවා	337
පෑවේ	402
පෑවේය	320
පි	3855
පිං	5665
පිංකම	761
පිංකමක්	407
පිංකම්	619
පිංතුර	341
පිංතූර	1461
පිංතූරය	324
පිංතූරයක්	386
පිංතූරෙ	361
පිංවත්	1187
පිකට්	250
පික්	477
පික්චර්	211
පික්පොකට්	330
පික්සල්	254
පිගන්	261
පිඟන්	957
පිඟාන	448
පිඟානක්	255
පිඟානට	199
පිච්ච	1064
පිච්චිලා	428
පිච්චෙන	228
පිච්චෙනවා	225
පිට	23962
පිටකය	1440
පිටකයේ	231
පිටකොටුව	1256
පිටකොටුවෙන්	204
පිටකොටුවේ	675
පිටකෝට්ටේ	347
පිටට	1865
පිටත	4150
පිටතට	4070
පිටත්	8258
පිටත්කර	354
පිටත්ව	4630
පිටත්වන	279
පිටත්වීමට	277
පිටතින්	1388
පිටපත	2218
පිටපතක්	2238
පිටපත්	4755
පිටපතේ	249
පිටබැද්දර	209
පිටම	483
පිටමං	525
පිටරට	3289
පිටරටක	457
පිටරටකට	200
පිටරටට	214
පිටරටවල	393
පිටරටින්	920
පිටව	4152
පිටවන	1207
පිටවිය	273
පිටවී	790
පිටවීම	763
පිටවීමට	385
පිටවීමේ	323
පිටවූ	353
පිටවෙන	399
පිටවෙන්න	205
පිටවෙලා	464
පිටසක්වල	1845
පිටසක්වළ	289
පිටස්තර	859
පිටස්තරයා	598
පිට්	240
පිට්ටනි	247
පිට්ටනිය	771
පිට්ටනියක්	258
පිට්ටනියට	433
පිට්ටනියේ	428
පිට්ටු	443
පිටාර	1249
පිටාව	238
පිටි	5367
පිටිං	269
පිටිගල	319
පිටිදුවේ	216
පිටිදූවේ	260
පිටින්	7921
පිටින්ම	1335
පිටිපන	296
පිටිපස්ස	439
පිටිපස්සට	586
පිටිපස්සෙ	1599
පිටිපස්සෙන්	1311
පිටිපස්සේ	1534
පිටිය	1913
පිටියක්	448
පිටියට	1646
පිටියෙ	227
පිටියෙන්	756
පිටියේ	2633
පිටියේදී	990
පිටිවහලක්	484
පිටිසර	774
පිටු	10805
පිටුදැකීම	322
පිටුදැකීමේ	266
පිටුපස	6729
පිටුපසට	691
පිටුපසින්	1810
පිටුපා	480
පිටුබලය	1028
පිටුව	15608
පිටුවක	399
පිටුවකට	249
පිටුවක්	2198
පිටුවක්සයිබර්	340
පිටුවට	1457
පිටුවල	519
පිටුවහලක්	464
පිටුවහල්	2341
පිටුවෙ	310
පිටුවෙන්	523
පිටුවෙහි	528
පිටුවේ	2338
පිටේ	1740
පිඩක්	214
පිඩාවට	310
පිඩු	244
පිණස	268
පිණි	1392
පිණිබිඳු	545
පිණිස	20642
පිණිසත්	511
පිණිසද	651
පිණිසම	283
පිණිසය	768
පිණිසයි	719
පිඬු	528
පිත්	508
පිත්ත	427
පිත්තල	742
පිති	394
පිතිකරු	1183
පිතිකරුවන්	899
පිතිකරුවා	298
පිතිකරුවෙකු	237
පිදිය	314
පිදීම	423
පිදු	330
පිදුම	203
පිදුම්	2311
පිදුරු	1118
පිදූ	634
පිදෙන	359
පිදේනි	290
පින	1570
පිනකට	227
පිනක්	1504
පිනට	1132
පිනවන	414
පිනවීම	271
පින්	11552
පින්කම	469
පින්කමක්	387
පින්කම්	853
පින්ග්කිරීම	364
පින්තාරු	528
පින්තු	196
පින්තුර	2030
පින්තුරය	496
පින්තුරයක්	522
පින්තුරේ	696
පින්තූර	7162
පින්තූරත්	211
පින්තූරය	1827
පින්තූරයක්	1742
පින්තූරයේ	449
පින්තූරු	218
පින්තූරෙ	1271
පින්තූරේ	1101
පින්න	393
පින්නවල	604
පින්බර	587
පින්වත	327
පින්වත්	1960
පින්වත්නි	319
පින්වතුන්	338
පින්වතුනි	506
පින්සිද්ද	252
පිනා	818
පිනි	1394
පිනිස	3143
පිනුම්	436
පිනෙන්	388
පිපාසය	548
පිපාසයෙන්	209
පිපාසිත	252
පිපි	874
පිපිඤ්ඤා	245
පිපිරී	392
පිපිරීම	740
පිපිරීමක්	623
පිපිරීමකින්	273
පිපිරීමට	248
පිපිරීම්	763
පිපිරීමෙන්	634
පිපිරුම්	318
පිපිලා	946
පිපී	1154
පිපුණු	924
පිපුන	331
පිපුනා	217
පිපුනු	267
පිපෙන	1354
පිපෙනවා	292
පිපෙන්න	261
පිපෙන්නට	244
පිපෙන්නේ	256
පිපෙනා	202
පිබිදී	198
පිබිදීම	223
පිබිදීමක්	279
පිබිදෙන	401
පිබිදෙමු	296
පිම්ම	428
පිම්මක්	463
පිම්මේ	306
පිඹ	246
පිඹුරුපත්	325
පිය	5554
පියකරු	420
පියකු	322
පියගැට	308
පියතිලක	394
පියතිස්ස	311
පියතුමන්	368
පියතුමා	1348
පියතුමාගේ	217
පියදාස	1037
පියන	444
පියන්	1445
පියමං	330
පියමන්	212
පියඹා	641
පියයුරු	1537
පියරත්න	232
පියල්	978
පියලි	423
පියවර	33000
පියවරක්	4709
පියවරක්ම	222
පියවරකි	322
පියවරට	358
පියවරයන්	974
පියවරයන්ට	203
පියවරු	365
පියවරුන්	388
පියවරෙන්	720
පියවා	762
පියවි	1837
පියවීම	269
පියවීමට	238
පියස	527
පියසටහන්	206
පියසිරි	700
පියසීලි	266
පියසේන	935
පියා	15161
පියාගෙන	1334
පියාගෙන්	520
පියාගේ	3082
පියාට	1724
පියාණන්	1537
පියාණන්ගේ	217
පියාත්	291
පියාද	226
පියානෝ	351
පියාපත්	1013
පියාඹන	762
පියාඹන්න	454
පියාඹලා	205
පියාඹා	317
පියාසර	2059
පියුම්	661
පියුමි	1049
පියෙක්	1389
පියෙකි	490
පියෙකු	1213
පියෙකුගේ	223
පියෝ	259
පිරමීඩ	694
පිරවිය	210
පිරවීම	539
පිරවීමට	473
පිරවුම්	267
පිරවුම්හල්	328
පිරවූ	574
පිරි	6569
පිරිකර	483
පිරික්සා	317
පිරික්සුම්	228
පිරිච්ච	717
පිරිත	914
පිරිතක්	213
පිරිත්	4454
පිරිනමන	1317
පිරිනමනු	639
පිරිනමා	620
පිරිනැමීම	1159
පිරිනැමීමට	613
පිරිනැමීමේ	293
පිරිනැමීය	215
පිරිනැමුණා	211
පිරිනැමුණු	196
පිරිනැමූ	366
පිරිනැමෙන	500
පිරිනැමේ	370
පිරිනිවන්	845
පිරිපහදු	724
පිරිපහදුව	246
පිරිපුන්	1099
පිරිමදිමින්	237
පිරිමසා	346
පිරිමැද	312
පිරිමි	18074
පිරිමින්	2609
පිරිමින්ගේ	784
පිරිමින්ට	1568
පිරිමියකු	262
පිරිමියා	1070
පිරිමියාගේ	233
පිරිමියාට	293
පිරිමියෙක්	1366
පිරිමියෙකු	485
පිරිමියෙකුට	327
පිරියම්	244
පිරිල	752
පිරිලා	2739
පිරිවර	927
පිරිවරා	664
පිරිවරාගෙන	323
පිරිවැටුම	236
පිරිවැය	2208
පිරිවැයක්	516
පිරිවෙන	381
පිරිවෙන්	1139
පිරිවෙනේ	318
පිරිස	20789
පිරිසකගෙන්	371
පිරිසකගේ	1982
පිරිසකට	4701
පිරිසක්	51409
පිරිසක්ද	1131
පිරිසකි	1387
පිරිසකුත්	558
පිරිසගෙන්	241
පිරිසගේ	710
පිරිසට	3569
පිරිසත්	436
පිරිසද	362
පිරිසයි	274
පිරිස්	11410
පිරිස්වලට	289
පිරිසිදු	8586
පිරිසිදුකම	219
පිරිසිදුයි	227
පිරිසිදුව	656
පිරිසිදුවූ	252
පිරිසිඳ	456
පිරිසිඳු	626
පිරිසුදු	906
පිරිසෙන්	696
පිරිසෙයින්	228
පිරිසේ	588
පිරිහිලා	266
පිරිහී	623
පිරිහීම	537
පිරිහීමට	422
පිරිහෙන	258
පිරිහෙමින්	202
පිරී	4246
පිරීම	687
පිරුණ	608
පිරුණා	257
පිරුණු	3826
පිරුන	452
පිරුනු	777
පිරූ	695
පිරෙන	930
පිරෙනවා	439
පිරෙන්න	1197
පිරෙන්නට	329
පිරෙයි	200
පිල	3093
පිලට	1434
පිලපිටිය	735
පිල්	874
පිල්ලි	318
පිල්ලිය	265
පිල්ලෙයාන්	387
පිල්ලේ	827
පිලි	1934
පිලිකා	584
පිලිකුල්	367
පිලිගත	588
පිලිගත්	787
පිලිගන්න	1172
පිලිගන්නවා	1395
පිලිගන්නා	589
පිලිගන්නේ	358
පිලිගනිමි	212
පිලිගනු	201
පිලිගැනීම	546
පිලිගැනීමක්	350
පිලිගැනීමට	520
පිලිගෙන	528
පිලිතුර	1012
පිලිතුරක්	967
පිලිතුරු	9234
පිලිප්	717
පිලිපීන	777
පිලිපීනය	569
පිලිපීනයේ	585
පිලිබද	4513
පිලිබදව	5522
පිලිබඳ	19650
පිලිබඳව	7973
පිලිබිඹු	519
පිලිම	359
පිලියන්දල	325
පිලියමක්	351
පිලියම්	235
පිලියෙල	291
පිලිවෙත	851
පිලිවෙතක්	328
පිලිවෙත්	1152
පිලිවෙල	539
පිලිවෙලකට	313
පිලිවෙලක්	414
පිලිවෙලට	599
පිලිවෙලින්	447
පිලිසකර	236
පිලේ	1863
පිවිතුරු	2394
පිවිස	1426
පිවිසි	1364
පිවිසිය	649
පිවිසියේ	397
පිවිසීම	1227
පිවිසීමට	1053
පිවිසීමෙන්	382
පිවිසීමේ	350
පිවිසුම	1386
පිවිසුම්	1122
පිවිසෙන	1762
පිවිසෙන්න	1721
පිවිසෙන්නට	265
පිවිසෙන්නේ	446
පිස	1350
පිසදා	363
පිස්තෝල	615
පිස්තෝලය	290
පිස්තෝලයක්	621
පිස්සන්	700
පිස්සා	1706
පිස්සු	14561
පිස්සුද	3492
පිස්සුව	1274
පිස්සුවක්	1128
පිස්සුවෙන්	532
පිස්සෙක්	1304
පිස්සො	332
පිස්සෝ	657
පිසින	259
පිසූ	225
පිහ	238
පිහාටු	729
පිහි	1406
පිහිට	4359
පිහිටක්	641
පිහිටට	574
පිහිටන	1055
පිහිටන්නේ	269
පිහිටයි	1712
පිහිටල	347
පිහිටලා	924
පිහිටවනු	262
පිහිටවූ	628
පිහිටා	10972
පිහිටි	26063
පිහිටියේ	514
පිහිටීම	1992
පිහිටීම්	306
පිහිටු	597
පිහිටුම	234
පිහිටුවන	2402
පිහිටුවන්න	374
පිහිටුවනු	659
පිහිටුවමින්	199
පිහිටුවයි	213
පිහිටුවා	5388
පිහිටුවාගෙන	312
පිහිටුවිය	335
පිහිටුවීම	2659
පිහිටුවීමට	2550
පිහිටුවීමෙන්	270
පිහිටුවීමේ	916
පිහිටෙන්	1390
පිහිණුම්	243
පිහිනා	261
පිහිනුම්	1008
පිහිය	809
පිහියක්	687
පිහියකින්	472
පිහියෙන්	1101
පිහුම්	354
පිළ	661
පිළට	291
පිළබඳ	225
පිළි	4449
පිළිකා	4617
පිළිකාව	528
පිළිකාවක්	631
පිළිකුල	237
පිළිකුලක්	262
පිළිකුල්	1499
පිළිකුලෙන්	332
පිළිකෙව්	209
පිළිගත	2846
පිළිගත්	4799
පිළිගත්ත	255
පිළිගත්තා	712
පිළිගත්තේ	602
පිළිගත්තේය	254
පිළිගත්හ	199
පිළිගන්න	3165
පිළිගන්නට	580
පිළිගන්නව	302
පිළිගන්නවා	1999
පිළිගන්නා	2519
පිළිගන්නෙ	254
පිළිගන්නේ	1387
පිළිගන්වන	268
පිළිගන්වනු	259
පිළිගනිති	237
පිළිගනිමි	398
පිළිගනිමින්	360
පිළිගනිමු	731
පිළිගනියි	213
පිළිගනී	502
පිළිගනු	1383
පිළිගැන්වීම	575
පිළිගැන්වීය	314
පිළිගැන්වූ	229
පිළිගැනීම	2647
පිළිගැනීමක්	1470
පිළිගැනීමට	2198
පිළිගැනීමයි	294
පිළිගැනීමෙන්	264
පිළිගැනීමේ	952
පිළිගැනේ	215
පිළිගෙන	2707
පිළිතුර	7158
පිළිතුරක්	4238
පිළිතුරකි	215
පිළිතුරට	203
පිළිතුරු	21421
පිළිනොගන්නා	284
පිළිපදින	380
පිළිපදින්න	239
පිළිපැදිය	427
පිළිපැදීම	236
පිළිබද	17013
පිළිබදව	14465
පිළිබදවත්	321
පිළිබදවද	336
පිළිබදවයි	432
පිළිබඳ	90756
පිළිබඳව	65063
පිළිබඳවත්	1710
පිළිබඳවද	1540
පිළිබඳවය	473
පිළිබඳවයි	1146
පිළිබිඹු	1647
පිළිම	2735
පිළිමය	1238
පිළිමයක්	801
පිළිමයේ	227
පිළිඹඳ	270
පිළිඹිබු	320
පිළියන්දල	1576
පිළියම	235
පිළියමක්	800
පිළියම්	1353
පිළියෙල	2105
පිළියෙළ	704
පිළිරුව	529
පිළිලයක්	205
පිළිවන	452
පිළිවන්	201
පිළිවෙත	1364
පිළිවෙතක්	646
පිළිවෙත්	1557
පිළිවෙල	1364
පිළිවෙලකට	736
පිළිවෙලක්	1128
පිළිවෙලට	1248
පිළිවෙලින්	1140
පිළිවෙළ	636
පිළිවෙළක්	511
පිළිවෙළට	323
පිළිවෙළින්	723
පිළිසකර	999
පිළිසරණ	350
පිළිසරණක්	328
පිළිස්සී	254
පිළිස්සුම්	302
පිළිසිඳ	616
පිළුණු	204
පිළේ	285
පී	22851
පීකුදු	272
පීචං	473
පීටර්	1569
පීඨ	2284
පීඨය	1503
පීඨයක්	218
පීඨයට	607
පීඨයේ	2405
පීඨවල	261
පීඨාධිපති	318
පීඩක	276
පීඩන	1406
පීඩනය	4111
පීඩනයකට	343
පීඩනයක්	1072
පීඩනයට	1096
පීඩනයෙන්	375
පීඩා	3846
පීඩාකාරී	488
පීඩාව	490
පීඩාවක්	521
පීඩාවට	5038
පීඩාවන්	265
පීඩිත	2368
පීඩිතයන්	286
පීතර	500
පීතෘ	257
පීනන්න	469
පීපල්ස්	257
පීර	210
පීරලා	234
පීරා	386
පීරියඩ්	797
පීරිස්	6766
පීරිස්ගේ	444
පීරිසි	227
පීලි	1009
පීස්	430
පීසා	404
පු	2068
පුංච්	257
පුංචා	247
පුංචි	35380
පුංචිම	1145
පුංචියට	237
පුංචියි	243
පුංචිහේවා	235
පුකක්	231
පුකට	593
පුකවල්	237
පුක්	314
පුකෙන්	299
පුකේ	1474
පුච්චලා	313
පුච්චා	223
පුජා	1158
පුජාව	419
පුටින්	1065
පුටු	2865
පුටුව	2021
පුටුවක	807
පුටුවකට	302
පුටුවක්	1097
පුටුවට	844
පුටුවල	299
පුටුවෙ	455
පුටුවෙන්	776
පුටුවේ	1315
පුඩු	279
පුණ්ණ	264
පුත	527
පුතකු	326
පුතණුවන්	239
පුතත්	340
පුතයි	777
පුත්	2911
පුත්තලම	9522
පුත්තලමට	199
පුත්තලමරු	305
පුත්තලම්	383
පුත්තලමේ	435
පුත්තු	929
පුතා	16610
පුතාගෙ	586
පුතාගෙන්	200
පුතාගේ	1629
පුතාට	3097
පුතාටත්	219
පුතාත්	335
පුතාල	531
පුතාලට	216
පුතාලා	819
පුතාව	817
පුතු	3050
පුතුගේ	656
පුතුට	711
පුතුන්	2084
පුතුන්ට	206
පුතුනේ	324
පුතෙක්	1982
පුතෙකු	735
පුතේ	6788
පුතෝ	710
පුද	4578
පුදන	692
පුදන්න	228
පුදන්නට	277
පුදනු	246
පුදබිම	577
පුදබිමේ	367
පුදමි	317
පුද්	258
පුද්ගල	7895
පුද්ගලනාශක	223
පුද්ගලය	215
පුද්ගලයකු	3668
පුද්ගලයකුගේ	541
පුද්ගලයකුට	904
පුද්ගලයට	278
පුද්ගලයන්	16219
පුද්ගලයන්ගෙන්	389
පුද්ගලයන්ගේ	1643
පුද්ගලයන්ට	2294
පුද්ගලයා	16934
පුද්ගලයාගෙන්	383
පුද්ගලයාගේ	3258
පුද්ගලයාට	2618
පුද්ගලයාද	208
පුද්ගලයාය	208
පුද්ගලයාව	281
පුද්ගලයින්	19391
පුද්ගලයින්ගෙන්	330
පුද්ගලයින්ගේ	1413
පුද්ගලයින්ට	1874
පුද්ගලයෙක්	7500
පුද්ගලයෙකි	1310
පුද්ගලයෙකු	13270
පුද්ගලයෙකුගෙන්	282
පුද්ගලයෙකුගේ	1583
පුද්ගලයෙකුට	2667
පුද්ගලයෝ	1065
පුද්ගලික	13909
පුද්ගලිකත්වය	338
පුද්ගලිකව	2015
පුද්ගලිකවම	228
පුද්ගලීකරනය	219
පුදා	1582
පුදුකුඩිඉරිප්පු	313
පුදුම	16145
පුදුමත්	269
පුදුමය	756
පුදුමයකට	254
පුදුමයක්	2089
පුදුමයකි	379
පුදුමයට	1640
පුදුමයි	2667
පුදුමයෙන්	524
පුදුමාකාර	2197
පුදුමාකාරයි	263
පුදුමෙ	266
පුදුමෙන්	215
පුදුමේ	498
පුන	940
පුනර්ජනනීය	1453
පුනර්ජීවනය	253
පුනර්භවය	314
පුනරාගමනය	245
පුනරාවර්තන	650
පුනරුත්තාපනය	217
පුනරුත්ථාපන	1201
පුනරුත්ථාපනය	1579
පුනරුත්පත්තිය	248
පුනරුද	331
පුනරුදය	336
පුන්	1625
පුන්චි	1638
පුන්නක්කු	200
පුන්සඳ	230
පුනා	824
පුපුර	209
පුපුරණ	1326
පුපුරන	786
පුපුරන්න	218
පුපුරලා	267
පුපුරවා	316
පුපුරා	2542
පුපුරු	416
පුපුරුවා	607
පුඵවන්	311
පුබුදු	1408
පුම්බා	221
පුර	4862
පුරණය	382
පුරන	588
පුරන්	744
පුරපති	220
පුරප්පාඩු	2053
පුරප්පාඩුව	314
පුරම	262
පුරය	558
පුරයක්	209
පුරයට	245
පුරයේ	262
පුරලා	256
පුරව	242
පුරවගෙන	377
පුරවන	661
පුරවන්න	1174
පුරවන්නට	256
පුරවපු	242
පුරවර	282
පුරවරය	280
පුරවරයේ	291
පුරවල	371
පුරවලා	693
පුරවා	2547
පුරවාගෙන	423
පුරවැසි	2768
පුරවැසිකම	314
පුරවැසිභාවය	1392
පුරවැසියකු	359
පුරවැසියන්	2636
පුරවැසියන්ගේ	586
පුරවැසියන්ට	880
පුරවැසියා	552
පුරවැසියෙක්	549
පුරවැසියෙකු	451
පුරවැසියෝ	269
පුරස්න	302
පුරස්නයක්	240
පුරසාරම්	537
පුරහඳ	295
පුරහල	226
පුර්ණ	1128
පුර්ව	745
පුරා	45239
පුරාගෙන	226
පුරාජේරු	211
පුරාණ	4168
පුරාණය	290
පුරාණයේ	387
පුරාතන	833
පුරාන	239
පුරාම	8128
පුරාවට	3317
පුරාවටම	2035
පුරාවස්තු	912
පුරාවෘත්ත	232
පුරු	502
පුරුක	503
පුරුකක්	203
පුරුක්	421
පුරුද්ද	1780
පුරුද්දක්	2715
පුරුද්දට	1105
පුරුදු	16345
පුරුදුයි	504
පුරුදුව	687
පුරුදුවෙලා	318
පුරුපුරු	1051
පුරුපුරුට	406
පුරුශ	258
පුරුෂ	4488
පුරුෂයකු	268
පුරුෂයන්	839
පුරුෂයන්ට	216
පුරුෂයා	1766
පුරුෂයාගේ	384
පුරුෂයාට	341
පුරුෂයින්	255
පුරුෂයෙක්	774
පුරුෂයෙකු	273
පුරුෂයෝ	313
පුරේ	390
පුරෝකථනය	473
පුරෝගාමියා	315
පුරෝගාමී	909
පුරෝගෙන	428
පුරෝලා	254
පුරෝහිත	259
පුල	343
පුලතිසි	228
පුලස්ති	293
පුල්	658
පුල්මුඩේ	216
පුල්ලි	409
පුලා	442
පුලු	282
පුලුන්	226
පුලුල්	2829
පුලුල්ව	241
පුලුවං	1471
පුලුවන	1186
පුලුවන්	52351
පුලුවන්ද	5580
පුලුවන්නම්	2489
පුලුවන්නෙ	562
පුලුවන්නේ	574
පුලුවන්ය	216
පුලුවනි	1720
පුලූල්	238
පුලූවන්	711
පුවක්	1638
පුවත	4150
පුවතක්	3737
පුවතකි	263
පුවතට	734
පුවත්	25855
පුවත්අති	345
පුවත්පත	4781
පුවත්පතක	897
පුවත්පතකට	530
පුවත්පතක්	864
පුවත්පතට	1468
පුවත්පත්	7862
පුවත්පත්වල	900
පුවත්පත්වලට	248
පුවත්පතෙන්	532
පුවත්පතෙහි	329
පුවත්පතේ	3104
පුවත්යොමුව	358
පුවතින්	217
පුවතේ	229
පුවරු	1914
පුවරුව	1484
පුවරුවක්	536
පුවරුවේ	594
පුෂ්ප	648
පුෂ්පය	315
පුෂ්පා	405
පුෂ්පෝපහාර	364
පුස්	1242
පුස්කොල	298
පුස්කොළ	508
පුස්තක	507
පුස්තකය	269
පුස්තකාල	1938
පුස්තකාලය	1109
පුස්තකාලයක්	298
පුස්තකාලයට	352
පුස්තකාලයේ	477
පුස්සක්	283
පුසා	356
පුහ්	379
පුහු	1036
පුහුණු	15655
පුහුණුකරු	1438
පුහුණුකරුවන්	487
පුහුණුව	5883
පුහුණුවක්	2315
පුහුණුවට	631
පුහුණුවීම්	1368
පුහුණුවෙන්	351
පුහුදුන්	393
පුහුනු	487
පුහුනුව	274
පුහුල්	334
පුළු	329
පුළුන්	653
පුළුල්	10586
පුළුල්ව	559
පුළුවං	1514
පුළුවන	3997
පුළුවන්	98837
පුළුවන්කම	867
පුළුවන්කමක්	588
පුළුවන්ද	4486
පුළුවන්නම්	1561
පුළුවන්නෙ	455
පුළුවන්නේ	1131
පුළුවන්ය	618
පුළුවනි	2961
පුළුස්සා	753
පූ	2804
පූගොඩ	241
පූජ	222
පූජක	729
පූජකයන්	276
පූජකවරුන්	390
පූජනීය	1958
පූජා	10090
පූජාව	2643
පූජාවක්	1180
පූජාවට	632
පූජාවන්	379
පූජාවලිය	214
පූජාවෙන්	280
පූජිත	994
පූජිත්	1046
පූජෝත්සවය	407
පූට්ටු	294
පූනේ	199
පූර්ණ	7936
පූර්ණකාලීන	197
පූර්ණය	398
පූර්න	745
පූර්ව	6779
පූර්වක	197
පූර්වකව	249
පූර්වයෙන්	258
පූර්වාදර්ශයක්	315
පූර්විකාව	284
පූල්	451
පූසන්	201
පූසන්ට	276
පූස්	1277
පූසා	2154
පූසාට	214
පූසෙක්	533
පූසො	645
පූසෝ	519
පූළුවන්	323
පෘතග්ජන	389
පෘතුගාල	201
පෘතුගාලය	257
පෘතුගාලයේ	198
පෘතුගීසි	1214
පෘතුගීසින්	272
පෘතුගීසීන්	468
පෘතුවි	377
පෘතුවිය	609
පෘතුවියට	211
පෘතුවියේ	414
පෘථග්ජන	301
පෘථිවි	2328
පෘථිවිය	2451
පෘථිවියට	934
පෘථිවියෙහි	204
පෘථිවියේ	1575
පෘථුල	270
පෘෂ්ඨය	343
පෙ	17242
පෙට්ටගම	231
පෙට්ටි	2742
පෙට්ටිය	2429
පෙට්ටියක	519
පෙට්ටියක්	1149
පෙට්ටියට	609
පෙට්ටියෙන්	302
පෙට්ටියේ	850
පෙඩරල්	487
පෙණ	584
පෙත	339
පෙත්	380
පෙත්ත	663
පෙත්තක්	701
පෙත්සම	3496
පෙත්සමක්	2190
පෙත්සමට	308
පෙත්සම්	2415
පෙත්සම්කරු	537
පෙත්සම්කරුවන්	374
පෙත්සම්කාර	289
පෙත්සමෙන්	323
පෙත්සමේ	545
පෙති	5435
පෙදෙස	1325
පෙදෙසක	385
පෙදෙසක්	263
පෙදෙසට	298
පෙදෙස්	814
පෙදෙස්වල	337
පෙදෙසේ	861
පෙන	531
පෙනවා	199
පෙනහලු	232
පෙනහළු	608
පෙන්	1391
පෙන්ටගනය	344
පෙන්ටගනයේ	207
පෙන්න	1306
පෙන්නගෙන	215
පෙන්නන	1901
පෙන්නනව	326
පෙන්නනවා	1190
පෙන්නන්න	4632
පෙන්නන්නට	250
පෙන්නන්නෙ	554
පෙන්නන්නේ	840
පෙන්නපු	865
පෙන්නයි	258
පෙන්නල	1224
පෙන්නලා	2812
පෙන්නා	1089
පෙන්නුම්	8953
පෙන්නුව	523
පෙන්නුවට	238
පෙන්නුවත්	233
පෙන්නුවා	1896
පෙන්නුවෙ	384
පෙන්නුවේ	756
පෙන්නුවොත්	224
පෙන්නෙ	266
පෙන්නේ	1433
පෙන්වන	4883
පෙන්වනවා	1013
පෙන්වන්න	3646
පෙන්වන්නට	748
පෙන්වන්නදැන්විම්	465
පෙන්වන්නපළ	6542
පෙන්වන්නමිල	329
පෙන්වන්නසියලු	456
පෙන්වන්නෙ	241
පෙන්වන්නේ	1530
පෙන්වනු	432
පෙන්වමින්	1464
පෙන්වයි	1745
පෙන්වලා	536
පෙන්වා	30171
පෙන්වාදිය	221
පෙන්වාදී	578
පෙන්වාදුන්	281
පෙන්වාදෙන	265
පෙන්වාදෙන්නේ	285
පෙන්වාදෙයි	226
පෙන්විය	904
පෙන්වීම	2515
පෙන්වීමක්	415
පෙන්වීමට	1957
පෙන්වීමෙන්	232
පෙන්වීමේ	266
පෙන්වීය	321
පෙන්වූ	1220
පෙන්වූයේ	210
පෙන්ෂන්	248
පෙනි	1364
පෙනිණි	302
පෙනිලා	278
පෙනී	26478
පෙනීම	1028
පෙනීයන්නේ	212
පෙනීයයි	259
පෙනීසිටි	229
පෙනීසිටින	229
පෙනුණා	426
පෙනුණි	367
පෙනුණු	287
පෙනුණේ	350
පෙනුන	776
පෙනුනට	429
පෙනුනත්	531
පෙනුනද	230
පෙනුනා	1316
පෙනුනි	386
පෙනුනු	248
පෙනුනෙ	582
පෙනුනේ	1377
පෙනුම	2325
පෙනුමක්	1585
පෙනුමට	387
පෙනුමැති	283
පෙනුමෙන්	572
පෙනෙන	10382
පෙනෙනවා	2015
පෙනෙන්ට	277
පෙනෙන්න	791
පෙනෙන්නට	3974
පෙනෙන්නෙ	574
පෙනෙන්නේ	4014
පෙනෙනා	332
පෙනෙනු	300
පෙනෙයි	2137
පෙනේ	8233
පෙනේවි	595
පෙබ	862
පෙබරවාරි	13867
පෙබරවාරියේ	305
පෙබරවාරී	250
පෙම	1964
පෙමක්	286
පෙමට	272
පෙම්	10829
පෙම්බර	493
පෙම්වත	205
පෙම්වතා	3202
පෙම්වතාගේ	457
පෙම්වතාට	455
පෙම්වතිය	3095
පෙම්වතියක්	609
පෙම්වතියගේ	548
පෙම්වතියට	583
පෙම්වතියන්	310
පෙම්වතුන්	1684
පෙම්වතුන්ගේ	358
පෙම්වතුන්ට	250
පෙම්වතෙක්	519
පෙමින්	811
පෙර	88852
පෙරකී	321
පෙරගෙවුම්	223
පෙරට	2623
පෙරටත්	230
පෙරටු	673
පෙරටුගාමී	2272
පෙරත්	768
පෙරද	935
පෙරදා	788
පෙරදැරි	509
පෙරදැරිව	431
පෙරදිග	4216
පෙරදිගට	215
පෙරදින	378
පෙරදී	490
පෙරන	299
පෙරනිමිති	265
පෙරම	414
පෙරමග	226
පෙරමුණ	11606
පෙරමුණක්	396
පෙරමුණට	1707
පෙරමුණු	1273
පෙරමුණෙන්	588
පෙරමුණේ	11462
පෙරමුන	767
පෙරමුනු	217
පෙරමුනේ	566
පෙරය	570
පෙරයි	403
පෙරල	245
පෙරලගෙන	356
පෙරලන	203
පෙරලන්න	523
පෙරලලා	283
පෙරලා	2539
පෙරලි	819
පෙරලිය	221
පෙරලියක්	290
පෙරලිලා	254
පෙරලී	1794
පෙරලෙන	230
පෙරවදන	409
පෙරවදනක්	279
පෙරවරු	32581
පෙරවරුවේ	10513
පෙරහන්	240
පෙරහර	2761
පෙරහරට	260
පෙරහරේ	418
පෙරහැර	3925
පෙරහැරක්	252
පෙරහැරට	330
පෙරහැරේ	677
පෙරහුරු	302
පෙරහුරුවක්	213
පෙරළන්න	264
පෙරළා	1816
පෙරළි	562
පෙරළිකාර	298
පෙරළිය	532
පෙරළියක්	515
පෙරළී	870
පෙරළීම	207
පෙරළීමෙන්	329
පෙරළෙන	229
පෙරා	599
පෙරාගෙන	688
පෙරාතුව	1214
පෙරැත්ත	216
පෙරී	323
පෙරුම්	1608
පෙරුමාල්	238
පෙරේත	714
පෙරේද	484
පෙරේදා	6286
පෙරේරා	18140
පෙරේරාගේ	888
පෙරේරාට	466
පෙල	4255
පෙලක්	1377
පෙලට	712
පෙලන	213
පෙලපාලි	681
පෙලා	221
පෙලින්	246
පෙලෙන	1072
පෙලේ	2013
පෙවූ	322
පෙසප	308
පෙහෙළි	469
පෙළ	20688
පෙළක	262
පෙළක්	2487
පෙළගැස්ම	380
පෙළට	1430
පෙළන	280
පෙළපත	277
පෙළපාලි	1051
පෙළපාලිය	671
පෙළපාලියක්	308
පෙළපාලියට	201
පෙළපාලියේ	214
පෙළපොත්	242
පෙළඹවීම	393
පෙළඹවීමක්	229
පෙළඹී	374
පෙළඹීම	239
පෙළඹෙන	289
පෙළඹෙනවා	247
පෙළඹෙන්නේ	311
පෙළහර	474
පෙළින්	421
පෙළුණු	258
පෙළෙන	1643
පෙළෙහි	288
පෙළේ	2965
පේ	903
පේජ්	1177
පේටන්ට්	844
පේදුරු	566
පේදුරුතුඩුව	514
පේන	5692
පේනව	1699
පේනවද	510
පේනවනෙ	272
පේනවනේ	634
පේනවා	7343
පේන්ට්	348
පේන්න	5538
පේන්නෙ	3498
පේන්නෙත්	278
පේන්නේ	4179
පේපර්	1125
පේපැල්	325
පේමන්ට්	443
පේර	935
පේරා	414
පේරාදෙණි	376
පේරාදෙණිය	4302
පේරාදෙණියේ	686
පේරාදෙනිය	802
පේරාදෙනියේ	237
පේරු	508
පේලි	1422
පේලිය	737
පේලියක්	343
පේලියට	470
පේලියේ	639
පේශි	282
පේෂ	200
පේෂල	396
පේස්ට්	858
පේළි	802
පේළිය	369
පේළියේ	312
පො	3009
පොකට්	742
පොකුණ	2290
පොකුණක්	216
පොකුණට	262
පොකුණු	612
පොකුණේ	304
පොකුර	304
පොකුරක්	385
පොකුරු	1472
පොජ්ජ	302
පොට	877
පොටක්	481
පොටර්	304
පොට්	1093
පොට්ට	258
පොට්ටු	240
පොටෑසියම්	321
පොටේ	310
පොටෝ	3924
පොඩ්	460
පොඩ්ඩ	1665
පොඩ්ඩකට	343
පොඩ්ඩක්	20515
පොඩ්ඩක්වත්	697
පොඩ්ඩයි	286
පොඩ්ඩා	595
පොඩ්ඩි	2139
පොඩ්ඩිගේ	231
පොඩ්ඩිට	334
පොඩ්ඩෙන්	1066
පොඩ්ඩෝ	307
පොඩි	78187
පොඩිකාලෙ	463
පොඩිකාලේ	536
පොඩිම	616
පොඩියක්	304
පොඩියට	839
පොඩියි	548
පොඩී	356
පොත	19614
පොතක	1783
පොතකට	317
පොතක්	10969
පොතකි	214
පොතකින්	746
පොතකුත්	224
පොතට	2377
පොතත්	624
පොතපත	434
පොතයි	397
පොත්	33819
පොත්ත	770
පොත්පත්	1311
පොත්වල	1150
පොත්වලට	217
පොත්වලින්	231
පොතින්	253
පොතු	1234
පොතුත්	219
පොතුවිල්	1452
පොතුහැර	234
පොතෙත්	206
පොතෙන්	1759
පොතෙහි	837
පොතේ	11197
පොද	1451
පොදක්	1061
පොදි	1274
පොදු	33121
පොදුජන	4882
පොදුය	235
පොදුයි	723
පොදුවේ	3862
පොන්	253
පොන්න	722
පොන්නම්බලම්	423
පොන්නයෙක්	246
පොන්නයෝ	292
පොන්සේකා	459
පොප්	898
පොපි	234
පොම්ප	935
පොයින්ට්	1295
පොර	11546
පොරකන	274
පොරක්	5176
පොරගෙ	465
පොරගේ	612
පොරට	1587
පොරත්	472
පොරය	244
පොරව	548
පොරවල්	2377
පොරවා	456
පොරවාගෙන	250
පොර්ට්	228
පොරි	314
පොරොත්තු	780
පොරොන්දම	313
පොරොන්දම්	622
පොරොන්දු	9240
පොරොන්දුව	2065
පොරොන්දුවක්	1373
පොරෝ	395
පොල	1155
පොලක්	332
පොලට	800
පොලව	1090
පොලවට	523
පොලවෙ	223
පොලවේ	731
පොල්	16108
පොල්කටු	340
පොල්ගහවෙල	745
පොල්ගොල්ල	256
පොල්තෙල්	899
පොල්පිතිගම	349
පොල්පොට්	208
පොල්ල	1270
පොල්ලක්	696
පොල්ලකින්	405
පොල්ලෙන්	418
පොල්ලේ	216
පොලා	252
පොලි	357
පොලිටිකල්	388
පොලිටික්ස්	360
පොලිතින්	981
පොලිතීන්	537
පොලිය	1084
පොලියක්	315
පොලියට	638
පොලිෂ්	634
පොලිස්	80381
පොලිස්පති	6572
පොලිස්පතිට	434
පොලිස්පතිවරයා	2293
පොලිස්පතිවරයාගේ	566
පොලිස්පතිවරයාට	800
පොලිස්පතිවරුන්	224
පොලිසි	767
පොලිසිය	31315
පොලිසියක්	241
පොලිසියට	9942
පොලිසියත්	226
පොලිසියයි	509
පොලිසියෙ	341
පොලිසියෙන්	2176
පොලිසියේ	5988
පොලිසීය	248
පොලී	2937
පොලීසි	394
පොලීසිය	35417
පොලීසියක්	218
පොලීසියට	7026
පොලීසියෙ	223
පොලීසියෙන්	1383
පොලීසියේ	4062
පොලු	2033
පොලූ	236
පොලෙන්	200
පොලේ	1704
පොලොන්නරු	325
පොලොන්නරුව	2538
පොලොන්නරුවේ	329
පොලොව	996
පොලොවට	312
පොලොවෙ	210
පොලොවේ	433
පොලොස්	529
පොලෝ	214
පොවන	561
පොවන්න	325
පොවන්නේ	214
පොවලා	197
පොවා	609
පොශ්	316
පොෂ්	911
පොස්ටර්	216
පොස්ට්	9397
පොස්ටුව	404
පොස්ටුවක්	305
පොස්පේට්	224
පොසිටිව්	257
පොසිල	693
පොසොන්	2486
පොහොට්ටු	243
පොහොට්ටුව	287
පොහොය	2383
පොහොර	5501
පොහොසත්	2376
පොහෝ	1881
පොළ	2620
පොළක්	345
පොළට	1027
පොළඹවන	358
පොළඹවා	293
පොළව	2192
පොළවට	886
පොළවල්	269
පොළවෙ	281
පොළවේ	1038
පොළිය	396
පොළියට	213
පොළී	569
පොළු	210
පොළේ	950
පොළොන්නරු	696
පොළොන්නරුව	5211
පොළොන්නරුවට	272
පොළොන්නරුවේ	997
පොළොව	3089
පොළොවට	1206
පොළොවෙ	277
පොළොවෙන්	272
පොළොවෙහි	241
පොළොවේ	1750
පොළෝ	256
පෝ	692
පෝං	250
පෝක්	244
පෝච්චි	329
පෝට්	691
පෝතක	207
පෝද්දල	404
පෝදා	509
පෝන්	1044
පෝය	3457
පෝයට	764
පෝර	660
පෝරමය	225
පෝර්ට්	337
පෝරුව	356
පෝලන්ත	468
පෝලන්තය	335
පෝලන්තයේ	277
පෝල්	1421
පෝලිම	560
පෝලිමක්	404
පෝලිමට	568
පෝලිම්	891
පෝලිමේ	1678
පෝලියෝ	439
පෝෂක	884
පෝෂණ	2025
පෝෂණය	4253
පෝෂනය	287
පෝෂිත	368
පෝසත්	653
පෝස්ටරය	244
පෝස්ටරයක්	335
පෝස්ටර්	2755
පෝස්ට්	26078
පෝස්ටු	313
පෝස්ටුව	1147
පෝස්ටුවක්	756
පෝස්ටුවට	231
පෝස්ටුවේ	261
පෞද්ගලික	29040
පෞද්ගලිකත්වය	591
පෞද්ගලිකව	2297
පෞද්ගලිකවම	375
පෞද්ගලීකරණය	494
පෞරාණික	1186
පෞරුෂ	426
පෞරුෂය	668
පෞරුෂයක්	351
ඵක	598
ඵකක්	271
ඵම	226
ඵය	257
ඵල	4735
ඵලකය	437
ඵලක්	659
ඵලදායි	790
ඵලදායිතා	366
ඵලදායිතාව	328
ඵලදායී	1515
ඵලදාව	291
ඵලය	1610
ඵලයක්	707
ඵලයට	390
ඵ්	910
ඵ්ක	203
ඵෙතිහාසික	463
බ	3112
බං	37026
බංකර්	310
බංකු	519
බංකුව	458
බංකුවක	279
බංකුවක්	301
බංකුවේ	335
බංකොලොත්	1315
බංකොළොත්	293
බංගලා	242
බංගලාදේශ	294
බංගලාදේශය	388
බංගලාදේශයේ	269
බංගලාව	388
බංග්ලාදේශ	1565
බංග්ලාදේශය	1316
බංග්ලාදේශයට	240
බංග්ලාදේශයේ	842
බංඩාර	309
බක	822
බකට්	774
බකමූණ	241
බකස්	220
බක්	1266
බක්මහ	910
බගවන්තලාව	685
බග්	287
බච්චන්	318
බජට්	695
බජාජ්	245
බජාර්	370
බට	2716
බටගොඩ	211
බටන්	426
බටපොල	257
බටය	285
බටයක්	395
බටර්	1176
බටලන්ද	225
බටහිර	31193
බටහිරට	1155
බටහිරයන්	1414
බටහිරයන්ගේ	653
බටහිරයන්ට	629
බටහිරයෝ	349
බටහිරින්	787
බට්	457
බට්ටා	423
බට්ටි	1025
බට්න්	444
බටු	562
බටුවංගල	378
බටේ	402
බඩ	9909
බඩඉරිඟු	289
බඩගින්න	701
බඩගින්නට	270
බඩගින්නෙ	330
බඩගින්නේ	945
බඩගිනි	951
බඩගිනියි	325
බඩට	1342
බඩත්	265
බඩවල්	277
බඩවැල්	382
බඩා	842
බඩු	15321
බඩුත්	553
බඩුම	670
බඩුමිල	215
බඩුරු	262
බඩුව	543
බඩුවක්	1363
බඩේ	1977
බණ	6466
බණක්	490
බණට	227
බණ්ඩක්කා	256
බණ්ඩා	1138
බණ්ඩාර	10255
බණ්ඩාරගම	1104
බණ්ඩාරගේ	393
බණ්ඩාරට	236
බණ්ඩාරණායක	589
බණ්ඩාරනායක	8152
බණ්ඩාරනායකගේ	239
බණ්ඩාරනායකට	219
බණ්ඩාරවෙල	2163
බණින	206
බත	1128
බතක්	374
බතට	217
බතල	642
බත්	13487
බත්තරමුල්ල	1982
බත්තරමුල්ලේ	546
බත්තලංගුණ්ඩුව	221
බතික්	222
බතී	265
බතුයි	437
බද	510
බදවා	1149
බද්ද	3300
බද්දක්	1134
බද්දට	711
බද්දෙන්	317
බද්දේගම	1149
බද්ධ	2858
බද්ධය	201
බදා	1263
බදාගෙන	1704
බදාදා	5227
බදාම	306
බදින	645
බදින්න	909
බදියුදීන්	1053
බදු	19938
බදුන්	520
බදුරලිය	314
බදුර්දීන්	262
බදුල්ල	7946
බදුල්ලට	332
බදුල්ලෙන්	205
බදුල්ලේ	876
බදුලු	579
බදුවලින්	196
බන	1021
බන්	18492
බන්ඩා	242
බන්ඩාර	307
බන්ඩාරනායක	392
බන්දනාගාර	274
බන්දලා	217
බන්දු	759
බන්දුල	4577
බන්ධන	1270
බන්ධනය	604
බන්ධනාගාර	12494
බන්ධනාගාරගත	2749
බන්ධනාගාරගතව	548
බන්ධනාගාරය	1171
බන්ධනාගාරයට	982
බන්ධනාගාරයෙන්	314
බන්ධනාගාරයේ	2089
බන්ධනාගාරවල	241
බන්ධුල	400
බනින	1496
බනිනව	284
බනිනවා	1505
බනින්න	1622
බනින්නෙ	320
බනින්නේ	636
බනියා	544
බනිස්	1718
බනී	394
බඳ	998
බඳවා	5178
බඳවාගත්	240
බඳවාගෙන	308
බඳින	1801
බඳිනවා	466
බඳින්න	2211
බඳින්නෙ	213
බඳින්නේ	434
බඳිනු	255
බඳු	2688
බඳුන	514
බඳුනක්	277
බඳුන්	2271
බඳුය	358
බබලන	278
බබළන	267
බබ්බු	291
බබා	5038
බබාගේ	386
බබාට	643
බබාල	283
බබාලා	814
බබාව	288
බබෙක්	849
බබෝ	335
බමන	227
බමර	205
බම්ප්	439
බම්බලපිටිය	997
බම්බලපිටියේ	403
බම්බු	409
බම්බුව	318
බමුණ	281
බමුණන්	434
බමුණා	592
බමුණු	1007
බමුණෝ	498
බඹ	370
බඹර	1493
බඹරා	239
බඹරු	716
බඹරුන්	364
බඹසර	393
බඹුන්	229
බය	17975
බයක්	1925
බයට	1153
බයටම	235
බයත්	458
බයද	326
බයයි	4061
බයවෙන්න	885
බයවෙලා	826
බයාදු	218
බයානක	238
බයි	1082
බයික්	4411
බයිට්	3176
බයිපාස්	210
බයිබලය	1604
බයිබලයට	229
බයිබලයේ	1196
බයිබල්	433
බයියන්	355
බයියා	306
බයියෙක්	234
බයියෝ	325
බයිල	606
බයිලා	2330
බයිස්කෝප්	3648
බයිසිකලය	816
බයිසිකලයක්	623
බයිසිකලයේ	259
බයිසිකල්	2443
බයිසිකලෙන්	254
බයිසිකලේ	1587
බයෙන්	1597
බයේ	2118
බයෝ	573
බර	19018
බරක්	3866
බරකින්	293
බරට	827
බරටම	301
බරණැස	224
බරණැස්	390
බරත්	249
බරපතල	13483
බරපතලකම	294
බරපතලම	335
බරපතලයි	405
බරපතළ	4598
බරයි	732
බරව	474
බරවාහන	1796
බරසාර	311
බර්ගර්	612
බර්ටි	602
බර්ත්	482
බර්ත්ඩේ	343
බර්නාඩ්	399
බර්මියුඩා	210
බර්ලින්	699
බරැති	469
බරි	460
බරිත	270
බරින්	999
බරෙන්	219
බරේ	237
බල	30873
බලං	3571
බලංගොඩ	1915
බලකර	311
බලකරමින්	685
බලකා	1433
බලකාය	4383
බලකායක්	501
බලකායට	612
බලකායන්	209
බලකායෙන්	200
බලකායේ	4290
බලකිරීම	221
බලකොටු	282
බලකොටුව	581
බලකොටුවක්	224
බලගතු	1620
බලගෙන	287
බලතල	6975
බලති	281
බලද්දි	2840
බලද්දී	2160
බලධාරින්	826
බලධාරියා	310
බලධාරී	287
බලධාරීන්	5558
බලධාරීන්ගෙන්	420
බලධාරීන්ගේ	808
බලධාරීන්ට	1119
බලධාරීහු	526
බලන	19320
බලනකොට	3643
බලනව	1623
බලනවද	437
බලනවා	6681
බලනවිට	340
බලන්	12540
බලන්ගොඩ	397
බලන්ට	1956
බලන්ඩ	1931
බලන්ඩකෝ	206
බලන්න	81578
බලන්නං	200
බලන්නකො	2372
බලන්නකෝ	4972
බලන්නට	3930
බලන්නත්	1246
බලන්නද	348
බලන්නම	531
බලන්නම්	1581
බලන්නයි	381
බලන්නවත්	388
බලන්නෙ	2676
බලන්නෙත්	294
බලන්නේ	5793
බලනා	353
බලනු	1187
බලපං	1240
බලපත්	686
බලපන්	2769
බලපන්කො	246
බලපල්ලා	288
බලපා	2080
බලපාන	4606
බලපානවා	1170
බලපාන්න	248
බලපාන්නේ	915
බලපානු	654
බලපායි	719
බලපැම්	247
බලපැවැත්වෙන	666
බලපෑ	1875
බලපෑම	6270
බලපෑමකට	233
බලපෑමක්	6088
බලපෑමට	1043
බලපෑම්	10977
බලපෑම්වලට	338
බලපෑමෙන්	529
බලපෑවා	366
බලපෑවේ	380
බලපෑවේය	238
බලපිටිය	1046
බලපු	4513
බලපුවම	272
බලපුවහම	205
බලපුවාම	438
බලපොරොත්තු	459
බලමණ්ඩලය	504
බලමණ්ඩලයේ	280
බලමි	595
බලමින්	3492
බලමිනි	230
බලමු	13421
බලමුකො	921
බලමුකෝ	1716
බලමුද	639
බලමුලු	599
බලය	35016
බලයක්	5824
බලයකින්	301
බලයට	8909
බලයත්	378
බලයද	248
බලයන්	553
බලයයි	211
බලයලත්	494
බලයි	1826
බලයෙන්	4043
බලයේ	2446
බලරහිත	198
බලල	7747
බලලත්	273
බලලම	979
බලලා	11574
බලලාම	214
බලව	376
බලවත්	8801
බලවත්ම	505
බලවත්ව	306
බලවතා	662
බලවතුන්	1689
බලවතුන්ගේ	567
බලවතුන්ට	233
බලවතෙකු	201
බලවේග	5337
බලවේගය	3427
බලවේගයකට	216
බලවේගයක්	1396
බලවේගයට	211
බලවේගයන්	555
බලවේගයන්ගේ	227
බලවේගයන්ට	211
බලවේගයේ	596
බලවේගවල	472
බලවේගවලට	422
බලශක්ති	5043
බලශක්තිය	842
බලසම්පන්න	552
බලසේනා	359
බලසේනාවේ	350
බලහං	679
බලහත්කාරය	307
බලහත්කාරයෙන්	3229
බලහත්කාරී	201
බලහන්	589
බල්ටි	240
බල්බ	608
බල්බය	201
බල්බ්	826
බල්ල	536
බල්ලට	1086
බල්ලන්	1883
බල්ලන්ගේ	257
බල්ලන්ට	1046
බල්ලා	3417
බල්ලාගේ	407
බල්ලාට	462
බල්ලෙක්	2228
බල්ලෙකු	264
බල්ලෙකුට	205
බල්ලො	1734
බල්ලොත්	372
බල්ලෝ	2144
බලා	54176
බලාගත	511
බලාගත්	297
බලාගත්ත	268
බලාගත්තා	285
බලාගන	478
බලාගන්න	4801
බලාගන්නම්	280
බලාගන්නවා	229
බලාගමු	199
බලාගාර	1460
බලාගාරය	1338
බලාගාරයක්	380
බලාගාරයේ	792
බලාගැනීමට	226
බලාගෙන	21360
බලාගෙනම	496
බලාගෙනයි	524
බලාත්මක	1145
බලාන	1578
බලාපං	297
බලාපන්	223
බලාපොරොත්තු	30433
බලාපොරොත්තුව	3413
බලාපොරොත්තුවක්	2504
බලාපොරොත්තුවන	683
බලාපොරොත්තුවයි	280
බලාපොරොත්තුවෙන්	3138
බලාපොරොත්තුවේ	303
බලාසිටි	264
බලැති	435
බලි	771
බලු	5639
බලූ	263
බලෙන්	4633
බලෙන්ම	736
බලේ	852
බව	469031
බවක්	14748
බවක්ද	329
බවකි	1720
බවකින්	536
බවකුත්	266
බවට	114351
බවටත්	3281
බවටද	2083
බවටයි	6444
බවත්	79075
බවත්ය	3045
බවද	27284
බවනම්	456
බවය	11210
බවයි	168719
බවලත්	226
බවවත්	262
බව්	299
බවින්	1501
බවු	247
බවුන්	327
බවුසර්	435
බවෙන්	369
බවේ	806
බෂාර්	223
බස	3426
බසක්	432
බසකින්	244
බසට	811
බසය	923
බසයක	268
බසයක්	385
බසයට	544
බසයෙන්	558
බසයේ	834
බස්	54311
බස්නායක	1245
බස්නාහිර	11409
බස්රථ	890
බස්රු	2611
බස්වල	735
බස්සන්න	282
බස්සලා	290
බස්සවා	241
බස්සා	765
බස්සි	652
බස්සිගේ	267
බසිති	248
බසින	1189
බසින්	3176
බසින්නට	299
බසිමින්	237
බසියි	200
බසී	672
බහ	3429
බහක	310
බහක්	775
බහට	1196
බහරේන්	324
බහා	1040
බහාලුම්	404
බහාලූම්	208
බහින	1939
බහිනකොට	330
බහිනව	295
බහිනවා	1051
බහින්	493
බහින්න	2375
බහින්නෙ	321
බහින්නේ	540
බහින්බස්	252
බහින්බස්වීමක්	261
බහිමු	684
බහිරව	236
බහු	4020
බහුකාර්ය	428
බහුජන	508
බහුජාතික	739
බහුතර	4372
බහුතරය	4643
බහුතරයක	237
බහුතරයකගේ	557
බහුතරයකට	764
බහුතරයක්	7087
බහුතරයට	260
බහුතරයේ	411
බහුදින	434
බහුබූත	325
බහුල	4455
බහුලත්වය	263
බහුලය	299
බහුලයි	434
බහුලව	3190
බහුලවම	403
බහුවිධ	543
බළ	235
බළකා	418
බළකාය	894
බළකායේ	891
බළන්ගොඩ	970
බළල්	914
බළල්ලු	232
බළලා	601
බළලුන්	288
බ්රසල්ස්	339
බ්රේක්	505
බ්ලඩ්	218
බ්ලවුස්	247
බ්ලා	715
බ්ලාස්ට්	213
බ්ලැක්	1110
බ්ලු	200
බ්ලූ	668
බ්ලූටූත්	252
බ්ලූමැන්ඩල්	340
බ්ලේක්	362
බ්ලේඩ්	243
බ්ලොක්	1597
බ්ලොග	727
බ්ලොගක්	435
බ්ලොගය	2117
බ්ලොගයක්	565
බ්ලොගයට	913
බ්ලොගයේ	1383
බ්ලොගර්	1318
බ්ලොග්	94915
බ්ලොග්කරණ	468
බ්ලොග්කරණය	619
බ්ලොග්කරණයට	269
බ්ලොග්කරණයේ	299
බ්ලොග්කරුවන්	895
බ්ලොග්කරුවන්ගේ	1082
බ්ලොග්කරුවන්ට	263
බ්ලොග්වල	349
බ්ලොග්ස්	446
බ්ලොගී	549
බ්ලොගේ	1332
බ්ලොගේට	232
බ්ලෝග්	347
බා	2248
බාග	320
බාගත	2647
බාගන්න	2801
බාගයක්	2680
බාගයක්ම	255
බාගයයි	235
බාගෙ	370
බාගෙකට	208
බාගෙට	2462
බාගෙන	1225
බාගෙනම	206
බාගේ	451
බාටා	250
බාත්	748
බාත්රූම්	334
බාදක	200
බාදා	461
බාදාවක්	349
බාධක	2961
බාධකය	482
බාධකයක්	501
බාධා	8208
බාධාව	383
බාධාවක්	4146
බාධාවකි	227
බාධාවකින්	597
බාධාවන්	386
බාන	828
බානවා	401
බාන්න	1077
බාප්ප	268
බාප්පලා	360
බාප්පා	1403
බාප්පාගේ	223
බාපු	208
බාබර්	499
බාබා	222
බායි	872
බාර	8373
බාරගත්	229
බාරගන්න	452
බාරගන්නා	261
බාරගෙන	427
බාරදී	315
බාරයට	277
බාරයි	456
බාරයේ	250
බාරව	339
බාර්	2646
බාර්ලි	294
බාල	8405
බාලක	425
බාලගිරි	229
බාලදක්ෂ	1604
බාලම	341
බාලයා	375
බාලයි	270
බාලවයස්කාර	381
බාලසූරිය	1121
බාල්දි	594
බාල්දිය	405
බාල්දියක්	469
බාල්දු	450
බාලා	724
බාලිකා	2547
බාවය	307
බාවිතා	1862
බාස්	1173
බාස්කට්	266
බාස්ලා	221
බාසා	224
බාසාව	436
බාසාවෙන්	507
බාහිර	7767
බාහිරව	423
බාහිරාදිය	229
බාහිරින්	413
බාහු	685
බැංකු	17338
බැංකුව	8989
බැංකුවක	773
බැංකුවකට	250
බැංකුවක්	749
බැංකුවකින්	256
බැංකුවට	1923
බැංකුවල	853
බැංකුවලට	436
බැංකුවලින්	253
බැංකුවෙ	293
බැංකුවෙන්	1213
බැංකුවේ	6758
බැංකොක්	678
බැංගලෝර්	379
බැකප්	455
බැක්	803
බැක්ටීරියා	1147
බැක්ටීරියාව	533
බැකෝ	522
බැග්	302
බැගෑපත්	329
බැගින්	8094
බැච්	1134
බැජ්	514
බැට	1441
බැටන්	538
බැටරි	1515
බැටරිය	767
බැටරියක්	251
බැටළු	515
බැටළුවන්	349
බැට්	1080
බැටේ	277
බැඩ්මින්ටන්	648
බැණ	1942
බැණුම්	615
බැති	732
බැතිමතුන්	1844
බැතිමතුන්ගේ	503
බැතිමතුන්ට	463
බැතියෙන්	268
බැද	1301
බැදගෙන	457
බැදපු	770
බැදල	399
බැදලා	943
බැද්දගේ	251
බැදි	742
බැදිලා	243
බැදී	1096
බැදීම	653
බැදීමක්	412
බැදීම්	446
බැදුණු	357
බැදුනු	405
බැදුම්කර	1651
බැදෙන	209
බැන	4117
බැනපු	307
බැනර්	1375
බැනල	684
බැනලා	1001
බැන්	410
බැන්ද	1028
බැන්දට	567
බැන්දත්	215
බැන්දා	753
බැන්දෙ	248
බැන්දේ	504
බැන්න	479
බැන්නට	266
බැන්නත්	349
බැන්නා	626
බැන්නේ	275
බැනුම්	2126
බැනේ	337
බැඳ	5112
බැඳගත්	359
බැඳගෙන	1748
බැඳන්	305
බැඳපු	1414
බැඳල	923
බැඳලා	2220
බැඳි	2488
බැඳිය	198
බැඳිලා	671
බැඳී	4145
බැඳීම	1763
බැඳීමක්	1041
බැඳීමට	435
බැඳීම්	1631
බැඳීමෙන්	210
බැඳුණු	1582
බැඳුන	337
බැඳුනු	1285
බැඳුම්	249
බැඳුම්කර	6249
බැඳුම්කරය	250
බැඳෙන	493
බැඳෙන්න	232
බැඳේ	404
බැබලි	234
බැම්ම	1065
බැම්මක්	323
බැම්මේ	260
බැමි	937
බැර	1584
බැරකම්	631
බැරක්	388
බැරලයක	235
බැරල්	1066
බැරැක්	470
බැරෑරුම්	1493
බැරි	60883
බැරිඋනා	426
බැරිකම	329
බැරිකමක්	451
බැරිකමට	238
බැරිතරම්	238
බැරිද	4753
බැරිනං	301
බැරිනම්	1771
බැරිම	2156
බැරිය	3684
බැරියැ	710
බැරියෑ	377
බැරියෝ	253
බැරිලු	280
බැරිව	2555
බැරිවීම	266
බැරිවුණා	1004
බැරිවුන	351
බැරිවුනා	1279
බැරිවෙච්ච	226
බැරිවෙන	410
බැරිවෙනවා	256
බැරිවෙන්න	269
බැරිවෙයි	768
බැරිවෙයිද	229
බැරිවෙලා	537
බැරිවෙලාවත්	526
බැරී	403
බැරුව	3629
බැරුවා	315
බැල	199
බැලන්ස්	799
බැල්ම	1236
බැල්මක්	1040
බැල්මකින්	273
බැල්මට	1757
බැල්මටම	209
බැල්මෙන්	445
බැලින්නං	488
බැලින්නම්	945
බැලිමට	201
බැලිය	4668
බැලිල්ල	253
බැලිල්ලක්	243
බැලීම	6668
බැලීමක්	1121
බැලීමට	6773
බැලීමයි	315
බැලීම්	1298
බැලීමි	466
බැලීමෙන්	1402
බැලීමේ	1750
බැලීමේදී	1461
බැලීය	657
බැලු	1666
බැලුම	211
බැලුම්	915
බැලුම්ගල	337
බැලුව	3808
බැලුවට	890
බැලුවත්	1500
බැලුවද	707
බැලුවනම්	346
බැලුවම	3458
බැලුවහම	891
බැලුවහොත්	367
බැලුවා	9759
බැලුවාම	1691
බැලුවාය	496
බැලුවෙ	1968
බැලුවෙමි	740
බැලුවේ	4473
බැලුවේය	469
බැලුවොත්	3661
බැලුවෝ	298
බැලූ	6274
බැලූවා	297
බැලූවිට	282
බැලූවෝ	1942
බැලෙන	275
බැලේ	468
බැව්	5407
බැවිණි	600
බැවින්	27741
බැවින්ද	327
බැවින්ය	302
බැවිනි	11300
බැස	6729
බැසගත්	370
බැසගෙන	295
බැස්ටියන්	414
බැස්ස	1364
බැස්සට	206
බැස්සම	259
බැස්සා	1869
බැස්සෙ	370
බැස්සේ	1085
බැස්සේය	238
බැස්සොත්	227
බැසිල්	5207
බැසිල්ගේ	286
බැසිල්ට	341
බැසීම	607
බැසීමට	534
බැහැ	24834
බැහැගෙන	489
බැහැදැක	470
බැහැනෙ	496
බැහැනේ	1323
බැහැපු	700
බැහැයි	368
බැහැර	7951
බැහැරට	300
බැහැරව	1703
බැහැල	2484
බැහැලා	3556
බැළුවම	270
බැළුවා	673
බැළුවේ	316
බැළුවොත්	218
බෑ	48960
බෑගය	812
බෑගයක්	312
බෑගයේ	278
බෑග්	4888
බෑණා	582
බෑන්	1015
බෑන්ක්	488
බෑන්ඩ්	1489
බෑනා	611
බෑනෙ	1479
බෑනේ	2066
බෑම	414
බෑරි	452
බෑලු	277
බෑවා	215
බෑවුම	289
බෑවුම්	717
බි	1781
බිං	249
බිංගිරිය	346
බිංදු	1434
බිංදුව	465
බිංදුවක්	447
බිග්	851
බිඟු	837
බිඟුවා	1058
බිජු	204
බිට්	264
බිඩි	274
බිත්තර	4463
බිත්තරය	238
බිත්තරයක්	491
බිත්තරේ	356
බිත්ති	2955
බිත්තිය	1408
බිත්තියක	234
බිත්තියක්	331
බිත්තියට	742
බිත්තියෙ	266
බිත්තියේ	1031
බිත්තිවල	305
බිතු	577
බිතුසිතුවම්	260
බිද	1917
බිදක්	427
බිදී	485
බිදු	464
බිනර	503
බින්	1198
බින්කු	207
බින්දි	1454
බින්දු	1031
බින්දුව	422
බින්දුවක්	377
බින්න	402
බිඳ	10200
බිඳක්	1591
බිඳගෙන	442
බිඳලා	249
බිඳවැටී	212
බිඳවැටීම	557
බිඳි	286
බිඳිති	257
බිඳින	321
බිඳින්න	279
බිඳිමින්	210
බිඳිලා	238
බිඳී	2432
බිඳීම	279
බිඳීමෙන්	260
බිඳු	1371
බිඳුණු	678
බිඳුනු	343
බිඳුම්	227
බිඳුවක්	408
බිඳෙන	514
බිබිල	630
බිබිලි	225
බිබිලේ	497
බිබී	741
බිම	15503
බිමක	633
බිමක්	1004
බිමට	6524
බිමන්	1428
බිමල්	697
බිම්	7928
බිම්බිසාර	231
බිම්බෝම්බ	424
බිම්මල්	315
බිම්වල	357
බිම්ස්ටෙක්	199
බිමින්	581
බිමෙන්	388
බිමෙහි	330
බිමේ	2167
බිමේදී	218
බිය	9081
බියකරු	1126
බියක්	2128
බියකින්	344
බියගම	1109
බියට	1004
බියපත්	422
බියර්	2689
බියවී	247
බියුටි	255
බියෙන්	2485
බියොන්ඩ්	221
බිරිද	2085
බිරිදක්	224
බිරිදගේ	334
බිරිදට	443
බිරින්දෑ	309
බිරින්දෑවරු	255
බිරින්දෑවරුන්	235
බිරිඳ	9573
බිරිඳක්	696
බිරිඳගෙන්	331
බිරිඳගේ	1498
බිරිඳට	1933
බිරිඳත්	490
බිරිඳයි	261
බිරිඳව	257
බිරිය	2300
බිරියගේ	333
බිරියට	404
බිරියන්	258
බිල	2989
බිලක්	380
බිලට	292
බිල්	2760
බිල්ඩින්	451
බිල්ඩිම	218
බිල්පත්	1258
බිල්ලට	1225
බිල්ලා	248
බිලා	450
බිලි	2374
බිලිගත්	224
බිලියන	12313
බිලියනයක	215
බිලියනයක්	282
බිලියන්	314
බිලී	354
බිලොග්	362
බිව්	250
බිව්ව	404
බිව්වට	302
බිව්වත්	216
බිව්වම	350
බිව්වා	797
බිව්වෙ	255
බිව්වේ	392
බිෂොප්	410
බිසව	929
බිසවගේ	233
බිසවුන්	253
බිස්කට්	1664
බිස්නස්	3982
බිස්වාල්	274
බිසි	417
බිසී	870
බිසෝ	534
බිහාර්	205
බිහි	12779
බිහිකර	574
බිහිකරන	425
බිහිකල	307
බිහිකළ	522
බිහිකිරීම	629
බිහිකිරීමට	535
බිහිකිරීමේ	231
බිහිරි	480
බිහිව	300
බිහිවන	1130
බිහිවන්නේ	497
බිහිවිය	528
බිහිවී	771
බිහිවීම	918
බිහිවීමට	382
බිහිවුණු	279
බිහිවුන	203
බිහිවූ	1959
බිහිවූයේ	244
බිහිවෙන	426
බිහිවෙනවා	222
බිහිවෙන්න	217
බිහිවෙන්නේ	290
බිහිවෙලා	392
බිහිසුණු	1642
බිහිසුනු	576
බිළිඳා	344
බිළිඳු	368
බී	19218
බීගෙන	434
බීච්	1116
බීජ	3689
බීජය	430
බීජිං	590
බීජිනය	246
බීට්	502
බීට්ල්	457
බීටා	685
බීඩි	772
බීන්	251
බීප්	483
බීපු	1482
බීබීසී	1843
බීම	5480
බීමක්	509
බීමට	1286
බීමත්	1161
බීමත්ව	716
බීමතින්	914
බීමෙන්	373
බීමේ	197
බීර	646
බීරි	313
බීල	2575
බීලා	4201
බු	558
බුක්	4095
බුක්ති	494
බුකි	285
බුකිය	657
බුකියට	311
බුකියෙ	460
බුකියෙන්	269
බුකියේ	1642
බුත්තල	827
බුද	297
බුද්ද	222
බුද්දාගම	276
බුද්දිමත්	236
බුද්ධ	11565
බුද්ධං	252
බුද්ධගයා	273
බුද්ධගයාව	239
බුද්ධගයාවේ	200
බුද්ධඝෝෂ	298
බුද්ධත්වය	413
බුද්ධත්වයට	406
බුද්ධදාස	523
බුද්ධරක්ඛිත	254
බුද්ධශාසන	479
බුද්ධා	216
බුද්ධාගම	3063
බුද්ධාගමට	850
බුද්ධාගමේ	756
බුද්ධාය	409
බුද්ධි	9972
බුද්ධික	2176
බුද්ධිමත්	4797
බුද්ධිමත්ව	656
බුද්ධිමතා	202
බුද්ධිමතුන්	1615
බුද්ධිමතුන්ගේ	341
බුද්ධිමතුන්ට	221
බුද්ධිමතෙක්	225
බුද්ධිමය	2211
බුද්ධිය	2427
බුද්ධියක්	706
බුද්ධියට	592
බුද්ධියෙන්	1071
බුද්ධියේ	347
බුදි	214
බුදින	227
බුදිය	277
බුදු	32488
බුදුගුණ	483
බුදුදහම	3332
බුදුදහමට	706
බුදුදහමේ	845
බුදුන්	10601
බුදුන්ගේ	1515
බුදුන්ට	652
බුදුන්වහන්සේ	639
බුදුන්වහන්සේගේ	211
බුදුපියාණන්	251
බුදුපිළිම	339
බුදුරජාණන්	6379
බුදුරජාණන්වහන්සේ	427
බුදුරජානන්	554
බුදුරදුන්	1250
බුදුරදුන්ගේ	390
බුදුරැස්	322
බුදුරුව	219
බුදුවන	225
බුදුවරු	332
බුදුවරුන්	245
බුදුසමය	363
බුදුසරණ	514
බුදුසරණයි	325
බුදුහාමුදුරුවො	322
බුදුහාමුදුරුවෝ	485
බුදුහු	281
බුධ	939
බුධාජීව	198
බුබුල	249
බුබුලු	326
බුබුළු	532
බුර	420
බුරන	273
බුර්කා	250
බුර්කාව	240
බුරා	1065
බුරිය	384
බුරියානි	273
බුරු	537
බුරුත	243
බුරුතු	336
බුරුම	581
බුරුමය	373
බුරුමයේ	351
බුරුල්	674
බුලට්	424
බුලත්	3472
බුලත්කොහුපිටිය	198
බුලත්විට	211
බුලත්සිංහල	1452
බුල්	323
බුල්ටෝ	248
බුවනෙක	360
බුවනෙකබාහු	279
බුවා	3470
බුවාගේ	595
බුවාට	424
බුවාලා	414
බුවෙක්	984
බුෂ්	1010
බුහාරි	224
බුහුමන්	679
බූ	317
බූට්	1587
බූඩි	387
බූඩිගේ	312
බූත	298
බූදලයක්	241
බූන්දි	3840
බූන්දිය	395
බූරා	268
බූරු	1594
බූරුවා	789
බූරුවෙක්	301
බූරුවෝ	420
බූල්	216
බූස්ස	348
බෙංගමුවේ	347
බෙංගාල	986
බෙංගාලි	368
බෙග්	516
බෙට්ට	198
බෙට්ටක්	229
බෙටි	420
බෙඩ්	355
බෙදන	1558
බෙදනවා	395
බෙදන්න	1018
බෙදන්නට	239
බෙදන්නේ	212
බෙදමින්	220
බෙදයි	256
බෙදල	504
බෙදලා	762
බෙදා	18023
බෙදාගත්තට	244
බෙදාගන්න	1548
බෙදාගමු	327
බෙදාගෙන	1083
බෙදාදීම	450
බෙදාදීමට	200
බෙදාදීමේ	342
බෙදාහදා	502
බෙදාහරින	403
බෙදාහැරීම	897
බෙදාහැරීමට	241
බෙදාහැරීම්	224
බෙදාහැරීමේ	581
බෙදිය	347
බෙදිලා	506
බෙදී	2227
බෙදීම	2048
බෙදීමක්	735
බෙදීමට	582
බෙදීම්	834
බෙදීමේ	578
බෙදුම්	452
බෙදුම්වාදය	1019
බෙදුම්වාදයට	463
බෙදුම්වාදී	2007
බෙදුම්වාදීන්	325
බෙදුවා	216
බෙදූ	275
බෙදෙන	324
බෙදෙනවා	213
බෙදේ	241
බෙනට්	290
බෙනඩික්	235
බෙන්	891
බෙන්ජමින්	370
බෙන්තර	558
බෙන්තොට	682
බෙන්ස්	639
බෙයිජිං	311
බෙර	1750
බෙරය	298
බෙරි	369
බෙරිහන්	1076
බෙරේ	419
බෙලහීන	272
බෙල්	1356
බෙල්ජියම	303
බෙල්ජියම්	213
බෙල්ජියමේ	307
බෙල්ට්	606
බෙල්ල	3439
බෙල්ලට	385
බෙල්ලන්	234
බෙල්ලන්විල	719
බෙල්ලෙ	360
බෙල්ලෙන්	406
බෙල්ලේ	738
බෙලි	994
බෙලිඅත්ත	933
බෙලෙක්	262
බෙස්ට්	279
බෙහෙත	737
බෙහෙතක්	870
බෙහෙත්	10269
බෙහෙවින්	4256
බෙහෙවින්ම	931
බෙහෝ	305
බේ	608
බේකරි	684
බේගල්	516
බේත	238
බේතක්	281
බේත්	1879
බේද	655
බේදය	210
බේදයක්	576
බේදයකින්	413
බේබද්දා	208
බේබදු	466
බේබි	944
බේර	1299
බේරගන්න	1959
බේරගෙන	430
බේරන්න	334
බේරලා	339
බේරා	6922
බේරාගත්	795
බේරාගන්න	501
බේරාගන්නට	213
බේරාගැනීම	362
බේරාගැනීමට	680
බේරාගැනීමේ	218
බේරාගෙන	1064
බේරිලා	957
බේරී	756
බේරීම	251
බේරීමට	547
බේරුණා	304
බේරුණු	252
බේරුනා	685
බේරුනේ	423
බේරුම්	233
බේරුවල	1777
බේරෙන	708
බේරෙනවා	504
බේරෙන්න	1628
බේරෙන්නට	218
බේරේ	572
බේස්	808
බේස්බෝල්	219
බේස්ලයින්	355
බේසික්	257
බො	368
බොක්ක	1603
බොක්කට	263
බොක්කටම	398
බොක්කෙ	206
බොක්කෙන්	318
බොක්කෙන්ම	810
බොක්කේ	525
බොක්ස්	1547
බොක්සිං	883
බොකු	251
බොග	893
බොගක්	256
බොග්	313
බොගේ	306
බොජුන්	322
බොට	1360
බොඩි	716
බොඩිය	240
බොත්තම	1238
බොත්තමක්	236
බොත්තම්	611
බොද	331
බොදු	6004
බොදුනුවන්	207
බොදුබල	1575
බොන	5910
බොනකොට	215
බොනපාට්	235
බොනව	475
බොනවද	286
බොනවා	1725
බොන්ට	328
බොන්ඩ	408
බොන්ඩ්	304
බොන්න	8384
බොන්නට	680
බොන්නත්	312
බොන්නෙ	892
බොන්නේ	1499
බොන්සායි	212
බොඳ	1324
බොබ්	597
බොම්බයි	351
බොමින්	430
බොමු	411
බොයි	308
බොර	1058
බොරතෙල්	746
බොරලැස්ගමුව	647
බොරලු	221
බොරලුගොඩ	220
බොරළු	527
බොරැ	300
බොරැල්ල	2614
බොරැල්ලේ	533
බොරු	20841
බොරුද	830
බොරුනම්	269
බොරුය	250
බොරුව	2674
බොරුවක්	4407
බොරුවක්ද	207
බොරුවකි	407
බොරුවට	3441
බොරුවෙන්	346
බොල	4624
බොලං	462
බොලද	252
බොලන්	220
බොලඳ	412
බොලව්	981
බොලවු	260
බොල්	920
බොල්ගොඩ	247
බොලා	1184
බොලාගෙ	272
බොලාට	584
බොලිවුඞ්	207
බොලිවුඩයේ	371
බොලිවුඩ්	1715
බොලේ	3232
බොලොග්	581
බොස්	1887
බොස්ටන්	444
බොසා	719
බොසාට	206
බොහො	1288
බොහොම	39029
බොහොමත්ම	1258
බොහොමයක	445
බොහොමයකට	377
බොහොමයක්	7738
බොහොමයකි	200
බොහොමයි	841
බොහෝ	95491
බොහෝදුරට	819
බොහෝදෙනා	552
බොහෝදෙනෙක්	315
බොහෝම	8102
බොහෝමත්ම	320
බොහෝමයක්	2638
බොහෝමයි	329
බොහෝය	1199
බොහෝයි	244
බොහෝවිට	4699
බොළද	208
බොළඳ	1327
බෝ	6882
බෝංචි	738
බෝක්කු	430
බෝක්කුව	346
බෝග	2801
බෝගම්බර	501
බෝගොඩ	285
බෝගොල්ලාගම	241
බෝට්ටු	2785
බෝට්ටුව	710
බෝට්ටුවක	254
බෝට්ටුවක්	541
බෝට්ටුවට	197
බෝට්ටුවෙන්	230
බෝට්ටුවේ	523
බෝඩ්	4077
බෝඩිං	337
බෝඩින්	256
බෝඩිම	481
බෝඩිමට	644
බෝඩිම්	256
බෝඩිමේ	1112
බෝතලය	823
බෝතලයක	204
බෝතලයක්	2203
බෝතල්	4454
බෝතලෙන්	197
බෝතලේ	1937
බෝතලේට	254
බෝධි	3200
බෝධින්	259
බෝධිය	1523
බෝධියට	331
බෝධියේ	210
බෝධිසත්ව	347
බෝධිසත්වයන්	329
බෝධීන්	1204
බෝනස්	938
බෝපගේ	479
බෝපත්	244
බෝම	848
බෝම්බ	9919
බෝම්බය	1164
බෝම්බයක්	1515
බෝයි	977
බෝයිං	257
බෝර	324
බෝරිං	223
බෝල	2966
බෝලය	560
බෝලයක්	947
බෝල්	1075
බෝල්ට්	684
බෝලෙ	461
බෝලේ	552
බෝවත්තේ	247
බෝවන	1122
බෝවීම	272
බෝවෙන	255
බෝසත්	907
බෝසතාණන්	329
බෝසතුන්	357
බෝහෝ	398
බෞතීස්ම	248
බෞද්ද	410
බෞද්ධ	32553
බෞද්ධකම	384
බෞද්ධයකු	325
බෞද්ධයනට	248
බෞද්ධයන්	3017
බෞද්ධයන්ගේ	756
බෞද්ධයන්ට	1016
බෞද්ධයා	1767
බෞද්ධයාගේ	378
බෞද්ධයාට	374
බෞද්ධයින්	1068
බෞද්ධයින්ගේ	245
බෞද්ධයින්ට	452
බෞද්ධයෙක්	935
බෞද්ධයෙකු	324
බෞද්ධයො	253
බෞද්ධයෝ	1325
බෞද්ධාගම	365
බෞද්ධාගමික	264
බෞද්ධාලෝක	435
බෲස්	208
භංග	647
භක්ති	362
භක්තිකයන්	353
භක්තිමත්	224
භක්තිය	880
භක්තියක්	252
භක්තියෙන්	472
භක්ෂක	222
භගවා	322
භජනය	233
භට	2021
භටපිරිස්	441
භටයන්	1126
භටයින්	885
භටයෝ	236
භය	1643
භයංකර	358
භයංකාර	284
භයානක	4687
භයානකම	466
භයානකයි	719
භව	988
භවත්	1236
භවතු	239
භවතුන්	234
භවය	691
භවයක	284
භවයක්	202
භවයට	278
භවයෙන්	286
භවයේ	520
භා	334
භාග	786
භාගත	1163
භාගය	1608
භාගයක	380
භාගයකට	304
භාගයක්	1910
භාගයට	208
භාගයේ	2248
භාගයේදී	1054
භාගෙට	268
භාජන	768
භාජනය	3618
භාජනයක්	256
භාණ්ඞරු	1103
භාණ්ඩ	13886
භාණ්ඩය	861
භාණ්ඩයක	200
භාණ්ඩයක්	1798
භාණ්ඩයේ	265
භාණ්ඩරු	1792
භාණ්ඩවල	398
භාණ්ඩාගාර	1834
භාණ්ඩාගාරය	619
භාණ්ඩාගාරයට	282
භාණ්ඩාගාරයෙන්	283
භාණ්ඩාගාරයේ	446
භාණ්ඩාගාරික	601
භාණ්ඩේ	201
භාතිය	564
භාන්ඩ	1062
භාන්ඩයක්	224
භානුක	363
භාර	20498
භාරකරු	426
භාරකරුවන්	232
භාරකාර	988
භාරකාරත්වය	206
භාරගත	354
භාරගත්	472
භාරගන්න	341
භාරගන්නා	333
භාරගැනීම	407
භාරගැනීමට	228
භාරගෙන	630
භාරත	1624
භාරතය	230
භාරතයේ	526
භාරතීය	1336
භාරදිය	261
භාරදී	1611
භාරදීම	720
භාරදීමට	1163
භාරදීමෙන්	248
භාරදුන්	726
භාරදුන්නා	249
භාරදූර	290
භාරදෙන	554
භාරදෙනු	308
භාරය	1322
භාරයක්	714
භාරයට	5194
භාරයේ	1778
භාරව	1545
භාර්යාව	754
භාර්යාවන්	248
භාව	761
භාවනා	5448
භාවනාව	2621
භාවනාවක්	430
භාවනාවට	396
භාවනාවෙන්	356
භාවනාවේ	355
භාවමය	203
භාවය	6059
භාවයක්	958
භාවයකින්	381
භාවයට	1336
භාවයත්	210
භාවයන්	423
භාවයෙන්	929
භාවයේ	396
භාවිත	17871
භාවිතය	8490
භාවිතයක්	520
භාවිතයට	3874
භාවිතයන්	480
භාවිතයෙන්	3639
භාවිතයේ	1516
භාවිතයේදී	605
භාවිතා	42399
භාවිතාකර	223
භාවිතාකරන	272
භාවිතාකරන්නන්	231
භාවිතාකල	228
භාවිතාව	1077
භාවිතාවක්	323
භාවිතාවට	222
භාවිතාවන	370
භාවිතාවන්	306
භාවිතාවේ	281
භාශා	275
භාශාව	342
භාශාවෙන්	237
භාෂණ	411
භාෂණයේ	214
භාෂා	12042
භාෂාමය	384
භාෂාව	10488
භාෂාවක	292
භාෂාවක්	1931
භාෂාවකින්	613
භාෂාවට	1221
භාෂාවත්	247
භාෂාවන්	684
භාෂාවයි	205
භාෂාවලින්	300
භාෂාවෙ	201
භාෂාවෙන්	4603
භාෂාවේ	1886
භාහිර	443
භික්ඛවෙ	262
භික්ඛවේ	255
භික්ශූන්	207
භික්ෂු	2431
භික්ෂුන්	1968
භික්ෂුව	1194
භික්ෂුවක්	851
භික්ෂුවගේ	301
භික්ෂුවට	323
භික්ෂූ	272
භික්ෂූන්	4245
භික්ෂූන්ට	405
භික්ෂූහු	208
භින්න	392
භීතිකාව	403
භීතිය	919
භීතියක්	200
භීතියට	505
භීතියෙන්	310
භීෂණ	616
භීෂණය	703
භුක්ති	2202
භුමි	572
භුමිය	578
භුමියේ	423
භූ	5210
භූගත	1001
භූගෝල	619
භූගෝලීය	971
භූත	1141
භූතයන්	311
භූතයා	330
භූතයෙක්	204
භූතයෝ	252
භූතාත්මය	307
භූතානය	250
භූමි	5177
භූමිකම්පා	312
භූමිකා	247
භූමිකාව	2439
භූමිකාවක්	760
භූමිකාවට	260
භූමිතෙල්	1061
භූමිය	4924
භූමියක	519
භූමියක්	1122
භූමියට	1719
භූමියෙන්	746
භූමියෙහි	257
භූමියේ	3537
භූමියේදී	765
භේද	1583
භේදය	822
භේදයක්	810
භේදයකින්	1010
භේදයෙන්	262
භෝග	1025
භෝජන	1054
භෝජනය	267
භෞත	233
භෞතික	8493
භෞතිකය	233
භෞතිකව	380
භෞතිකවාදී	223
භෞමික	718
මංකොල්ල	975
මංකොල්ලකෑම්	224
මංකොල්ලය	367
මංගල	11695
මංගලගේ	224
මංගලම්	599
මංජු	541
මංජුල	1631
මංජුලා	241
මංතීරු	515
මංතීරුව	199
මංතුමා	345
මංද	659
මංදා	2062
මංපෙත	234
මංපෙත්	348
මංමාවත්	314
මංමුලා	432
මංමුලාවූ	310
මංසන්ධිය	582
මංසන්ධියෙන්	265
මංසන්ධියේ	577
මංසන්ධියේදී	424
මංසල	537
මංසලමානව	337
මක	260
මකන	260
මකන්න	559
මකර	1959
මකරන්ද	286
මකරා	875
මකරෙක්	203
මකල	324
මකලා	551
මක්	2639
මක්ක	461
මක්කටෙයි	365
මක්කද	261
මක්කම	451
මක්කා	667
මක්කැයි	290
මක්කෙයි	210
මක්නිසා	225
මක්නිසාද	1523
මක්නිසාදයත්	252
මකා	2385
මකාදැමීමේ	241
මකුළු	1036
මකුළුවා	260
මග	22758
මගක	351
මගකට	234
මගක්	1340
මගට	1373
මගඩි	326
මගඩිය	446
මගදි	717
මගදිගට	303
මගදී	751
මගධ	276
මගපෙන්වීම	516
මගහරවා	426
මගහැර	817
මගින්	77517
මගින්ද	585
මගින්ම	309
මගිනි	1829
මගියා	430
මගියෙකු	216
මගී	3284
මගීන්	3524
මගීන්ගේ	470
මගීන්ට	759
මගුල	1062
මගුලකට	220
මගුලක්	2001
මගුලක්ද	289
මගුලට	339
මගුල්	3394
මගෙ	39773
මගෙං	201
මගෙත්	4000
මගෙන්	11347
මගෙන්ම	257
මගෙනුත්	1560
මගෙම	504
මගෙයි	906
මගෙහි	366
මගේ	228718
මගේත්	680
මගේම	3005
මගේය	224
මඟ	10308
මඟක්	547
මඟට	648
මඟපෙන්වීම	353
මඟඵල	281
මඟහරවා	239
මඟහැර	411
මඟින්	17476
මඟිනි	482
මඟීන්	325
මඟුල	434
මඟුලක්	583
මඟුල්	2009
මචං	18785
මචංලා	378
මචන්	10250
මචන්ලා	566
මචො	476
මචෝ	7771
මජර	258
මඤ්ඤං	564
මඤ්ඤොක්කා	449
මට	342623
මටත්	30171
මටද	1436
මටනං	907
මටනම්	4918
මටම	3393
මටයි	1361
මටවත්	593
මට්ටක්කුලිය	419
මට්ටම	5476
මට්ටමක	3679
මට්ටමකට	1442
මට්ටමක්	651
මට්ටමකින්	684
මට්ටමට	2918
මට්ටම්	2217
මට්ටම්වල	251
මට්ටමින්	4092
මට්ටමෙන්	1705
මට්ටමේ	9003
මට්ටමේදී	210
මට්ටු	588
මඩ	10084
මඩකලපු	385
මඩකලපුව	4682
මඩකලපුවේ	736
මඩකළපුව	578
මඩක්	513
මඩල	370
මඩවල	658
මඩි	212
මඩිය	277
මඩිස්සලේ	352
මඩු	1637
මඩුල්ල	1632
මඩුල්ලක්	642
මඩුව	835
මඩුවක්	377
මඩුවට	228
මඩුවේ	407
මඩේ	512
මඩොල්	212
මණ්ඩප	256
මණ්ඩපය	583
මණ්ඩපයක්	211
මණ්ඩපයේ	317
මණ්ඩල	11507
මණ්ඩලය	19768
මණ්ඩලයක්	1804
මණ්ඩලයට	4590
මණ්ඩලයීය	454
මණ්ඩලයෙන්	936
මණ්ඩලයේ	11786
මණ්ඩලයේදී	457
මණ්ඩලවල	298
මණ්ඩලීය	2177
මණ්ඩලේ	600
මඬල	494
මඬුල්ල	218
මත	93144
මතක	38112
මතකත්	507
මතකද	5010
මතකනෙ	372
මතකනේ	840
මතකය	8417
මතකයක්	3025
මතකයට	2733
මතකයත්	219
මතකයන්	3431
මතකයි	11561
මතකයිනේ	224
මතකයෙන්	857
මතකයේ	3273
මතක්	36070
මතකෙ	213
මතකෙට	707
මතකේ	526
මතට	4478
මතත්	252
මතද	451
මතදී	286
මතධාරී	221
මතධාරීන්	262
මතභේද	596
මතභේදයට	489
මතභේදාත්මක	360
මතම	999
මතය	12974
මතයක	354
මතයකට	203
මතයක්	4275
මතයකි	324
මතයට	1674
මතයන්	597
මතයයි	1386
මතයි	2167
මතයේ	814
මතවාද	2885
මතවාදය	1436
මතවාදයක්	825
මතවාදයට	259
මතවාදයන්	653
මතවාදී	941
මතවාදීමය	243
මතවාදීව	265
මත්	5219
මත්කුඩු	1514
මත්තල	2125
මත්තලට	268
මත්තෙන්	1358
මත්තෙහි	545
මත්තේ	434
මත්තේගොඩ	213
මත්පැන්	6563
මත්පෙති	432
මත්ව	205
මතා	684
මතාන්තර	205
මතාම	265
මති	233
මතින්	3990
මතිමතාන්තර	351
මතීෂ	592
මතු	20798
මතුකර	526
මතුකරන	330
මතුගම	2313
මතුපිට	2255
මතුපිටට	450
මතුපිටින්	1034
මතුව	3266
මතුවට	311
මතුවන	1988
මතුවන්නේ	354
මතුවිය	595
මතුවී	1182
මතුවීම	492
මතුවුණා	242
මතුවූ	907
මතුවෙන	475
මතුවෙනවා	392
මතුවෙන්න	230
මතුවෙමින්	333
මතුවෙයි	536
මතුවෙලා	471
මතුවේ	596
මතෙව්	634
මතේ	375
මද	4874
මදකට	632
මදක්	3377
මදන	211
මදය	385
මදහස	231
මද්දහනේ	198
මද්දු	214
මද්දුම	736
මද්දුමබණ්ඩාර	419
මදාරා	292
මදැයි	1669
මදෑ	1451
මදි	8751
මදිද	704
මදින	309
මදින්න	218
මදිය	355
මදියි	276
මදිවට	3993
මදිවාට	589
මදී	275
මදු	299
මදුරු	1932
මදුරුවන්	1074
මදුරුවා	414
මදුරුවෙක්	220
මදුරුවො	305
මදුරුවෝ	379
මදෙස	502
මධු	1862
මධුර	1010
මධුරංග	1493
මධුරංගගේ	215
මධුවිත	233
මධුෂ්	467
මධුසංඛ	204
මධුසමය	350
මධූ	691
මන	1715
මනං	894
මනඃකල්පිත	375
මනතුංග	569
මනම්	385
මනම්පිටිය	366
මනමාල	403
මනමාලයා	345
මනමාලි	479
මනමේ	1144
මනරම්	1429
මනස	6003
මනසක්	1027
මනසකින්	667
මනසට	1753
මනස්	580
මනස්කාන්ත	364
මනස්ගාත	360
මනසින්	2088
මනසෙහි	324
මනසේ	1594
මනහර	346
මන්	17002
මන්ඩල	385
මන්ඩලය	717
මන්ඩලයේ	545
මන්තර	802
මන්තරයක්	223
මන්තරේ	238
මන්ද	17466
මන්දගාමී	877
මන්දයත්	855
මන්දා	13869
මන්දාකිණි	393
මන්දාරම්	290
මන්දැයි	1294
මන්දිර	804
මන්දිරය	2008
මන්දිරයක්	219
මන්දිරයට	719
මන්දිරයේ	2162
මන්දිරයේදී	1243
මන්දිරේ	330
මන්නා	352
මන්නාරම	4615
මන්නාරමට	371
මන්නාරම්	676
මන්නාරමේ	572
මන්මෝහන්	451
මනා	6174
මනාකොට	511
මනාප	3747
මනාපය	971
මනාපයක්	527
මනාපයි	515
මනාය	343
මනාල	294
මනාලයා	365
මනාලිය	553
මනාලියක්	269
මනාලියගේ	242
මනාව	3994
මනාවට	247
මනි	281
මනින	846
මනින්න	745
මනින්නට	212
මනින්නේ	317
මනිනු	242
මනී	210
මනු	821
මනුසත්	299
මනුස්ස	1658
මනුස්සකම	1415
මනුස්සකමට	205
මනුස්සකම්	264
මනුස්සය	2295
මනුස්සයගෙ	397
මනුස්සයගේ	221
මනුස්සයට	1171
මනුස්සයත්	254
මනුස්සයව	298
මනුස්සයා	3900
මනුස්සයාගේ	415
මනුස්සයාට	401
මනුස්සයෙක්	3980
මනුස්සයෙක්ට	294
මනුස්සයෙකුට	402
මනුස්සයො	279
මනුස්සයෝ	631
මනූෂ	228
මනො	402
මනෝ	7131
මනෝජ්	1176
මනෝභාවය	223
මනෝභාවයන්	261
මනෝරත්න	388
මනෝහර	248
මඳ	2672
මඳකට	329
මඳක්	2118
මම	485869
මමත්	35847
මමත්වය	418
මමද	2087
මමනං	472
මමනම්	2436
මමම	1000
මමය	453
මමයි	6114
මමවත්	443
මම්	2241
මය	789
මයා	1554
මයි	2258
මයිකල්	2777
මයික්	1353
මයිනර්	201
මයියා	1225
මයිල්	1124
මයුර	333
මයෙ	3202
මයේ	1129
මර	2145
මරගාතේ	226
මරණ	17431
මරණය	10750
මරණයකට	213
මරණයක්	1272
මරණයට	5952
මරණයත්	722
මරණයයි	210
මරණයෙන්	1959
මරණයේ	868
මරණවා	254
මරණාසන්න	473
මරණින්	2050
මරණීය	1454
මරදාන	1848
මරදානේ	695
මරන	2260
මරනය	451
මරනයට	404
මරනවා	730
මරන්න	2530
මරන්නට	399
මරන්නේ	582
මරපු	1059
මරමින්	342
මරයි	392
මරල	1095
මරලා	1894
මර්කෙල්	208
මර්චන්ට්	234
මර්දන	3547
මර්දනකාරී	425
මර්දනය	4536
මර්දනයක්	204
මර්දනයට	957
මර්දනයේ	274
මර්ධන	792
මර්ධනය	1652
මර්ධනයට	333
මර්වින්	4211
මර්වින්ගේ	235
මර්වින්ට	266
මරා	15012
මරාගන්න	315
මරාගෙන	3157
මරාගේ	273
මරාට	317
මරාදමා	234
මරාදැමීම	215
මරාදැමූ	202
මරැ	282
මරික්කාර්	540
මරිය	208
මරියා	729
මරු	13757
මරුට	3404
මරුටි	213
මරුති	291
මරුනේ	382
මරුම	274
මරුමුවට	617
මරුවා	700
මරේ	1323
මල	12867
මලක	713
මලකට	294
මලකඩ	404
මලක්	5192
මලට	814
මලත්	414
මලය	591
මලයට	361
මලයා	2103
මලයාලම්	402
මලයාසියානු	322
මලයාසියාව	252
මලයාසියාවේ	201
මලයි	213
මලයෝ	541
මලල	1612
මලලසේකර	287
මලල්ගොඩ	252
මල්	42323
මල්කාන්ති	348
මල්ටි	561
මල්ඵල	199
මල්ල	2158
මල්ලක	259
මල්ලක්	910
මල්ලට	314
මල්ලව	223
මල්ලවආරච්චි	381
මල්ලවාරච්චි	473
මල්ලි	16657
මල්ලිකා	486
මල්ලිගෙ	630
මල්ලිගේ	968
මල්ලිට	1655
මල්ලිටත්	229
මල්ලිත්	648
මල්ලියා	659
මල්ලියි	792
මල්ලියෙ	292
මල්ලියෙක්	216
මල්ලියේ	1085
මල්ලියෝ	421
මල්ලිල	249
මල්ලිලා	1561
මල්ලිලාට	310
මල්ලිව	466
මල්ලී	4928
මල්ලීගේ	221
මල්ලීට	276
මල්ලෙ	280
මල්ලෙන්	416
මල්ලේ	730
මල්වත්ත	313
මල්වතු	2675
මල්වර	408
මල්වල	270
මල්වාන	266
මල්සරා	224
මලා	1074
මලාට	358
මලානික	392
මලාලා	230
මලික්	1331
මලිත්	543
මලිති	423
මලින්	1240
මලින්ත	442
මලින්ද	379
මලියදේව	461
මලියා	265
මලී	1227
මලු	1122
මලෙන්	305
මලේ	4993
මලෝ	213
මව	12734
මවක	804
මවකගේ	517
මවකට	455
මවක්	2840
මවකි	293
මවගෙන්	466
මවගේ	2843
මවට	2105
මවත්	530
මවද	257
මවන	1614
මවනවා	311
මවන්න	336
මවන්නේ	208
මවපු	392
මවමින්	406
මවයි	444
මවල	240
මවලා	294
මව්	5455
මව්කිරි	329
මව්පිය	446
මව්පියන්	1068
මව්පියන්ට	243
මව්බිම	2093
මව්බිමට	436
මව්බිමේ	435
මව්වරු	332
මව්වරුන්	909
මව්වරුන්ගේ	263
මව්වරුන්ට	336
මවා	3041
මවාගත්	257
මවාගෙන	567
මවිත	1939
මවිතයට	476
මවිල්	239
මවිසින්	1007
මවු	1929
මවුන්ට්	386
මවුපිය	224
මවුපියන්	583
මවුබිම	456
මවුවරුන්	239
මවුස්	673
මවෙත	364
මස	41255
මසක	461
මසකට	3290
මසකම	397
මසක්	1048
මසකින්	207
මසට	345
මසදී	263
මස්	13937
මස්කට්	216
මස්කෙලිය	198
මස්කෙළිය	592
මස්සිනා	1295
මස්සිනාලා	209
මසා	387
මසාජ්	533
මසිත	798
මසින්	216
මසුන්	2268
මසුරං	347
මසුරන්	630
මසුරු	252
මහ	85005
මහඇමති	535
මහඔය	336
මහකොමසාරිස්	1248
මහකොමසාරිස්වරයා	259
මහගම	688
මහගමසේකර	251
මහගු	481
මහගෙදර	810
මහඟු	1338
මහජන	21859
මහජනතාව	3004
මහජනතාවගෙන්	549
මහජනතාවගේ	1194
මහජනතාවට	1928
මහජනයා	1953
මහජනයාගේ	530
මහජනයාට	1033
මහට	204
මහණ	3229
මහණතෙම	656
මහණෙනි	7282
මහත	2346
මහත්	19783
මහත්තය	4222
මහත්තයගෙ	1094
මහත්තයගේ	770
මහත්තයට	2284
මහත්තයටත්	220
මහත්තයත්	947
මහත්තයයි	476
මහත්තයව	273
මහත්තයා	14485
මහත්තයාගෙ	224
මහත්තයාගේ	1840
මහත්තයාට	1282
මහත්තයාත්	230
මහත්තයාව	220
මහත්තයෙක්	1066
මහත්තයො	791
මහත්තයෝ	3663
මහත්තැන්	221
මහත්තුරු	1310
මහත්තුරුන්ට	221
මහත්ම	1387
මහත්මය	376
මහත්මයගෙ	198
මහත්මයා	2954
මහත්මයාගේ	479
මහත්මයාට	217
මහත්මයෙක්	594
මහත්මා	1484
මහත්මිය	10698
මහත්මියගේ	1566
මහත්මියට	788
මහත්මියයි	251
මහත්මීන්	748
මහත්මීහු	229
මහත්වරු	2066
මහත්වරුන්	4119
මහත්වරුන්ගේ	790
මහත්වරුන්ට	505
මහත්වරුන්ද	205
මහත්වරුනි	424
මහත්වූ	694
මහත්සේ	264
මහතා	152103
මහතාගෙන්	1991
මහතාගේ	25153
මහතාට	12107
මහතාටත්	377
මහතාත්	744
මහතාද	1400
මහතාය	875
මහතායි	1208
මහතාව	853
මහතුන්	763
මහතෙකු	252
මහද	554
මහන	1061
මහනගර	1338
මහන්න	394
මහන්සි	5807
මහන්සිය	1366
මහන්සියක්	652
මහන්සියට	452
මහන්සියි	537
මහන්සියෙන්	1263
මහන්සිවෙලා	516
මහනායක	1138
මහනාහිමියන්	293
මහනුවර	17592
මහනුවරට	743
මහනුවරදී	588
මහනුවරින්	249
මහපට	227
මහප්පා	233
මහපාරේ	457
මහපොල	368
මහපොළ	779
මහපොළොව	259
මහබැංකු	1478
මහබැංකුව	502
මහබැංකුවේ	391
මහම	342
මහමග	564
මහමඟ	260
මහමැතිවරණය	359
මහමැතිවරණයට	302
මහමැතිවරණයේදී	222
මහමෙර	198
මහමෙරක්	355
මහමෙව්නා	253
මහමෙව්නාව	607
මහර	708
මහරගම	3393
මහරජ	1581
මහරජතුමා	240
මහරහතන්	911
මහරාජා	615
මහරෝහලට	235
මහරෝහලේ	309
මහල	876
මහල්	2522
මහල්ලා	404
මහලා	233
මහලු	1768
මහලේ	849
මහලේකම්	4652
මහලේකම්වරයා	740
මහලොකු	639
මහව	693
මහවැලි	4624
මහවැලිය	240
මහවැව	220
මහවිරු	360
මහසෙන්	916
මහසොහොන්	331
මහළු	1373
මහා	81298
මහාචාර්ය	15017
මහාචාර්යතුමා	222
මහාචාර්යවරයා	729
මහාචාර්යවරයෙක්	230
මහාචාර්යවරයෙකු	219
මහාචාර්යවරු	392
මහාචාර්යවරුන්	343
මහාද්වීපය	268
මහාද්වීපයේ	264
මහාධිකරණ	3182
මහාධිකරණය	2323
මහාධිකරණයට	316
මහාධිකරණයේ	702
මහාධිකරණයේදී	211
මහානගර	288
මහානාග	266
මහානාම	1185
මහානායක	1734
මහාපරිමාණ	228
මහාබෝධි	270
මහාමායා	267
මහාමාර්ග	1771
මහායාන	801
මහාර්ඝ	200
මහාවංශය	821
මහාවංශයේ	324
මහාවංසය	355
මහාවංසයේ	327
මහැදුරු	343
මහින්ද	69400
මහින්දගෙ	424
මහින්දගෙන්	600
මහින්දගේ	4039
මහින්දට	5140
මහින්දත්	358
මහින්දයි	207
මහින්දලා	213
මහින්දව	660
මහින්දාගමනය	320
මහින්දානන්ද	1643
මහින්දෝදය	330
මහිම	798
මහිමය	639
මහිමයෙන්	252
මහියංගණ	299
මහියංගණය	455
මහියංගන	496
මහියංගනය	1030
මහී	299
මහීපාල	552
මහේ	567
මහේල	2654
මහේලගේ	206
මහේලට	216
මහේෂ්	2947
මහේෂ්වරන්	487
මහේෂි	294
මහෝත්සවය	432
මහෝපකාරී	221
මළ	11503
මළගම	360
මළගිය	371
මළගෙදර	320
මළත්	221
මළපහ	242
මළල	402
මළවුන්	571
මළවුන්ගේ	281
මළසිරුර	339
මළසිරුරක්	201
මළසිරුරු	262
මළා	683
මළු	591
මළුව	568
මළුවට	255
මළුවේ	542
මළේ	270
ම්	3603
ම්ම්	1239
ම්ම්ම්	1290
ම්ම්ම්ම්	540
ම්ම්ම්ම්ම්	239
ම්ලේච්ඡ	1271
ම්ලේච්ඡත්වය	247
ම්හ්	338
ම්හු	485
මා	170393
මාංචු	527
මාංශ	2241
මාංශය	243
මාඕ	203
මාඕවාදී	443
මාකට්	2180
මාකටිං	251
මාකටින්	628
මාකදුරේ	207
මාකඳුරේ	593
මාකස්	355
මාක්	1319
මාක්ස්	2047
මාක්ස්ගේ	418
මාක්ස්වාදය	1274
මාක්ස්වාදයේ	347
මාක්ස්වාදී	1813
මාක්ස්වාදීන්	506
මාකොළ	619
මාගම්	345
මාගම්පුර	620
මාගල්කන්දේ	227
මාගෙ	550
මාගෙන්	413
මාගේ	19140
මාට්ටු	2793
මාටිං	244
මාටින්	1308
මාණ්ඩලික	2894
මාතර	18672
මාතරට	290
මාතරදී	274
මාතරරු	488
මාතරින්	228
මාතලං	839
මාතලන්	9458
මාතලන්ගෙ	418
මාතලන්ගේ	864
මාතලන්ට	777
මාතලේ	6902
මාත්	27674
මාතා	1523
මාතාව	546
මාතෘ	2103
මාතෘකා	2733
මාතෘකාව	4746
මාතෘකාවක්	3336
මාතෘකාවකි	271
මාතෘකාවට	1174
මාතෘකාවෙන්	365
මාතෘකාවේ	310
මාතෘභූමිය	294
මාතෙ	332
මාතේ	637
මාද	1253
මාදම්පේ	701
මාද්දිය	217
මාදිලි	477
මාදිලිය	540
මාදිලියේ	717
මාදිවෙල	265
මාදු	333
මාදුරු	239
මාදුරුඔය	269
මාදුළුවාවේ	1030
මාධය	232
මාධව	1877
මාධවගේ	509
මාධවට	335
මාධවී	284
මාධ්ය	347
මාන	2186
මානය	1014
මානයක	337
මානයකට	245
මානයක්	505
මානයට	260
මානයන්	355
මානයෙන්	341
මානයේ	730
මානව	31669
මානවක	242
මානවයන්	303
මානවයා	963
මානවයාගේ	399
මානවවාදී	322
මානසික	15874
මානසිකත්වය	1597
මානසිකත්වයක්	681
මානසිකත්වයකින්	236
මානසිකත්වයෙන්	609
මානසිකව	1285
මාන්කුලම්	211
මාන්නප්පෙරුම	287
මාන්නය	231
මානුෂික	1365
මානුෂිය	240
මානුෂීය	1517
මානෙල්	986
මානේ	250
මාපිය	383
මාපියන්	351
මාම	1641
මාමගෙ	513
මාමගේ	692
මාමට	846
මාමණ්ඩි	223
මාමණ්ඩිය	216
මාමත්	321
මාමයි	311
මාමල	292
මාමලා	761
මාමා	8254
මාමාගේ	1143
මාමාට	762
මාමි	267
මාමෙ	429
මාමේ	1824
මායම්	326
මායා	2431
මායාකාරී	204
මායාදුන්නේ	303
මායාව	496
මායාවක්	511
මායාවරුන්ගේ	228
මායි	2666
මායිම	471
මායිම්	3145
මායිම්ව	333
මායිමේ	779
මාර	17395
මාරක	1548
මාරපන	750
මාරම	1986
මාරය	643
මාරයට	265
මාරයා	4278
මාරයාගේ	1729
මාරයාට	517
මාරයි	1610
මාරයිනේ	201
මාරයියා	351
මාරයියේ	355
මාරයෝ	387
මාරවිල	863
මාරසිංහ	689
මාර්	248
මාර්කට්	865
මාර්කටින්	216
මාර්ක්	1127
මාර්ක්ස්	201
මාර්ග	25796
මාර්ගගත	245
මාර්ගඵල	443
මාර්ගය	17292
මාර්ගයක	961
මාර්ගයකට	297
මාර්ගයක්	3799
මාර්ගයකි	264
මාර්ගයකින්	336
මාර්ගයට	3178
මාර්ගයත්	217
මාර්ගයද	222
මාර්ගයන්	408
මාර්ගයයි	359
මාර්ගයෙන්	5194
මාර්ගයෙහි	332
මාර්ගයේ	16493
මාර්ගයේදී	595
මාර්ගවල	1202
මාර්ගවලට	247
මාර්ගවලින්	442
මාර්ගස්ථ	318
මාර්ගික	461
මාර්ගෝපදේශ	763
මාර්ගෝපදේශන	310
මාර්ටින්	1293
මාර්තු	19724
මාර්තුවේ	293
මාර්ෂල්	1485
මාරාන්තික	2345
මාරි	493
මාරියා	205
මාරියෝ	291
මාරු	15843
මාරුකර	854
මාරුව	2221
මාරුවක්	961
මාරුවට	977
මාරුවීම	338
මාරුවීම්	1185
මාරුවෙන්	896
මාරුවෙන්න	205
මාරුවෙලා	279
මාරෙ	267
මාරේ	278
මාල	1665
මාලක	861
මාලතී	465
මාලදිවයින	869
මාලදිවයින්	1074
මාලදිවයිනේ	699
මාලන්	715
මාලනී	1341
මාලබේ	733
මාලඹේ	1300
මාලය	638
මාලයක්	584
මාලයේ	374
මාලා	1511
මාලාව	3615
මාලාවක	300
මාලාවක්	3088
මාලාවට	550
මාලාවන්	246
මාලාවෙන්	280
මාලාවේ	2331
මාලි	856
මාලිංග	2242
මාලිංගගේ	289
මාලිංගට	340
මාලිකා	424
මාලිගය	440
මාලිගයේ	254
මාලිගා	788
මාලිගාකන්ද	209
මාලිගාව	1348
මාලිගාවට	551
මාලිගාවත්ත	494
මාලිගාවේ	941
මාලින්ද	358
මාලිනි	229
මාලිනී	1055
මාලු	2968
මාලුකට්ටා	241
මාලේ	734
මාව	29573
මාවත	5613
මාවතක	292
මාවතකට	399
මාවතක්	867
මාවතගම	384
මාවතට	660
මාවත්	2566
මාවතේ	3818
මාවන්	343
මාවනැල්ල	1460
මාවම	372
මාවයි	323
මාවෙයි	471
මාවෝ	251
මාෂල්	803
මාස	31244
මාසය	5010
මාසයක	719
මාසයකට	1488
මාසයක්	3212
මාසයට	806
මාසයයි	486
මාසයෙන්	400
මාසයේ	9811
මාසයේදී	3852
මාසවල	415
මාස්	643
මාස්ටර්	1983
මාස්ටර්ගේ	242
මාසික	3764
මාසිකව	1108
මාසෙ	2318
මාසෙක	219
මාසෙකට	2205
මාසෙකින්	245
මාසෙට	795
මාසෙන්	283
මාසෙම	300
මාසේ	3796
මාහට	1091
මාහැඟි	324
මාහිමිපාණන්	226
මාහිමියන්	229
මාළඹේ	983
මාළිගය	301
මාළිගා	483
මාළිගාව	848
මාළිගාවට	389
මාළිගාවත්ත	266
මාළිගාවේ	661
මාළු	8428
මාළුන්	215
මාළුවා	558
මාළුවෙක්	294
මාළුවෝ	440
මාෆියා	381
මාෆියාව	601
මාෆියාවක්	228
මැ	1229
මැක්	786
මැක්කා	227
මැක්රේ	321
මැක්ස්	603
මැක්ස්වෙල්	274
මැක්සා	1100
මැකිලා	422
මැකී	1358
මැකෝ	287
මැගසින්	907
මැගී	318
මැච්	4138
මැජික්	2557
මැටි	3401
මැඩ	1535
මැඩගෙන	279
මැඩපවත්වා	232
මැඩපැවැත්වීම	347
මැඩපැවැත්වීමට	319
මැඩම්	2444
මැඩම්ට	251
මැඩලීම	400
මැඩලීමට	345
මැණික	849
මැණිකක්	430
මැණික්	5577
මැණිකා	365
මැණිකෙ	510
මැණිකේ	1763
මැඬ	268
මැත	368
මැත්ස්	304
මැති	4481
මැතිඇමතිවරුන්	250
මැතිණිය	771
මැතිණියගේ	274
මැතිතුමන්	444
මැතිතුමන්ගේ	205
මැතිතුමා	9114
මැතිතුමාගේ	3235
මැතිතුමාට	584
මැතිනිය	726
මැතිනියගේ	254
මැතිඳුන්	224
මැතිවරණ	24942
මැතිවරණය	7916
මැතිවරණයකට	604
මැතිවරණයකදී	374
මැතිවරණයක්	2045
මැතිවරණයකින්	203
මැතිවරණයට	3817
මැතිවරණයෙන්	1976
මැතිවරණයේ	2012
මැතිවරණයේදී	2905
මැතිවරණවලදී	297
මැතිවරන	1546
මැතිවරනය	677
මැතිවරනයට	227
මැතිවරනයෙන්	234
මැතිවරනයේ	308
මැතිව්	637
මැතිව්ස්	1672
මැතිව්ස්ට	206
මැද	23780
මැදගම	528
මැදගෙන	218
මැදගොඩ	253
මැදට	1592
මැදදී	345
මැදපෙරදිග	2011
මැදමුලන	501
මැදලා	203
මැදවච්චිය	722
මැදහත්	553
මැද්දට	964
මැද්දෙ	1033
මැද්දෙන්	1184
මැද්දේ	2046
මැදි	1999
මැදින්	4199
මැදියම	277
මැදියම්	546
මැදිරි	1381
මැදිරිගිරිය	621
මැදිරිය	1956
මැදිරියක	206
මැදිරියක්	264
මැදිරියට	285
මැදිරියේ	534
මැදිව	368
මැදිවියේ	579
මැදිහත්	7129
මැදිහත්ව	519
මැදිහත්වී	310
මැදිහත්වීම	1804
මැදිහත්වීමක්	896
මැදිහත්වීමට	384
මැදිහත්වීම්	856
මැදිහත්වීමෙන්	965
මැදුම්	200
මැදුර	751
මැදුරට	329
මැදුරු	231
මැදුරේ	605
මැන	3717
මැනව	812
මැනවි	2241
මැනවින්	2816
මැන්චෙස්ටර්	297
මැන්ටල්	207
මැන්ඩෙලා	1164
මැන්දිස්	227
මැනැවින්	415
මැනිං	366
මැනික්	212
මැනිය	336
මැනීම	496
මැනීමට	311
මැනුම්	230
මැනුවල්	248
මැනේජර්	962
මැනේජ්මන්ට්	296
මැප්	518
මැය	430
මැයි	24287
මැයෙන්	1611
මැර	2286
මැරකම්	306
මැරතන්	2354
මැරයන්	597
මැරයින්	367
මැරයෝ	303
මැරි	678
මැරිච්ච	997
මැරියන්	329
මැරිල	980
මැරිලා	2810
මැරී	1033
මැරීන්	234
මැරීම	1281
මැරීමට	675
මැරීමේ	284
මැරුණ	631
මැරුණට	252
මැරුණත්	277
මැරුණම	218
මැරුණා	778
මැරුණු	998
මැරුණේ	373
මැරුන	344
මැරුනා	240
මැරුම්	793
මැරුව	283
මැරුවත්	262
මැරුවා	637
මැරුවේ	541
මැරූ	934
මැරෙන	3992
මැරෙනව	294
මැරෙනවා	1428
මැරෙන්න	3504
මැරෙන්නට	327
මැරෙන්නෙ	408
මැරෙන්නේ	574
මැරෙයි	502
මැල්	412
මැල්කම්	1277
මැල්ලුම්	258
මැලි	806
මැලිබන්	210
මැලියම්	198
මැලේ	1092
මැලේරියා	623
මැලේරියාව	301
මැලේසියා	403
මැලේසියානු	1300
මැලේසියාව	1087
මැලේසියාවට	320
මැලේසියාවේ	1337
මැව්වා	218
මැව්වේ	271
මැවි	198
මැවිල	349
මැවිලා	940
මැවී	685
මැවීම	297
මැවු	240
මැවුම්	248
මැවූ	984
මැවෙන	643
මැවෙනවා	242
මැවෙන්නේ	210
මැශින්	277
මැෂින්	1953
මැෂිම	393
මැෂිමක්	246
මැස්ම	275
මැස්ස	405
මැස්සන්	541
මැස්සා	450
මැස්සෙක්	231
මැස්සො	265
මැස්සෝ	392
මැසි	667
මැසිම	396
මැසිවිලි	644
මැසේජ්	1795
මැහුම්	827
මැළි	246
මෑ	388
මෑණියන්	888
මෑණියන්ගේ	327
මෑණියන්ට	246
මෑණියෝ	256
මෑත	5983
මෑතඅවම	927
මෑතක	2013
මෑතකදි	669
මෑතකදී	3638
මෑතක්	647
මෑතකාලීන	266
මෑතදී	758
මෑත්	485
මෑන්	2972
මෑන්ට	288
මෑන්පවර්	292
මෑන්ස්	922
මෑන්ස්ට	309
මික්ස්	440
මිගමුව	506
මිග්	556
මිගාර	641
මිචිගන්	227
මිචෙල්	426
මිට	3857
මිටක්	772
මිටර්	451
මිටි	2001
මිටින්	257
මිටිය	590
මිටියක්	548
මිටියාවත	222
මිටියාවතේ	282
මිටේ	203
මිඩංගු	265
මිණි	1257
මිණුම්	393
මිත්තණිය	414
මිත්තන්	503
මිතු	336
මිතුදම	407
මිතුදම්	200
මිතුර	973
මිතුරකු	677
මිතුරන්	7016
මිතුරන්ගෙන්	274
මිතුරන්ගේ	578
මිතුරන්ට	922
මිතුරනි	452
මිතුරනේ	215
මිතුරා	3051
මිතුරාගේ	658
මිතුරාට	567
මිතුරිය	855
මිතුරියක	203
මිතුරියක්	522
මිතුරියන්	1004
මිතුරු	5361
මිතුරෙක්	1521
මිතුරෙකි	231
මිතුරෙකු	1405
මිතුරෙකුගේ	323
මිතුරෙකුට	225
මිතුරේ	207
මිතුරෝ	1028
මිථුන	371
මිදි	1148
මිදිය	345
මිදී	2574
මිදීම	674
මිදීමට	1012
මිදීමේ	247
මිදුණු	569
මිදුන	207
මිදුනු	308
මිදුල	850
මිදුලට	791
මිදුලෙ	491
මිදුලේ	1267
මිදෙන	429
මිදෙන්න	999
මිදෙන්නට	488
මින්	8248
මින්නේරිය	839
මින්පසු	247
මින්ස්ක්	342
මිනි	1613
මිනිත්තු	2710
මිනිත්තුව	321
මිනින්දෝරු	360
මිනිය	1111
මිනියක්	343
මිනිරන්	356
මිනිසකු	1153
මිනිසකුගේ	219
මිනිසත්	667
මිනිසත්කම	209
මිනිස්	18208
මිනිස්කම	448
මිනිස්සු	40723
මිනිස්සුත්	1487
මිනිස්සුන්	441
මිනිස්සුන්ගෙ	1764
මිනිස්සුන්ගෙන්	544
මිනිස්සුන්ගේ	3258
මිනිස්සුන්ට	9023
මිනිස්සුන්ටත්	411
මිනිස්සුන්ව	1261
මිනිස්සුනේ	273
මිනිසා	11282
මිනිසාගේ	3198
මිනිසාට	2594
මිනිසාව	226
මිනිසුනට	212
මිනිසුන්	25455
මිනිසුන්ගෙ	313
මිනිසුන්ගෙන්	739
මිනිසුන්ගේ	5222
මිනිසුන්ට	5504
මිනිසුන්ද	263
මිනිසුන්ය	265
මිනිසුන්ව	480
මිනිසුනේ	257
මිනිසෙක්	2041
මිනිසෙකි	703
මිනිසෙකු	2038
මිනිසෙකුගේ	631
මිනිසෙකුට	669
මිනිහ	4381
මිනිහගෙ	1004
මිනිහගේ	1056
මිනිහට	3127
මිනිහත්	649
මිනිහව	662
මිනිහා	7917
මිනිහාගේ	339
මිනිහාට	427
මිනිහෙක්	5223
මිනිහෙක්ට	432
මිනිහෙකුට	745
මිනිහෝ	246
මිනී	4688
මිනීමරු	1057
මිනීමරුවන්	421
මිනීමරුවා	292
මිනීමැරුම	227
මිනීමැරුමක්	292
මිනීමැරුම්	839
මිනුම	365
මිනුම්	1661
මිනුවන්ගොඩ	1585
මිමි	304
මිමී	339
මිය	25858
මියගිය	11585
මියගියා	691
මියගියේ	744
මියගිහින්	247
මියගොස්	9614
මියන්මාර	310
මියන්මාරය	368
මියන්මාරයේ	436
මියයන	1127
මියයන්නට	222
මියයයි	902
මියයාම	527
මියයාමට	287
මියයාමේ	358
මියුරු	1525
මියුසික්	1934
මියුසියස්	245
මියෙන	462
මිරර්	861
මිරික	238
මිරිකන	216
මිරිකන්න	264
මිරිකලා	321
මිරිකා	771
මිරිකී	235
මිරිඟුව	221
මිරිඟුවක්	198
මිරිදිය	645
මිරිස්	4218
මිරිස්ස	312
මිරිහාන	857
මිල	51609
මිලකට	1528
මිලක්	2349
මිලට	6180
මිලත්	253
මිලදැන්වීමේ	812
මිලදි	583
මිලදී	11617
මිලදීගෙන	269
මිලයට	287
මිලර්	266
මිල්ටන්	1361
මිලාන්	316
මිලානෝ	253
මිලි	1016
මිලිටරි	5503
මිලිටරිමය	295
මිලිටරිය	1203
මිලිටරියට	200
මිලිටරියේ	352
මිලින	384
මිලින්ද	1195
මිලිමීටර	647
මිලිමීටර්	1933
මිලියන	28303
මිලියනයක	268
මිලියනයකට	370
මිලියනයක්	546
මිලියන්	608
මිලෙන්	417
මිලෙහි	212
මිලේච්ඡ	204
මිලේනියම්	374
මිෂන්	224
මිෂනාරි	244
මිෂෙල්	389
මිස	17168
මිසක	2038
මිසක්	9254
මිසදිටු	246
මිසයිල	2099
මිසයිලය	259
මිසයිලයක්	254
මිසයිල්	317
මිසර	247
මිස්	6920
මිස්ට	1140
මිස්ටර්	1655
මිසිස්	724
මිසී	242
මිසෙක	220
මිහි	459
මිහිකත	501
මිහිතල	214
මිහිතලය	424
මිහිදන්	898
මිහිදු	544
මිහිදුම්	241
මිහින්	838
මිහින්තලය	422
මිහින්තලා	378
මිහින්තලේ	745
මිහිඳු	1622
මිහිපිට	716
මිහිමත	424
මිහිර	1326
මිහිරංග	214
මිහිරක්	266
මිහිරි	2558
මිහිරියි	209
මිළ	3828
මිළක්	241
මිළට	781
මිළදී	1248
මී	13700
මීගමු	657
මීගමුව	5596
මීගමුවේ	1209
මීගහතැන්න	215
මීගොඩ	296
මීට	52194
මීටත්	960
මීටර	2782
මීටරය	207
මීටරයක්	457
මීටර්	9661
මීටරේ	379
මීට්	708
මීටින්	347
මීටියාගොඩ	335
මීඩියා	1045
මීතේන්	199
මීතොටමුල්ල	2634
මීතොටමුල්ලේ	617
මීදුම	1100
මීදුම්	845
මීදුමෙන්	258
මීන	649
මීනා	223
මීමුරේ	528
මීයන්	745
මීයා	910
මීයෙක්	385
මීයො	209
මීයෝ	448
මීරිගම	1002
මීරියබැද්ද	445
මීලග	588
මීලගට	267
මීලඟ	973
මීලඟට	248
මීවනපලානේ	198
මීවිත	280
මීහරක්	348
මීළග	384
මීළඟ	2812
මීළඟට	717
මු	3531
මුං	2954
මුංට	270
මුක්කු	364
මුක්ත	511
මුක්තිය	252
මුකුත්	6333
මුකුත්ම	773
මුකුළු	216
මුඛ	1330
මුඛය	562
මුඛයට	319
මුඛයෙන්	488
මුඛයේ	245
මුගලන්	908
මුග්ධ	789
මුගුරු	448
මුගෙ	689
මුගේ	1668
මුචලින්ද	270
මුචා	201
මුජිබර්	253
මුට	687
මුට්ටි	618
මුට්ටිය	722
මුට්ටියක්	210
මුට්ටු	409
මුඩු	511
මුඩුක්කු	535
මුණ	7999
මුණගැසී	399
මුණගැසීමට	223
මුණගැසුණු	211
මුණගැහිලා	211
මුණගැහෙන	204
මුණගැහෙන්න	335
මුණසිංහ	1132
මුණු	825
මුත්	6181
මුත්තයියා	584
මුත්තා	733
මුතු	3935
මුතුන්	978
මුතුරාජවෙල	400
මුතුහෙට්ටිගම	496
මුතූර්	270
මුදල	11722
මුදලකට	1246
මුදලක්	15770
මුදලක්ද	299
මුදලකි	297
මුදලකින්	268
මුදලට	3489
මුදලත්	281
මුදල්	67421
මුදල්ද	219
මුදල්වලට	210
මුදල්වලින්	434
මුදලාලි	2794
මුදලාලිගෙ	250
මුදලාලිගේ	536
මුදලාලිට	460
මුදලාලිලා	553
මුදලි	328
මුදලිගේ	299
මුදලින්	4376
මුදලෙන්	278
මුදලේ	538
මුදවා	1291
මුද්ද	444
මුද්දක්	199
මුද්දර	2039
මුද්දරය	222
මුද්දරයක්	317
මුදා	8079
මුදාගත්	271
මුදාගෙන	268
මුදාහරින	555
මුදාහැර	879
මුදාහැරීම	282
මුදාහැරීමට	466
මුදිත	689
මුදිතා	371
මුදියන්සේ	278
මුදියන්සේලාගේ	404
මුදු	2538
මුදුන	737
මුදුනට	930
මුදුන්	2303
මුදුන්පත්	311
මුදුනින්	452
මුදුනේ	1544
මුදුව	353
මුන	1429
මුන්	7919
මුන්ගෙ	474
මුන්ගේ	986
මුන්ට	2957
මුන්දලම	443
මුන්ව	412
මුනි	538
මුනිදාස	474
මුනින්	255
මුනිවත	619
මුනුත්	247
මුබාරක්	585
මුම්බායි	1579
මුමුණන	223
මුර	3087
මුරකරු	316
මුරගල	266
මුරණ්ඩු	373
මුරපද	208
මුරපදය	405
මුරය	397
මුරලි	845
මුරලිදරන්	784
මුරුංගා	490
මුරුගන්	222
මුරුත්තෙට්ටුවේ	346
මුරේ	324
මුල	13463
මුලක්	727
මුලට	1012
මුලටම	295
මුලතිව්	3303
මුලතිවු	269
මුලදි	1050
මුලදී	2165
මුලදීම	202
මුලස්ථාන	296
මුලස්ථානය	567
මුලස්ථානයේ	490
මුලසුන	344
මුල්	43322
මුල්කර	474
මුල්කරගත්	212
මුල්කරගනිමින්	268
මුල්කරගෙන	621
මුල්කාලීන	207
මුල්කොට	251
මුල්ගල	794
මුල්ගල්	512
මුල්තැන	780
මුල්ම	6736
මුල්ල	264
මුල්ලක	481
මුල්ලකට	288
මුල්ලක්	425
මුල්ලේ	267
මුල්ලේරියාව	631
මුල්වරට	1225
මුල්වූ	256
මුලා	1369
මුලාව	245
මුලාවක්	209
මුලාවට	220
මුලික	5689
මුලිකම	214
මුලිකව	199
මුලිච්චි	246
මුලින්	11229
මුලින්ම	25940
මුලිනුපුටා	589
මුලිම්ම	214
මුලු	8993
මුලුමනින්	658
මුලුමනින්ම	1307
මුලුමහත්	199
මුලුල්ලේ	273
මුලූ	339
මුව	4251
මුවග	209
මුවගට	212
මුවට	561
මුවදොර	1031
මුවන්	568
මුවහත්	580
මුවා	2363
මුවාවී	488
මුවාවෙන්	1759
මුවින්	1931
මුවේ	370
මුසපත්	370
මුසම්මිල්	623
මුසල්මානුවන්	278
මුස්තාපා	311
මුස්තාෆා	599
මුස්ලිම්	32846
මුස්ලිම්වරු	727
මුස්ලිම්වරුන්	877
මුස්ලිම්වරුන්ගේ	266
මුස්ලිම්වරුන්ට	485
මුස්ලිමුන්	559
මුස්ලිමුන්ට	226
මුස්ලීම්	1516
මුස්ලීම්වරුන්	318
මුසා	338
මුසාවක්	266
මුසු	3096
මුසුව	414
මුහන්දිරම්	214
මුහම්මද්	2015
මුහු	441
මුහුකුරා	491
මුහුණ	26260
මුහුණක්	644
මුහුණට	2181
මුහුණත	526
මුහුණත්	463
මුහුණදී	745
මුහුණදීම	457
මුහුණදීමට	1341
මුහුණදුන්	461
මුහුණදෙන	544
මුහුණපා	404
මුහුණපාන	211
මුහුණලා	875
මුහුණින්	772
මුහුණු	4972
මුහුණුවර	454
මුහුණුවරක්	605
මුහුණුවරකින්	406
මුහුණෙන්	245
මුහුණේ	1750
මුහුද	4601
මුහුදක්	215
මුහුදට	2454
මුහුදින්	261
මුහුදු	19924
මුහුදුබඩ	652
මුහුදුබත්	292
මුහුදෙ	371
මුහුදෙන්	508
මුහුදේ	4657
මුහුදේදී	444
මුහුන	4278
මුහුනට	211
මුහුනපා	381
මුහුනු	408
මුහුනේ	366
මුළ	245
මුළා	442
මුළින්ම	497
මුළු	26390
මුළුතැන්	277
මුළුතැන්ගෙයි	273
මුළුමණින්ම	206
මුළුමනින්	1139
මුළුමනින්ම	2546
මුළුමහත්	356
මුළුල්ලෙහි	216
මුළුල්ලේ	1100
මුළුල්ලේම	244
මූ	9845
මූට	2474
මූඩ්	742
මූඩිය	260
මූණ	6217
මූණක්	450
මූණට	893
මූණටම	311
මූණත්	281
මූණු	2448
මූණුපොතේ	270
මූණෙ	431
මූණේ	472
මූත්	447
මූද	353
මූදට	203
මූදු	616
මූන	2307
මූනක්	203
මූනට	406
මූන්	1346
මූනු	756
මූනෙ	260
මූනේ	305
මූර්ති	774
මූර්තිමත්	224
මූල	1971
මූලධන	407
මූලධර්ම	1516
මූලධර්මය	519
මූලධර්මවාදය	213
මූලධර්මවාදී	426
මූලධර්මවාදීන්	198
මූලය	701
මූලයන්	418
මූලස්ථාන	1368
මූලස්ථානය	3156
මූලස්ථානයට	775
මූලස්ථානයේ	2746
මූලස්ථානයේදී	799
මූලාරම්භය	434
මූලික	29551
මූලිකත්වය	1080
මූලිකත්වයෙන්	1359
මූලිකම	1033
මූලිකව	1022
මූලිකවම	719
මූලිකාංග	226
මූලෝපාය	349
මූලෝපායික	1101
මූව	892
මූවි	290
මූසල	815
මෘග	383
මෘත	1999
මෘදු	1616
මෘදුකාංග	8614
මෘදුකාංගය	3471
මෘදුකාංගයක්	2166
මෘදුකාංගයකි	254
මෘදුකාංගයේ	498
මෙ	14518
මෙක	3212
මෙකට	457
මෙකත්	287
මෙකල	1106
මෙක්සිකානු	230
මෙක්සිකෝ	368
මෙක්සිකෝව	313
මෙක්සිකෝවේ	373
මෙකි	608
මෙකී	5314
මෙකෙ	502
මෙකෙන්	480
මෙකේ	524
මෙගා	2913
මෙගාවොට්	648
මෙගොඩ	204
මෙච්චර	11275
මෙච්චරකල්	361
මෙච්චරයි	1097
මෙට්ට	291
මෙඩිකල්	621
මෙතඩ්	318
මෙතන	20422
මෙතනට	3132
මෙතනත්	544
මෙතනදී	1138
මෙතනම	444
මෙතනයි	698
මෙතනින්	11681
මෙතරම්	4471
මෙත්	1145
මෙත්තා	207
මෙතැන	3505
මෙතැනට	847
මෙතැනදි	257
මෙතැනදී	1234
මෙතැනය	202
මෙතැන්	1045
මෙතැනින්	4441
මෙතුමා	1057
මෙතුමාගේ	248
මෙතුවක්	895
මෙතෙක්	19129
මෙතෙන්ට	757
මෙදා	3408
මෙදාතුර	304
මෙදින	641
මෙන	274
මෙනවිය	925
මෙන්	43333
මෙන්ඩා	326
මෙන්ඩිස්	2760
මෙන්ද	366
මෙන්න	49324
මෙන්ම	54896
මෙන්ය	249
මෙනි	2479
මෙනිසා	431
මෙනු	538
මෙනුව	3422
මෙනෙවිය	572
මෙනෙහි	1883
මෙපමණ	545
මෙපිට	428
මෙබදු	477
මෙබඳු	3110
මෙම	326924
මෙමගින්	3832
මෙමඟින්	887
මෙමට	251
මෙමරි	488
මෙමා	367
මෙමෙ	411
මෙය	76623
මෙයට	11350
මෙයත්	1267
මෙයද	1170
මෙයම	328
මෙයයි	3848
මෙයා	10275
මෙයාගෙ	863
මෙයාගෙන්	198
මෙයාගේ	1173
මෙයාට	2447
මෙයාල	1003
මෙයාලගෙ	222
මෙයාලගේ	370
මෙයාලට	563
මෙයාලා	1399
මෙයාව	1251
මෙයිට	439
මෙයින්	8443
මෙරක්	325
මෙරට	32428
මෙරටට	8849
මෙරටදී	462
මෙරටින්	1642
මෙරටේ	479
මෙරිල්	201
මෙලහකට	245
මෙල්	475
මෙල්බන්	274
මෙල්බර්න්	811
මෙල්ල	923
මෙලෙස	24877
මෙලෙසම	238
මෙලෙසයි	236
මෙලෙසින්	936
මෙලෙසිනි	251
මෙලොව	3253
මෙලොවට	644
මෙලොවින්	449
මෙලෝ	4220
මෙව	246
මෙවන්	9991
මෙවර	17791
මෙවරත්	1075
මෙවරද	434
මෙවලම	377
මෙවලමක්	720
මෙවලම්	1910
මෙවලම්රු	570
මෙව්ව	1322
මෙව්වට	284
මෙව්වා	3505
මෙවා	866
මෙවැන්නක්	658
මෙවැනි	29806
මෙවැනිම	825
මෙවිට	369
මෙවුවා	348
මෙෂින්	207
මෙසේ	39999
මෙසේද	1028
මෙසේම	232
මෙසේය	3196
මෙසේයි	553
මෙහම	283
මෙහා	2661
මෙහාට	2269
මෙහි	48544
මෙහිද	202
මෙහිදි	2503
මෙහිදී	34191
මෙහිම	208
මෙහිලා	614
මෙහෙ	10093
මෙහෙං	203
මෙහෙකාර	236
මෙහෙකාරිය	308
මෙහෙට	2544
මෙහෙණින්	246
මෙහෙත්	848
මෙහෙදි	292
මෙහෙදී	219
මෙහෙන්	2444
මෙහෙම	35474
මෙහෙමත්	2204
මෙහෙමද	313
මෙහෙමනේ	210
මෙහෙමම	279
මෙහෙමයි	8472
මෙහෙමවත්	278
මෙහෙය	2841
මෙහෙයක්	818
මෙහෙයට	278
මෙහෙයන්	198
මෙහෙයවන	2177
මෙහෙයවනවා	301
මෙහෙයවන්නේ	496
මෙහෙයවනු	1049
මෙහෙයවමින්	287
මෙහෙයවයි	208
මෙහෙයවා	709
මෙහෙයවීම	1311
මෙහෙයවීමට	417
මෙහෙයවීමෙන්	1001
මෙහෙයවීමේ	266
මෙහෙයවූ	830
මෙහෙයුම	4433
මෙහෙයුමක	346
මෙහෙයුමකදී	724
මෙහෙයුමක්	2647
මෙහෙයුමකින්	469
මෙහෙයුමට	839
මෙහෙයුම්	15980
මෙහෙයුම්වල	470
මෙහෙයුම්වලට	225
මෙහෙයුම්වලදී	247
මෙහෙයුම්වලින්	199
මෙහෙයුමෙන්	239
මෙහෙයුමේ	936
මෙහෙයුමේදී	492
මෙහෙවර	2586
මෙහෙවරක	262
මෙහෙවරක්	1323
මෙහෙවරට	238
මෙහෙව්	369
මෙහේ	5326
මෙළෝ	356
මේ	1067105
මේං	846
මේක	105035
මේකට	13793
මේකටත්	552
මේකත්	5968
මේකද	812
මේකනම්	1067
මේකනෙ	205
මේකනේ	387
මේකප්	474
මේකම	428
මේකයි	4760
මේකව	216
මේක්	303
මේකා	2520
මේකි	1100
මේකිට	363
මේකෙ	6562
මේකෙත්	489
මේකෙදි	660
මේකෙන්	5187
මේකේ	8376
මේගැන	348
මේගොල්ලෝ	209
මේඝ	395
මේජර්	5908
මේඩ්	252
මේතරම්	420
මේත්	392
මේද	871
මේදය	643
මේධානන්ද	950
මේනක	272
මේනකා	600
මේන්	1060
මේන්න	401
මේපාර	305
මේම	978
මේය	366
මේරි	753
මේල්	11907
මේව	4488
මේවගෙ	258
මේවගේ	2943
මේවට	2707
මේවත්	533
මේවන	2425
මේවනවිට	587
මේවයින්	251
මේවයේ	261
මේවා	28204
මේවාට	1874
මේවාත්	309
මේවායින්	689
මේවායේ	1509
මේෂ	821
මේස	1976
මේසන්	529
මේසය	2285
මේසයක්	901
මේසයට	498
මේසයේ	435
මේස්	730
මේසා	214
මේසෙ	1306
මේසෙට	481
මේසේ	1038
මේහි	378
මොංගල්	287
මොක	1175
මොකක්	14032
මොකක්ද	24532
මොකක්දෝ	1555
මොකක්වත්	367
මොකක්හරි	661
මොකට	1477
මොකටද	6964
මොකද	70615
මොකද්ද	10615
මොකද්දෝ	636
මොකවත්	1415
මොක්	226
මොක්කුද	294
මොකා	1186
මොකාටද	313
මොකාද	1032
මොකෑ	1070
මොකුත්	4596
මොකුත්ම	592
මොකෙක්	779
මොකෙක්ද	340
මොකෙක්වත්	228
මොකො	716
මොකෝ	10927
මොග්ගල්ලාන	199
මොට	512
මොටද	643
මොටයි	338
මොටර්	442
මොට්ට	304
මොටෝ	373
මොඩ	305
මොඩම්	377
මොඩර්න්	215
මොඩරේට්	384
මොඩලය	378
මොඩල්	658
මොඩ්	396
මොඩ්ල්	236
මොඩිෆයි	212
මොණර	310
මොණරාගල	3141
මොන	31002
මොනතරම්	2102
මොනදේ	235
මොනම	1280
මොනයම්	618
මොනර	242
මොනරාගල	1482
මොනව	9081
මොනවගේ	932
මොනවට	1265
මොනවටද	450
මොනවත්	1903
මොනවත්ම	202
මොනවද	15717
මොනවදෝ	528
මොනවහරි	1225
මොනවා	17937
මොනවාද	5034
මොනවාදැයි	862
මොනවාදෝ	364
මොනවාහරි	373
මොන්ටිසෝරි	811
මොනා	6872
මොනාද	3681
මොනාහරි	638
මොනිකා	309
මොනිටර්	431
මොබ	352
මොබයිල්	1736
මොබිටෙල්	2008
මොර	1122
මොරගහකන්ද	1237
මොරගහහේන	214
මොරගොඩ	751
මොරටු	509
මොරටුව	3483
මොරටුවේ	498
මොරවක	395
මොරවැව	200
මොරාල්	232
මොරිස්	434
මොල	481
මොලය	654
මොලයක්	606
මොලයට	250
මොලයේ	345
මොලී	240
මොලේ	3337
මොලේට	443
මොවුන්	9443
මොවුන්ගෙන්	318
මොවුන්ගේ	1471
මොවුන්ට	1438
මොවුහු	617
මොස්කව්	922
මොසිල්ලා	204
මොහමඩ්	478
මොහාන්	2045
මොහිදීන්	339
මොහු	7887
මොහුගේ	1441
මොහුට	1323
මොහුව	334
මොහොට්ටාල	228
මොහොත	4261
මොහොතක	4494
මොහොතකට	4496
මොහොතකටවත්	280
මොහොතකදී	255
මොහොතකම	812
මොහොතක්	4273
මොහොතකි	220
මොහොතකින්	1695
මොහොතට	427
මොහොතයි	332
මොහොතින්	1237
මොහොතෙ	638
මොහොතෙම	272
මොහොතේ	9706
මොහොතේත්	271
මොහොතේදී	670
මොහොතේම	713
මොහොමඞ්	1223
මොහොමඩ්	4109
මොළ	949
මොළය	1962
මොළයක්	609
මොළයට	698
මොළයෙන්	203
මොළයේ	1452
මොළේ	1602
මෝ	442
මෝචනය	295
මෝටරය	239
මෝටර්	23297
මෝටර්සයිකල්	12819
මෝටර්ස්	262
මෝටාර්	757
මෝඩ	7627
මෝඩකම	543
මෝඩකමක්	279
මෝඩකම්	276
මෝඩයන්	381
මෝඩයා	779
මෝඩයි	287
මෝඩයෙක්	754
මෝඩයො	228
මෝඩයෝ	768
මෝඩි	941
මෝදර	739
මෝදි	1900
මෝදිගේ	316
මෝදු	442
මෝනිං	239
මෝනින්	247
මෝය	379
මෝර	232
මෝරා	617
මෝරු	236
මෝරුන්	240
මෝල	336
මෝල්	1583
මෝසම	318
මෝසමක්	333
මෝසම්	1025
මෝස්තර	1272
මෝස්තරය	414
මෝස්තරයක්	225
මෝහ	636
මෝහනය	439
මෝහන්	240
මෝහය	385
මෝහයෙන්	201
මෞර්ය	316
ඹබ	298
ඹහු	208
ය	241852
යං	2221
යංතං	228
යකඩ	6439
යකඩෝ	381
යක්	1350
යක්කල	438
යක්කලමුල්ල	235
යක්කු	1667
යක්ෂ	1298
යක්ෂයා	654
යක්ෂයාගේ	209
යකා	4615
යකාගෙ	234
යකාගේ	481
යකාට	668
යකු	216
යකුන්	649
යකුනේ	340
යකෙක්	890
යකො	450
යකෝ	12546
යග	271
යට	20289
යටකර	204
යටගිය	396
යටට	1975
යටතට	2262
යටත්	10227
යටත්ව	1660
යටත්විජිත	763
යටතෙ	420
යටතේ	53031
යටතේද	281
යටතේම	235
යටතේය	541
යටතේයි	765
යටපත්	3555
යටම	329
යටයි	220
යටව	282
යටවී	1284
යටවීම	288
යටවීමෙන්	210
යටවූ	242
යටවෙලා	433
යටහත්	423
යටි	3579
යටිකුරු	742
යටිතල	3374
යටින්	6580
යටිනුවර	201
යටිමඩි	261
යටියන්තොට	378
යත්	5962
යත්න	436
යත්ම	434
යතා	236
යතාර්ථය	715
යතාර්ථයක්	240
යති	2135
යතු	198
යතුර	1516
යතුරක්	229
යතුරැ	266
යතුරු	7363
යතුරුපැදි	1776
යතුරුපැදිකරු	403
යතුරුපැදිය	1063
යතුරුපැදියක	299
යතුරුපැදියක්	1049
යතුරුපැදියකින්	916
යතුරුපැදියේ	560
යථා	3143
යථාර්තය	1558
යථාර්තයක්	515
යථාර්තයට	380
යථාර්ථය	2821
යථාර්ථයක්	1104
යථාර්ථයට	259
යථාර්ථවාදී	616
යදම්	268
යද්දි	6853
යද්දිත්	256
යද්දී	6633
යදින	268
යන	216463
යනකං	614
යනකන්	884
යනකම්	1246
යනකම්ම	306
යනකල්	810
යනකොට	11918
යනකොටත්	366
යනකොටම	249
යනගමන්	278
යනතුරු	908
යනතෙක්	267
යනව	8875
යනවට	887
යනවද	2355
යනවනම්	778
යනවනෙ	359
යනවනේ	688
යනවයි	245
යනවලු	997
යනවා	42722
යනවාට	366
යනවාද	522
යනවානම්	354
යනවාය	645
යනවිට	1713
යන්	1775
යන්ට	3347
යන්ඩ	3032
යන්තං	1040
යන්තන්	429
යන්තමට	825
යන්තම්	4701
යන්තමින්	1080
යන්තර	271
යන්තරේ	227
යන්න	136606
යන්නං	387
යන්නක්	323
යන්නකො	198
යන්නකෝ	497
යන්නට	14875
යන්නටත්	366
යන්නත්	4549
යන්නද	1533
යන්නන්	335
යන්නම	1104
යන්නම්	1467
යන්නය	1447
යන්නයි	7704
යන්නවත්	403
යන්නා	563
යන්නාවූ	198
යන්නෑ	608
යන්නෙ	14578
යන්නෙත්	1540
යන්නෙන්	1854
යන්නෙම	261
යන්නෙමි	304
යන්නෙහි	1023
යන්නේ	36307
යන්නේත්	265
යන්නේද	334
යන්නේය	582
යන්නෝ	280
යනාදි	607
යනාදිය	1751
යනාදී	3168
යනු	56058
යනුයි	752
යනුවෙන්	16954
යනුවෙන්ද	660
යනුවෙනි	3018
යනෙන	671
යනෝ	238
යම	1022
යමං	535
යමක	488
යමකට	293
යමක්	20929
යමකු	355
යමන්	597
යමහල්	199
යම්	63849
යම්කිසි	4160
යම්තම්	257
යම්තාක්	938
යම්සේ	815
යම්සේද	223
යමි	2245
යමින්	10275
යමු	6978
යමුකෝ	242
යමුද	990
යමුනා	394
යමෙක්	2719
යමෙකු	1290
යමෙකුගේ	387
යමෙකුට	990
යයි	45559
යයිද	1900
යල	784
යල්	964
යල්පැන	219
යලි	9813
යලිත්	4414
යලිදු	230
යව	410
යවන	4634
යවනව	294
යවනවා	1353
යවන්න	10506
යවන්නට	462
යවන්නන්	626
යවන්නා	455
යවන්නෙ	355
යවන්නේ	862
යවනු	660
යවපු	701
යවමින්	911
යවමු	237
යවයි	653
යවල	655
යවලා	1389
යවා	5315
යශෝධරා	293
යශෝධා	265
යස	1868
යසට	433
යසන්ත	257
යසනාත්	235
යසස්	279
යස්	237
යසෝදරා	344
යහ	2253
යහතින්	761
යහන	621
යහනට	222
යහන්	502
යහනේ	618
යහපත	3252
යහපතක්	1357
යහපතට	536
යහපත්	15539
යහපත්ය	477
යහපත්ව	330
යහපති	373
යහපාලන	5763
යහපාලනය	4462
යහපාලනයක්	541
යහපාලනයට	559
යහපාලනයෙන්	199
යහපාලනයේ	561
යහපාලනේ	414
යහපැවැත්ම	225
යහමග	236
යහමගට	198
යහමඟ	576
යහමින්	1056
යහලුවන්	258
යහළු	460
යහළුවන්	684
යළි	25798
යළිත්	8068
යළිදු	274
යා	15863
යාකොබ්	264
යාග	396
යාගය	270
යාච්ඤා	709
යාච්ඤාව	285
යාඥා	655
යාන	670
යානය	6294
යානයක	567
යානයක්	2614
යානයකින්	730
යානයට	697
යානයෙන්	918
යානයේ	2614
යාන්	255
යාන්තං	511
යාන්තන්	252
යාන්තමට	1045
යාන්තම්	1285
යාන්තමින්	561
යානා	7933
යානාව	591
යානාවක්	494
යානාවල	293
යානාවලට	219
යානාවේ	267
යාපන	704
යාපනය	12290
යාපනයට	1240
යාපනයෙන්	228
යාපනයේ	4432
යාපනයේදී	564
යාපනේ	1576
යාපහුව	307
යාපා	3047
යාබද	1311
යාබදව	716
යාම	18311
යාමක්	1413
යාමකි	217
යාමට	20232
යාමටත්	428
යාමටද	200
යාමටයි	262
යාමත්	1493
යාමද	220
යාමය	634
යාමයි	1043
යාමයේ	498
යාම්	1141
යාමෙන්	3264
යාමේ	5622
යාමේදී	1928
යාය	3106
යායක	260
යායක්	564
යායට	739
යායසිව්	337
යායුතු	760
යායුතුය	204
යායේ	859
යාර	418
යාල	1310
යාල්	287
යාලු	2431
යාලුව	637
යාලුවට	633
යාලුවත්	224
යාලුවන්	271
යාලුවන්ට	793
යාලුවන්ටත්	211
යාලුවනේ	2216
යාලුවා	2416
යාලුවෙක්	4062
යාලුවෙක්ගෙ	369
යාලුවෙක්ට	268
යාලුවෙකුට	262
යාලුවේ	229
යාලුවො	3064
යාලුවොත්	473
යාලුවෝ	2725
යාව	249
යාවජීව	303
යාවත්	296
යාවත්කාල	379
යාවත්කාලින	215
යාවත්කාලීන	5107
යාවත්කාලීනය	281
යාවි	2071
යාවිද	320
යාවී	377
යාහැකි	323
යාහූ	265
යාළු	2289
යාළුකම	277
යාළුව	357
යාළුවගේ	246
යාළුවට	329
යාළුවන්	434
යාළුවන්ට	689
යාළුවනි	479
යාළුවනේ	1141
යාළුවා	2899
යාළුවෙක්	2795
යාළුවෙක්ගේ	205
යාළුවෙකුට	201
යාළුවෙලා	241
යාළුවො	2864
යාළුවොත්	478
යාළුවෝ	2957
යැ	2438
යැපෙන	947
යැම	1266
යැමට	1494
යැමෙන්	259
යැමේ	409
යැයි	56309
යැයිද	994
යැව්ව	304
යැව්වා	1092
යැව්වේ	471
යැවිය	784
යැවීම	2316
යැවීමට	2506
යැවීමෙන්	296
යැවීමේ	993
යැවීමේදී	331
යැවීය	265
යැවු	223
යැවුවා	253
යැවූ	2127
යැවෙන	210
යෑ	742
යෑම	5860
යෑමක්	461
යෑමට	5093
යෑමත්	365
යෑමයි	262
යෑම්	408
යෑමෙන්	959
යෑමේ	1425
යෑමේදී	332
යෑයි	5645
යි	49757
යී	309
යු	2601
යුක්ත	5332
යුක්තය	894
යුක්තයි	565
යුක්තව	2055
යුක්තවූ	628
යුක්තවූයේ	515
යුක්ති	1494
යුක්තිය	3608
යුක්තියේ	213
යුක්තිසහගත	479
යුක්රේන	521
යුක්රේනය	308
යුක්රේනයේ	444
යුග	3618
යුගය	5535
යුගයක	1908
යුගයකට	390
යුගයක්	2031
යුගයකි	284
යුගයට	1654
යුගයයි	282
යුගයෙන්	529
යුගයේ	8559
යුගයේදී	1098
යුගල	994
යුගලක්	312
යුගලය	308
යුගවල	213
යුගේ	204
යුත්	11727
යුත්ත	436
යුත්තක්	1252
යුත්තකි	783
යුත්තන්	343
යුත්තෙ	406
යුත්තේ	20377
යුත්තේද	198
යුත්තේය	382
යුතු	128267
යුතුකම	3438
යුතුකමක්	1334
යුතුකමකි	338
යුතුකම්	1874
යුතුද	2932
යුතුදැයි	240
යුතුබව	205
යුතුම	1534
යුතුමය	1782
යුතුමයි	1285
යුතුය	48631
යුතුයයි	364
යුතුයැයි	1454
යුතුයි	34777
යුතුව	15930
යුතුවූ	199
යුතුවේ	982
යුද	29993
යුදමය	856
යුද්ද	714
යුද්දය	876
යුද්දයක්	344
යුද්දයට	224
යුද්දයෙන්	207
යුද්දෙ	1233
යුද්දෙට	619
යුද්දෙන්	339
යුද්දේ	1178
යුද්ධ	13479
යුද්ධය	16825
යුද්ධයක	800
යුද්ධයකට	861
යුද්ධයකදී	219
යුද්ධයක්	3799
යුද්ධයකින්	272
යුද්ධයට	3726
යුද්ධයෙන්	3770
යුද්ධයේ	4677
යුද්ධයේදී	1419
යුද්ධෙ	534
යුද්ධේ	226
යුදෙව්	2610
යුදෙව්වන්	1134
යුදෙව්වන්ට	294
යුදෙවු	808
යුධ	11134
යුධමය	654
යුනිකේත	1181
යුනිකෝඩ්	2233
යුනිට්	285
යුනියන්	400
යුනිවර්සිටි	240
යුනිසෙෆ්	209
යුනිෆෝම්	401
යුනෙස්කෝ	478
යුරු	298
යුරේනස්	209
යුරේනි	309
යුරේනියම්	264
යුරෝ	3534
යුරෝපය	4008
යුරෝපයට	955
යුරෝපයෙන්	293
යුරෝපයේ	4028
යුරෝපා	6294
යුරෝපිය	253
යුරෝපියානු	335
යුරෝපීය	5272
යුරෝපීයයන්	237
යුව	318
යුවතිය	1037
යුවතියක	205
යුවතියක්	726
යුවතියන්	495
යුවල	1346
යුවලකට	238
යුවලක්	1334
යුවලගේ	220
යුවලට	345
යුවළ	1034
යුවළක්	766
යුවළට	221
යුෂ	987
යුහුසුළුව	247
යූ	8111
යූඇන්පී	487
යූඑන්පී	427
යූටියුබ්	436
යූටීසී	542
යූත්	212
යූතු	359
යූනියන්	383
යූරෝ	368
යූස්	396
යෙ	396
යෙදවිය	427
යෙදවීම	1261
යෙදවීමට	1225
යෙදවීමේ	231
යෙදවුම්	432
යෙදවූ	398
යෙදි	355
යෙදිය	1252
යෙදිලා	500
යෙදී	7628
යෙදීම	3015
යෙදීමට	1531
යෙදීම්	297
යෙදීමෙන්	721
යෙදීමේ	429
යෙදු	350
යෙදුණ	261
යෙදුණා	234
යෙදුණි	215
යෙදුණු	1695
යෙදුණේ	201
යෙදුන	855
යෙදුනා	331
යෙදුනි	223
යෙදුනු	1528
යෙදුනේ	480
යෙදුම	1448
යෙදුමක්	477
යෙදුම්	1652
යෙදුවේ	202
යෙදූ	1061
යෙදෙති	326
යෙදෙන	6989
යෙදෙනවා	801
යෙදෙන්න	647
යෙදෙන්නට	498
යෙදෙන්නේ	903
යෙදෙමින්	1045
යෙදෙයි	413
යෙදේ	700
යෙන්	2779
යෙසායා	259
යෙහි	291
යෙහෙකි	216
යෙහෙන්	282
යෙහෙළිය	296
යෙහෙළියන්	218
යේ	3755
යේමනය	226
යේමනයේ	411
යේස්	475
යේසුස්	3040
යො	263
යොජනා	340
යොදන	1887
යොදනවා	219
යොදන්න	1020
යොදන්නේ	311
යොදනු	300
යොදමින්	469
යොදලා	372
යොදවන	1187
යොදවන්න	432
යොදවන්නේ	282
යොදවනු	334
යොදවමින්	282
යොදවලා	297
යොදවා	5297
යොදා	32280
යොදාගත	1153
යොදාගත්	1903
යොදාගත්තේ	288
යොදාගන්න	1050
යොදාගන්නවා	286
යොදාගන්නා	1834
යොදාගන්නේ	656
යොදාගනිමින්	1098
යොදාගනී	362
යොදාගනු	742
යොදාගැනීම	806
යොදාගැනීමට	438
යොදාගෙන	4870
යොදුන්	552
යොමා	622
යොමු	37827
යොමුකර	2518
යොමුකරන	760
යොමුකරන්න	263
යොමුකරමින්	340
යොමුකල	293
යොමුකළ	1263
යොමුකිරීම	233
යොමුකිරීමට	235
යොමුව	2204
යොමුවන	507
යොමුවන්නේ	248
යොමුවිය	576
යොමුවී	957
යොමුවීම	515
යොමුවීමට	219
යොමුවුණා	229
යොමුවූ	380
යොමුවේ	202
යොවුන්	4267
යොහන්	828
යොහාන්	529
යෝ	603
යෝක්	367
යෝග	1463
යෝගට්	636
යෝගය	1023
යෝගයක්	300
යෝගා	200
යෝගී	283
යෝජනා	24558
යෝජනාව	8930
යෝජනාවකට	409
යෝජනාවක්	4976
යෝජනාවට	2641
යෝජනාවලට	321
යෝජනාවලිය	665
යෝජනාවලියක්	303
යෝජනාවෙන්	348
යෝජනාවේ	774
යෝජිත	3676
යෝධ	2855
යෝධයන්	198
යෝධයා	595
යෝනි	905
යෝනිය	385
යෝර්ක්	734
යෝෂිත	1552
යෞවන	1480
යෞවනය	259
යෞවනයේ	261
රංග	4725
රංගන	6733
රංගනය	2157
රංගනයක	287
රංගනයක්	391
රංගනයට	952
රංගනයන්	223
රංගනයෙන්	1903
රංගනයේ	584
රංගා	261
රංගි	403
රංගිරි	352
රංගේ	643
රංචු	782
රංචුව	436
රංචුවක්	536
රංජන්	1060
රංජනී	376
රංජිත්	7477
රක්ත	447
රක්නා	677
රක්වාන	346
රක්ෂණ	3300
රක්ෂණය	773
රක්ෂන	208
රක්ෂා	580
රක්ෂිත	9386
රක්ෂිතය	796
රක්ෂිතයට	443
රක්ෂිතයේ	1336
රකින	2024
රකිනවා	384
රකින්න	1176
රකින්නට	464
රකින්නා	200
රකින්නේ	331
රකිනා	264
රකිනු	202
රකිමින්	459
රකුසා	203
රග	441
රගපාන	212
රගර්	1787
රග්බි	2324
රඟ	2738
රඟන	808
රඟපාන	956
රඟපානවා	439
රඟපාන්න	1217
රඟපාන්නේ	373
රඟපාපු	296
රඟපාලා	247
රඟපෑ	1274
රඟපෑම	840
රඟපෑමක්	257
රඟපෑමට	418
රඟපෑම්	478
රඟපෑවා	429
රඟපෑවේ	488
රඟහල	776
රඟහලේ	504
රඟහලේදී	321
රචක	638
රචකයකු	331
රචකයන්	439
රචකයා	1619
රචකයාගේ	228
රචකයාට	964
රචකයින්	234
රචකයෙක්	437
රචකයෙකු	341
රචනය	2895
රචනයක්	385
රචනයට	244
රචනයෙන්	199
රචනයේ	220
රචනා	5326
රචනාව	532
රචනාවක්	398
රචිත	2137
රජ	16509
රජකම	992
රජකමට	331
රජකම්	619
රජකු	208
රජගහ	363
රජගහනුවර	220
රජගෙදර	240
රජතුමනි	435
රජතුමා	7994
රජතුමාගේ	1740
රජතුමාට	1395
රජදහන	410
රජමහ	208
රජමහා	3090
රජය	42460
රජයක	263
රජයකට	422
රජයක්	2526
රජයට	12192
රජයටත්	226
රජයත්	418
රජයන	377
රජයන්	783
රජයයි	219
රජයෙන්	4052
රජයේ	44116
රජරට	3009
රජවරු	1799
රජවරුන්	937
රජවරුන්ගේ	380
රජවරුන්ට	243
රජ්ජුරුවන්	447
රජ්ජුරුවන්ගේ	563
රජ්ජුරුවන්ට	493
රජ්ජුරුවො	391
රජ්ජුරුවෝ	1338
රජා	2519
රජාගේ	401
රජාට	554
රජාණන්	1816
රජානන්	224
රජිත	317
රජිත්	242
රජිව්	536
රජීව්	651
රජු	11277
රජුගෙන්	411
රජුගේ	4965
රජුට	2123
රජුන්	1300
රජුන්ගේ	265
රජෙක්	1562
රජෙකු	364
රජෝ	534
රට	68372
රටක	13007
රටකජු	561
රටකට	4103
රටකම	746
රටක්	16583
රටක්ම	264
රටකි	1028
රටකින්	624
රටට	22847
රටටත්	689
රටටම	1508
රටත්	1112
රටතුල	340
රටතුළ	309
රටපුරා	1368
රටම	3034
රටයි	555
රටවල	18344
රටවලට	4028
රටවලත්	463
රටවලද	227
රටවලදී	216
රටවල්	26156
රටවල්වල	866
රටවල්වලට	350
රටවලින්	1945
රටවැසියන්	350
රට්ටු	290
රට්ඨපාල	240
රටා	2696
රටාව	3028
රටාවකට	516
රටාවක්	1168
රටාවට	580
රටාවන්	781
රටාවෙන්	229
රටාවේ	398
රටින්	3802
රටෙ	993
රටෙත්	646
රටෙන්	1434
රටෙහි	1361
රටේ	82766
රටේත්	391
රටේද	285
රටේම	1435
රණ	1829
රණතුංග	3855
රණවක	4053
රණවිරු	2944
රණවිරුවන්	3199
රණවිරුවන්ගේ	853
රණවිරුවන්ට	1190
රණවිරුවා	308
රණවිරුවෝ	439
රණවීර	1179
රණසිංහ	3548
රණ්ඩු	1620
රත	294
රතන	2793
රතනසාර	201
රත්	3792
රත්ගම	844
රත්ගමයා	567
රත්තනදෙණියේ	683
රත්තරං	2209
රත්තරන්	3820
රත්තරනේ	339
රත්තොට	280
රත්න	1480
රත්නපාල	220
රත්නපුර	10250
රත්නපුරය	353
රත්නපුරයට	210
රත්නපුරරු	446
රත්නපුරේ	684
රත්නම්	246
රත්නය	805
රත්නයේ	211
රත්නසිරි	900
රත්නායක	7117
රත්නායකගේ	323
රත්නායකයන්	211
රත්නාවලී	202
රත්නේ	237
රත්මලාන	1555
රත්මලානේ	297
රත්රන්	626
රත්වත්තේ	573
රති	451
රතිඤ්ඤා	991
රතී	281
රතු	15459
රතුපස්වල	1105
රතුපාට	746
රථ	26467
රථය	10332
රථයක	3208
රථයකට	1215
රථයක්	9815
රථයකින්	2493
රථයට	1802
රථයෙන්	1315
රථයේ	7062
රථරු	9620
රථවල	814
රථවලට	373
රථවලින්	285
රථවාහන	4091
රද	252
රදගුරු	726
රදල	203
රදවා	1464
රදවාගෙන	452
රදළ	411
රදා	611
රදුන්	538
රන්	14759
රන්ජන්	3426
රන්ජිත්	515
රන්ඩු	459
රන්දිල්	465
රන්දෙණිය	217
රන්දෝලි	305
රන්භූමි	269
රන්වන්	1120
රන්වල	336
රනා	746
රනින්	450
රනිල්	33106
රනිල්ගෙ	279
රනිල්ගෙන්	278
රනිල්ගේ	1885
රනිල්ට	2645
රනිල්ව	215
රඳවන	217
රඳවා	6034
රඳවාගෙන	1436
රඳා	2035
රබන්	380
රබර්	5026
රමණය	310
රමණි	306
රමණී	279
රමණීය	547
රම්	202
රම්බා	209
රමේෂ්	386
රඹුක්කන	786
රඹුක්වැල්ල	1202
රඹුටන්	758
රයන්	543
රයිකය	256
රයිගම	262
රයිගම්	698
රයිටර්	434
රයිට්	1260
රයිට්ස්	349
රයිඩර්	269
රයිස්	927
රයිෆල්	324
රල	271
රලි	339
රලු	304
රවටන	350
රවට්ටන්න	341
රවටා	1060
රවා	1075
රවි	3922
රවිනාථ	223
රවිඳු	318
රවියා	351
රවිරාජ්	383
රවී	7328
රවීගේ	289
රවීට	214
රවීන්	245
රවුං	236
රවුම	485
රවුමක්	1551
රවුමට	461
රවුම්	1876
රවුමේ	271
රවුෆ්	997
රශ්මි	616
රශ්මිය	330
රස	19227
රසකතා	280
රසක්	406
රසකාරක	296
රසකැවිලි	334
රසට	885
රසදිය	643
රසඳුන	242
රසබර	452
රසම	390
රසය	3274
රසයක්	1228
රසයට	383
රසයි	1100
රසයෙන්	532
රසල්	493
රසවත්	5839
රසවත්ව	300
රසවිදින්න	244
රසවින්දනය	505
රසවින්දනයක්	319
රසවිඳින්න	535
රස්තියාදු	1691
රස්තියාදුකාරයා	226
රස්නය	391
රස්නෙ	413
රස්නෙයි	227
රස්නේ	405
රස්සා	1364
රස්සාව	3196
රස්සාවකට	393
රස්සාවක්	2976
රස්සාවට	1290
රස්සාවත්	246
රස්සාවල්	786
රස්සාවෙන්	438
රසායන	4154
රසායනය	469
රසායනාගාර	733
රසායනාගාරය	305
රසායනික	5565
රසායනිකය	218
රසාස්වාදය	214
රසැති	242
රසික	5006
රසිකගේ	290
රසිකට	249
රසිකයන්	710
රසිකයන්ට	347
රසිකයා	425
රසිකයින්	341
රසිකයෙක්	473
රසිකයෝ	315
රසිකා	223
රහ	2131
රහක්	2367
රහට	635
රහතන්	2740
රහත්	2147
රහතුන්	832
රහමෙර	237
රහයි	940
රහස	2451
රහසක්	2973
රහසකි	285
රහස්	11397
රහසිගත	2119
රහසිගතව	1167
රහසින්	1702
රහසේ	2123
රහසේම	565
රහිත	5295
රහිතයි	203
රහිතව	1590
රහිතවූ	237
රහුමාන්	459
රළ	2306
රළු	3082
ර්	1904
රා	3864
රාක්ක	349
රාක්කය	222
රාක්ෂ	233
රාග	1059
රාගම	1956
රාගය	1326
රාගයෙන්	552
රාගල	202
රාජ	6070
රාජකරුණා	569
රාජකාරි	6248
රාජකාරිය	2607
රාජකාරියක්	605
රාජකාරියට	1028
රාජකාරියේ	960
රාජකාරී	2677
රාජකීය	5887
රාජගිරිය	1364
රාජගිරියේ	617
රාජධානි	694
රාජධානිය	2703
රාජධානියක්	206
රාජධානියට	323
රාජධානියේ	1818
රාජපක්ශ	603
රාජපක්ෂ	54414
රාජපක්ෂගෙන්	312
රාජපක්ෂගේ	4051
රාජපක්ෂට	2523
රාජපක්ෂලා	794
රාජපක්ෂලාගේ	419
රාජපක්ෂලාට	225
රාජපක්ෂවරු	205
රාජපක්ෂවරුන්	276
රාජපක්ස	278
රාජමහා	360
රාජයා	712
රාජයාණන්	220
රාජරත්න	287
රාජවංශය	500
රාජසන්තක	510
රාජසිංහ	1935
රාජ්	4104
රාජ්ය	682
රාජා	1496
රාජාංගනය	317
රාජාණ්ඩු	247
රාජාවලිය	502
රාජිත	7063
රාජිතගේ	301
රාජිතට	230
රාජු	341
රාඩා	204
රාණි	353
රාත්තල්	496
රාද්	231
රාධා	234
රාධිකා	203
රාම	912
රාමඤ්ඤ	494
රාමනාදන්	414
රාමනායක	2439
රාමසාන්	708
රාම්	480
රාමා	545
රාමායනය	256
රාමු	1772
රාමුව	1811
රාමුවක	303
රාමුවකට	273
රාමුවක්	1009
රාමුවට	298
රාමුවෙන්	408
රාමුවේ	209
රායප්පු	323
රායි	298
රාල	492
රාලහාමි	598
රාව	211
රාවණ	2485
රාවණා	3311
රාවණාගේ	274
රාවන	412
රාවනා	709
රාවය	3334
රාවයක්	333
රාවයට	284
රාවයේ	412
රාවුෆ්	340
රාශි	955
රාශිය	764
රාශියක	402
රාශියකට	449
රාශියක්	5641
රාශියකි	372
රාශියකින්	312
රාශියට	523
රාශියේ	461
රාහු	1371
රාහුල	2256
රාහුල්	424
රාළ	766
රාළහාමි	858
රැක	8502
රැකගත	406
රැකගත්	471
රැකගන්න	1309
රැකගන්නට	230
රැකගැනීම	811
රැකගැනීමට	713
රැකගැනීමේ	291
රැකගෙන	1174
රැකබලා	506
රැකවරණ	977
රැකවරණය	1967
රැකවරණයක්	245
රැකවල්	459
රැකි	406
රැකිය	342
රැකියා	20145
රැකියාව	4800
රැකියාවක	713
රැකියාවකට	809
රැකියාවක්	5064
රැකියාවට	1681
රැකියාවන්	414
රැකියාවල	693
රැකියාවලට	327
රැකියාවෙන්	580
රැකියාවේ	1075
රැකී	372
රැකීම	872
රැකීමට	717
රැකීමේ	302
රැකෙන	382
රැග	213
රැගත්	3258
රැග්	1722
රැගුම්	207
රැගෙන	26363
රැගෙනවිත්	750
රැඟුම්	632
රැජන	227
රැජිණ	955
රැජින	1807
රැජිනගේ	432
රැට	394
රැඩිකල්	1999
රැදවියන්	431
රැදවුම්	250
රැදි	806
රැදී	3768
රැදෙන්න	248
රැඳවියන්	1402
රැඳවියන්ගේ	217
රැඳවුම්	945
රැඳි	1429
රැඳිලා	558
රැඳී	7735
රැඳුණු	439
රැඳුන	232
රැඳුනු	499
රැඳෙන	481
රැඳෙන්න	256
රැප්	958
රැපියල්	481
රැම්	460
රැය	1562
රැයක	572
රැයක්	1305
රැයකින්	284
රැයින්	336
රැයේ	1077
රැල	700
රැලක්	680
රැල්	334
රැල්ල	1946
රැල්ලක්	1339
රැල්ලට	849
රැල්ලේ	503
රැලි	1938
රැලිය	1004
රැලියක්	210
රැලියට	625
රැලියේ	219
රැලේ	242
රැවටිලා	401
රැවටිලි	216
රැවටී	421
රැවටීම	511
රැවටීමට	398
රැවටෙන	308
රැවටෙන්න	335
රැව්	716
රැවුල	1835
රැවුලක්	245
රැවුල්	595
රැස	480
රැසක	2729
රැසකගේ	500
රැසකට	3811
රැසක්	18811
රැසක්ද	496
රැසක්ම	543
රැසකි	335
රැසකින්	903
රැස්	10539
රැස්කර	757
රැස්කළ	301
රැස්කිරීම	271
රැස්කිරීමට	223
රැස්ව	1402
රැස්වන	704
රැස්වී	760
රැස්වීම	4379
රැස්වීමක	349
රැස්වීමකට	592
රැස්වීමකදී	638
රැස්වීමක්	2618
රැස්වීමට	2887
රැස්වීම්	2978
රැස්වීම්වලට	356
රැස්වීමෙන්	594
රැස්වීමේ	1031
රැස්වීමේදී	2388
රැස්වුණා	251
රැස්වූ	1481
රැසින්	379
රැහැනට	325
රැහැන්	1519
රැළ	469
රැළක්	271
රැළි	2069
රැළිය	1399
රැළියකට	247
රැළියක්	413
රැළියට	895
රැළියේ	224
රෑ	20244
රෑක	473
රෑට	5754
රෑටත්	198
රෑත්	214
රෑන	492
රෑනක්	323
රෑන්	236
රෑන්ක්	222
රෑප	386
රෑම	454
රි	875
රිංග	235
රිංගන	342
රිංගනවා	209
රිංගන්න	536
රිංගල	251
රිංගලා	752
රිංගා	1199
රිංගුවා	307
රික්වෙස්ට්	348
රිචඞ්	200
රිචඩ්	1164
රිචර්ඩ්	353
රිච්මන්ඩ්	565
රිජ්වේ	344
රිටන්	252
රිටර්න්	266
රිට්	201
රිටි	241
රිටිගල	676
රිදම්	286
රිදවන	298
රිදවන්න	223
රිදවා	288
රිද්දන්න	249
රිද්ම	409
රිද්මය	987
රිද්මයට	276
රිදි	280
රිදිලා	240
රිදී	4420
රිදුන	212
රිදුනා	251
රිදුම්	888
රිදෙන	960
රිදෙනව	257
රිදෙනවා	1134
රිදෙන්න	564
රිදෙන්නේ	203
රිදෙයි	221
රින්ග්	270
රිපබ්ලිකන්	892
රිපබ්ලිකානු	281
රිප්ලයි	1496
රිපීට්	205
රිපෝට්	668
රිපෝර්ට්	204
රිම්	199
රිමාන්ඞ්	535
රිමාන්ඩ්	3499
රිමෝට්	317
රිය	9054
රියක	242
රියක්	543
රියට	312
රියදුරන්	2334
රියදුරන්ගෙන්	298
රියදුරන්ගේ	387
රියදුරන්ට	440
රියදුරා	1740
රියදුරාගේ	215
රියදුරාට	410
රියදුරු	5253
රියදුරුට	538
රියදුරෙක්	306
රියදුරෙකු	548
රියන්	435
රියර්	685
රියල්	899
රියලිටි	251
රියාද්	252
රියාල්	266
රියැදුරන්	564
රියැදුරා	398
රියැදුරු	1476
රියැලිටි	785
රියෙන්	333
රියේ	631
රියෝ	882
රිලව්	242
රිලවා	208
රිලා	306
රිලීස්	380
රිවස්	290
රිවිර	1038
රිෂාඞ්	350
රිෂාඩ්	1101
රිසර්ච්	365
රිසල්ට්	297
රිසානා	474
රිසි	1949
රිසිට්	396
රිසිසේ	353
රී	821
රීගල්	318
රීට්	227
රීඩර්	213
රීඩ්	278
රීති	3120
රීතිය	358
රීරි	204
රීලෝඩ්	277
රු	42806
රුක	299
රුක්	1099
රුක්මණී	246
රුක්ෂාන්	299
රුකුලක්	662
රුකුල්	293
රුචි	691
රුචිකත්වය	272
රුචිය	385
රුචිර	197
රුදාව	235
රුදු	341
රුදුරු	1465
රුධිර	4324
රුධිරය	2095
රුධිරයෙන්	222
රුධිරයේ	650
රුප	497
රුපය	243
රුපවාහිනි	271
රුපවාහිනිය	201
රුපවාහිනී	541
රුපියල	1482
රුපියලක්	354
රුපියල්	61570
රුපියලේ	685
රුව	4040
රුවක්	777
රුවට	389
රුවන්	8077
රුවන්මැලි	222
රුවන්වැල්ල	479
රුවන්වැලි	957
රුවල්	486
රුවා	277
රුවැති	208
රුවින්	224
රුසියන්	1176
රුසියා	289
රුසියානු	6643
රුසියාව	4687
රුසියාවට	1441
රුසියාවෙන්	409
රුසියාවේ	2762
රුසිරු	254
රුහිරු	278
රුහුණ	574
රුහුණු	2024
රුහුණේ	469
රූ	5864
රූං	249
රූකඩ	1080
රූකඩයක්	281
රූකාන්ත	470
රූගත	1793
රූට්	688
රූප	12848
රූපක	227
රූපගත	581
රූපමය	420
රූපය	3896
රූපයක්	1845
රූපයට	434
රූපයන්	304
රූපයෙන්	526
රූපයේ	1411
රූපරාමු	299
රූපවාහිණී	207
රූපවාහිනි	2092
රූපවාහිනිය	2735
රූපවාහිනියට	560
රූපවාහිනියෙ	279
රූපවාහිනියෙන්	837
රූපවාහිනියේ	2007
රූපවාහිනිරු	538
රූපවාහිනී	6956
රූපසිංහ	779
රූපා	288
රූපී	255
රූපෙ	521
රූපේ	568
රූමත්	1074
රූමස්සල	239
රූම්	2329
රූරා	269
රූස්ස	414
රෙ	253
රෙකෝඩ්	722
රෙගුලාසි	2222
රෙජිනෝල්ඩ්	444
රෙජිමය	539
රෙජිමේන්තු	940
රෙජිමේන්තුව	318
රෙජිමේන්තුවේ	719
රෙජිස්ටර්	958
රෙජී	200
රෙජීමය	835
රෙජීමයට	202
රෙජීමයේ	362
රෙඩ්	785
රෙඩි	500
රෙද්ද	3052
රෙද්දක්	1075
රෙද්දකින්	237
රෙද්දෙ	225
රෙද්දෙන්	257
රෙද්දේ	330
රෙදි	9290
රෙදිපිළි	602
රෙන	212
රෙන්න	238
රෙප්	952
රෙපෙයාර්	199
රෙස්ට්	363
රෙස්ටුරන්ට්	375
රෙස්ලින්	222
රෙහානි	267
රේ	1147
රේඛා	1751
රේඛාව	1023
රේඛාවක්	484
රේඛීය	737
රේගු	3773
රේගුව	1571
රේගුවට	206
රේගුවේ	348
රේඩාර්	726
රේඩියෝ	4132
රේඩියෝව	639
රේඩියෝවේ	258
රේණු	484
රේණුකා	353
රේණුවක	243
රේන්ද	254
රේනෝ	342
රේප්	473
රේරුකානේ	412
රේල්	1736
රේවත	249
රේස්	2454
රොකට්	1404
රොකට්ටුව	256
රොක්	1606
රොජර්	345
රොටරි	269
රොටි	845
රොටිය	359
රොටියක්	258
රොටී	588
රොඩ්නි	284
රොඩී	426
රොඩු	428
රොත්ත	238
රොත්තක්	339
රොද	543
රොදක්	247
රොනල්ඩ්	243
රොන්	999
රොනී	253
රොබට්	1922
රොබර්ට්	376
රොබරෝසියා	267
රොබින්	983
රොබෝ	1454
රොමැන්ටික්	210
රොමේෂ්	882
රොයිටර්	523
රොයිලි	736
රොයිස්	257
රොෂාන්	2986
රොෂේන්	261
රොස්	242
රොහාන්	1254
රෝ	799
රෝග	18117
රෝගය	8919
රෝගයකට	201
රෝගයක්	2306
රෝගයකි	305
රෝගයකින්	520
රෝගයට	1932
රෝගයෙන්	1301
රෝගයේ	588
රෝගවලට	569
රෝගවලින්	343
රෝගාතුර	590
රෝගාතුරව	309
රෝගාබාධ	502
රෝගි	252
රෝගින්	356
රෝගියකු	318
රෝගියා	1951
රෝගියාගේ	793
රෝගියාට	634
රෝගියෙක්	665
රෝගියෙකු	676
රෝගියෙකුට	203
රෝගී	5294
රෝගීන්	7984
රෝගීන්ගෙන්	313
රෝගීන්ගේ	1275
රෝගීන්ට	1767
රෝඩ්	488
රෝද	9058
රෝදය	465
රෝදයක්	202
රෝපණ	612
රෝපණය	1271
රෝම	3079
රෝමය	482
රෝමයේ	564
රෝමානු	1049
රෝමියෝ	241
රෝයල්	1094
රෝයි	728
රෝල	279
රෝල්	1351
රෝල්ස්	298
රෝස	5829
රෝස්	783
රෝසා	333
රෝසි	659
රෝහණ	6347
රෝහන	324
රෝහල	5531
රෝහලක	1092
රෝහලකට	739
රෝහලකදී	209
රෝහලක්	743
රෝහලට	12619
රෝහල්	12003
රෝහල්ගත	1453
රෝහල්ගතව	581
රෝහල්වල	1607
රෝහල්වලට	521
රෝහල්වලින්	527
රෝහලින්	264
රෝහලෙන්	1309
රෝහලේ	15210
රෝහලේදී	1015
රෝහිණී	223
රෝහිත	1726
ලංකන්	2178
ලංකවේ	383
ලංකා	126720
ලංකාතිලක	231
ලංකාදීප	2159
ලංකාපුර	300
ලංකාපුවත්	2383
ලංකාව	46435
ලංකාවක්	833
ලංකාවට	33695
ලංකාවටත්	458
ලංකාවටම	399
ලංකාවත්	580
ලංකාවද	261
ලංකාවම	499
ලංකාවයි	498
ලංකාවාසී	233
ලංකාවෙ	12423
ලංකාවෙත්	932
ලංකාවෙදි	464
ලංකාවෙන්	4751
ලංකාවෙම	238
ලංකාවෙහි	387
ලංකාවේ	100770
ලංකාවේත්	359
ලංකාවේද	392
ලංකාවේදී	1394
ලංකාවේම	317
ලංකික	568
ලංකීය	285
ලංගම	2523
ලංව	317
ලංවිම	334
ලංවී	276
ලංවෙලා	380
ලංසා	204
ලංසු	751
ලක	808
ලක්	29732
ලක්කර	984
ලක්කරන	376
ලක්කරමින්	344
ලක්කළ	410
ලක්කිරීම	364
ලක්කිරීමට	223
ලක්කොට	224
ලක්තිලක	208
ලක්දිව	1570
ලක්දිවට	509
ලක්බිම	976
ලක්මාල්	1088
ලක්මාලි	264
ලක්මිණි	217
ලක්ව	7643
ලක්වන	1961
ලක්වන්නේ	329
ලක්විය	1752
ලක්වී	1932
ලක්වීම	1168
ලක්වීමට	494
ලක්වීමෙන්	571
ලක්වීමේ	237
ලක්වු	674
ලක්වුණා	827
ලක්වුණු	233
ලක්වුණේ	240
ලක්වූ	5931
ලක්වූයේ	433
ලක්වූවන්	228
ලක්වෙන	506
ලක්වෙනවා	354
ලක්වෙමින්	396
ලක්වෙයි	244
ලක්වෙලා	495
ලක්වේ	433
ලක්ශ	570
ලක්ෂ	20823
ලක්ෂණ	8353
ලක්ෂණය	1315
ලක්ෂණයක්	1763
ලක්ෂණයකි	658
ලක්ෂණයන්	215
ලක්ෂන	735
ලක්ෂපාන	451
ලක්ෂමන්	231
ලක්ෂය	903
ලක්ෂයක	1047
ලක්ෂයකට	1008
ලක්ෂයක්	2423
ලක්ෂයේ	227
ලක්ෂ්මන්	5130
ලක්ෂ්මි	239
ලක්ෂ්මී	316
ලක්ෂාන්	723
ලක්සිරි	258
ලකී	1206
ලකුණ	2012
ලකුණක්	1039
ලකුණින්	442
ලකුණු	27852
ලකුනු	937
ලග	6454
ලගට	3381
ලගටම	393
ලගදි	1503
ලගදිම	437
ලගදී	421
ලගදීම	672
ලගම	949
ලගයි	289
ලග්ගල	546
ලග්න	2604
ලග්නය	876
ලග්නයට	355
ලග්නයෙන්	351
ලග්නයේ	337
ලග්නාධිපති	302
ලගා	976
ලගින්	1443
ලගින්ම	325
ලගෙ	230
ලගේ	345
ලඝු	981
ලඟ	8957
ලඟට	4679
ලඟටම	374
ලඟදි	2362
ලඟදිම	428
ලඟදී	829
ලඟදීම	700
ලඟම	1463
ලඟයි	490
ලඟා	2313
ලඟින්	2180
ලඟින්ම	408
ලජ්ජා	1051
ලජ්ජාවට	220
ලට	740
ලට්ට	365
ලණු	776
ලණුව	357
ලණුවක්	315
ලත	265
ලත්	4723
ලතා	1336
ලතින්	2490
ලතීෆ්	226
ලතෝනි	224
ලද	90281
ලදහ	471
ලද්දක්	1359
ලද්දකි	1159
ලද්දා	328
ලද්දාවූ	443
ලද්දාහ	411
ලද්දාහු	435
ලද්දාහුය	247
ලද්දීද	399
ලද්දේ	16560
ලද්දේද	422
ලද්දේය	960
ලදැයි	700
ලදි	13879
ලදිමි	231
ලදී	31238
ලදුව	1403
ලන	570
ලන්	410
ලන්කන්	1102
ලන්කා	232
ලන්කාව	260
ලන්කාවට	347
ලන්කාවෙ	815
ලන්කාවේ	662
ලන්ච්	520
ලන්ඩනය	382
ලන්ඩනයට	266
ලන්ඩනයේ	1663
ලන්ඩනයේදී	224
ලන්ඩන්	3777
ලන්දේසි	1314
ලන්දේසීන්	427
ලන්නට	229
ලනිප	220
ලනු	457
ලඳ	329
ලඳු	289
ලඳුන්	221
ලප	1138
ලපටි	378
ලපය	270
ලපයක්	199
ලබ	281
ලබති	794
ලබද්දී	271
ලබන	63683
ලබනවා	4534
ලබන්න	2375
ලබන්නට	1447
ලබන්නා	579
ලබන්නාවූ	355
ලබන්නෙ	219
ලබන්නේ	8680
ලබන්නේය	272
ලබනා	284
ලබනු	561
ලබනුයේ	203
ලබපු	1509
ලබමින්	4366
ලබයි	10508
ලබල	320
ලබලා	652
ලබ්බක්	310
ලබා	144836
ලබාගත	6725
ලබාගත්	7764
ලබාගත්ත	256
ලබාගත්තා	654
ලබාගත්තේ	603
ලබාගත්තේය	254
ලබාගන්න	3967
ලබාගන්නට	642
ලබාගන්නවා	231
ලබාගන්නා	3851
ලබාගන්නේ	492
ලබාගනිමින්	725
ලබාගැනීම	4375
ලබාගැනීමට	5507
ලබාගැනීමෙන්	349
ලබාගැනීමේ	1587
ලබාගැනීමේදී	215
ලබාගෙන	7558
ලබාදි	293
ලබාදිම	254
ලබාදිමට	252
ලබාදිය	3491
ලබාදී	11376
ලබාදීම	11822
ලබාදීමක්	217
ලබාදීමට	11839
ලබාදීමටත්	425
ලබාදීමටද	211
ලබාදීමටයි	415
ලබාදීමත්	297
ලබාදීමයි	421
ලබාදීමෙන්	860
ලබාදීමේ	3169
ලබාදීමේදී	526
ලබාදීලා	273
ලබාදුන්	8128
ලබාදුන්නා	1480
ලබාදුන්නේ	955
ලබාදෙන	14033
ලබාදෙනවා	926
ලබාදෙන්න	2394
ලබාදෙන්නට	254
ලබාදෙන්නේ	885
ලබාදෙනු	925
ලබාදෙමින්	2512
ලබාදෙයි	572
ලබාදේ	520
ලබු	533
ලමය	394
ලමයට	304
ලමයා	851
ලමයි	3124
ලමයින්	333
ලමයින්ගේ	211
ලමයින්ට	818
ලමයෙක්	996
ලමා	846
ලමුන්	622
ලය	453
ලයනල්	1412
ලයන්	530
ලයි	302
ලයික්	1196
ලයිට්	5334
ලයින්	2506
ලයිව්	913
ලයිසන්	1224
ලයිස්තුව	441
ලයිස්තුවේ	404
ලයිෆ්	1270
ලලිත	478
ලලිත්	3605
ලලිතා	270
ලවණ	570
ලව්	4119
ලව්වා	451
ලවා	3924
ලවු	716
ලසන්ත	3098
ලසසප	480
ලස්සණ	365
ලස්සන	28284
ලස්සනක්	688
ලස්සනට	8004
ලස්සනද	573
ලස්සනම	2181
ලස්සනය	200
ලස්සනයි	11491
ලසිත්	1394
ලහි	521
ලහියේ	446
ලහිරු	1575
ල්	744
ලා	14449
ලාංකික	12022
ලාංකිකයකු	240
ලාංකිකයන්	3240
ලාංකිකයන්ගේ	551
ලාංකිකයන්ට	845
ලාංකිකයා	671
ලාංකිකයින්	1881
ලාංකිකයින්ගේ	203
ලාංකිකයින්ට	394
ලාංකිකයෙක්	532
ලාංකිකයෙකු	589
ලාංකිකයෝ	631
ලාංකිය	286
ලාංකීය	7880
ලාංකේය	3132
ලාංඡන	320
ලාංඡනය	838
ලාගේ	268
ලාට	362
ලාඩන්	352
ලාදුරු	313
ලාන්ස්	303
ලාබ	1686
ලාබය	337
ලාබයක්	295
ලාබයි	817
ලාබාල	550
ලාබෙට	718
ලාභ	6697
ලාභදායී	341
ලාභය	2390
ලාභයක්	1379
ලාභයෙන්	214
ලාභාංශ	246
ලාභියා	234
ලාභී	540
ලාභීන්	463
ලාමක	721
ලාමකවූ	201
ලාම්පු	950
ලාම්පුව	371
ලාමා	250
ලාල්	2973
ලාල්කාන්ත	430
ලාවට	1487
ලාවා	333
ලාස්ට්	288
ලාහුගල	222
ලාහෝර්	252
ලැ	226
ලැඛෙන	462
ලැග	260
ලැගුම්	823
ලැජ්ජ	1361
ලැජ්ජයි	1546
ලැජ්ජා	1995
ලැජ්ජාව	1095
ලැජ්ජාවක්	1191
ලැජ්ජාවට	738
ලැජ්ජාවෙ	201
ලැජ්ජාවෙන්	552
ලැජ්ජාවේ	361
ලැට්	247
ලැදි	757
ලැප	287
ලැප්	1218
ලැප්ටොප්	2474
ලැබ	7672
ලැබ්	687
ලැබි	885
ලැබිච්ච	781
ලැබිණ	1285
ලැබිණි	4348
ලැබින	359
ලැබිනි	556
ලැබිම	291
ලැබිය	6088
ලැබිල	1440
ලැබිලා	2942
ලැබී	17738
ලැබීම	7884
ලැබීමට	4366
ලැබීමත්	1063
ලැබීමයි	477
ලැබීම්	558
ලැබීමෙන්	1667
ලැබීමේ	1378
ලැබීය	7413
ලැබු	3374
ලැබුණ	2888
ලැබුණත්	611
ලැබුණද	253
ලැබුණා	6859
ලැබුණි	2828
ලැබුණු	13962
ලැබුණෙ	894
ලැබුණේ	5560
ලැබුණේය	213
ලැබුණොත්	737
ලැබුන	4839
ලැබුනට	278
ලැබුනත්	674
ලැබුනද	301
ලැබුනම	368
ලැබුනා	4770
ලැබුනි	915
ලැබුනු	3492
ලැබුනෙ	1459
ලැබුනේ	5508
ලැබුනොත්	1151
ලැබුයේ	699
ලැබුව	427
ලැබුවත්	440
ලැබුවද	328
ලැබුවහොත්	224
ලැබුවා	11466
ලැබුවාය	286
ලැබුවාවූ	269
ලැබුවේ	9951
ලැබුවේය	439
ලැබූ	27149
ලැබූයේ	563
ලැබූවන්	928
ලැබූවේ	239
ලැබූහ	1046
ලැබෙද්දී	227
ලැබෙන	30967
ලැබෙනව	967
ලැබෙනවද	243
ලැබෙනවා	8454
ලැබෙන්න	3099
ලැබෙන්නට	872
ලැබෙන්නෙ	2488
ලැබෙන්නෙත්	296
ලැබෙන්නේ	9762
ලැබෙනා	280
ලැබෙනු	2445
ලැබෙනුයේ	385
ලැබෙමින්	610
ලැබෙයි	3426
ලැබෙයිද	430
ලැබේ	22878
ලැබේද	338
ලැබේවා	5348
ලැබේවායි	468
ලැබේවි	1500
ලැම	254
ලැම්බෝගිනි	217
ලැයිස්තු	1487
ලැයිස්තුගත	504
ලැයිස්තුව	2555
ලැයිස්තුවක්	937
ලැයිස්තුවට	941
ලැයිස්තුවෙන්	843
ලැයිස්තුවේ	1324
ලැව්	247
ලැස්ති	643
ලැසි	217
ලැහැස්ති	746
ලෑ	221
ලෑන්ඩ්	616
ලෑල්ල	474
ලෑල්ලක්	304
ලෑල්ලේ	206
ලෑලි	1375
ලෑස්ති	4528
ලෑස්තිය	387
ලෑස්තියි	784
ලෑස්තිවෙලා	238
ලි	7257
ලිං	742
ලිංක්	462
ලිංග	749
ලිංගය	478
ලිංගික	16224
ලිංගිකත්වය	2020
ලිංගිකයන්	198
ලිංගිකව	1463
ලිඛිත	2500
ලිඛිතව	1375
ලිට්ල්	301
ලිත	257
ලිත්	260
ලිනක්ස්	4535
ලින්	246
ලින්කන්	682
ලින්ක්	9476
ලින්ක්ස්	477
ලින්කුව	313
ලිඳ	663
ලිඳට	297
ලිඳේ	267
ලිප	978
ලිපට	469
ලිප්	324
ලිප්ටන්	676
ලිපි	37935
ලිපිකරු	340
ලිපිගොනු	602
ලිපිත්	389
ලිපින	685
ලිපිනය	4584
ලිපිනයක්	479
ලිපිනයක්දුරකතන	6089
ලිපිනයට	1130
ලිපිනයන්	372
ලිපිනයෙන්	252
ලිපිනයේ	479
ලිපිය	34758
ලිපියක	1791
ලිපියකට	759
ලිපියක්	20811
ලිපියක්ම	199
ලිපියකි	967
ලිපියකින්	1520
ලිපියට	4885
ලිපියත්	970
ලිපියයි	447
ලිපියෙ	749
ලිපියෙන්	4842
ලිපියෙහි	988
ලිපියේ	7838
ලිපියේදී	283
ලිපිලේඛන	203
ලිපිවල	800
ලිපිවලට	304
ලිපිවලින්	340
ලිපේ	651
ලිබරල්	2885
ලිබරල්වාදය	315
ලිබරල්වාදී	382
ලිබර්ටි	253
ලිබියානු	625
ලිබියාව	952
ලිබියාවට	414
ලිබියාවේ	923
ලිමිටඩ්	600
ලිමිට්	416
ලිය	2261
ලියකියවිලි	1574
ලියති	196
ලියද්දි	801
ලියද්දී	353
ලියන	28033
ලියනකොට	642
ලියනගේ	3191
ලියනය	303
ලියනව	1253
ලියනවට	363
ලියනවද	458
ලියනවා	5208
ලියන්	545
ලියන්ට	1061
ලියන්ඩ	875
ලියන්න	41609
ලියන්නං	288
ලියන්නකෝ	380
ලියන්නට	4272
ලියන්නත්	1125
ලියන්නද	491
ලියන්නන්	414
ලියන්නම	311
ලියන්නම්	2322
ලියන්නයි	589
ලියන්නා	437
ලියන්නෙ	3334
ලියන්නෙක්	259
ලියන්නෙත්	414
ලියන්නේ	7703
ලියනා	445
ලියනාඩෝ	260
ලියනාරච්චි	303
ලියනු	665
ලියපං	519
ලියපන්	1170
ලියපු	11072
ලියපුවා	358
ලියමන	624
ලියමනක්	313
ලියමි	1745
ලියමින්	1085
ලියමු	1956
ලියයි	1278
ලියල	9771
ලියලම	271
ලියලා	12581
ලියවිල්ල	1375
ලියවිල්ලක්	974
ලියවිල්ලට	213
ලියවිල්ලේ	385
ලියවිලා	894
ලියවිලි	1330
ලියවී	633
ලියවුණු	698
ලියවුන	657
ලියවුනා	258
ලියවුනු	968
ලියවුනේ	427
ලියවෙන	1274
ලියවෙනවා	300
ලියවෙන්න	253
ලියවෙන්නෙ	320
ලියවෙන්නේ	709
ලියවෙයි	211
ලියහන්	206
ලියා	14982
ලියාගන්න	719
ලියාගෙන	1930
ලියාපදිංචි	9227
ලියාපදිංචිය	1793
ලියාපු	490
ලියැවිලා	207
ලියැවී	737
ලියැවුණු	969
ලියැවුනු	589
ලියැවෙන	678
ලියැවෙන්නේ	328
ලියු	2667
ලියුං	408
ලියුම	1938
ලියුමක්	1825
ලියුම්	2811
ලියුම්කරු	418
ලියුව	245
ලියුවා	388
ලියුවේ	865
ලියූ	8506
ලියොන්	752
ලියෝ	466
ලියෝන්	295
ලිලී	246
ලිව්ව	2555
ලිව්වට	869
ලිව්වත්	720
ලිව්වද	223
ලිව්වනම්	211
ලිව්වම	318
ලිව්වා	3746
ලිව්වෙ	2019
ලිව්වෙත්	211
ලිව්වේ	4500
ලිව්වොත්	874
ලිවිම	344
ලිවිය	1432
ලිවිල්ල	919
ලිවීම	3700
ලිවීමට	2851
ලිවීමෙන්	551
ලිවීමේ	1421
ලිවීමේදී	359
ලිවීය	373
ලිවුව	240
ලිවුවා	362
ලිවුවෙ	314
ලිවුවේ	403
ලිවූ	351
ලිවේරා	314
ලිෂාන්	222
ලිස්ට්	2990
ලිස්සන	360
ලිස්සල	220
ලිස්සලා	360
ලිස්සා	792
ලිසින්	198
ලිහා	601
ලිහිණි	673
ලිහිල්	2258
ලිෆ්ට්	444
ලී	5976
ලීක්	582
ලීක්ස්	228
ලීගය	310
ලීග්	1377
ලීටර	309
ලීටරයක	668
ලීටරයක්	505
ලීටර්	1304
ලීඩර්	722
ලීඩ්	207
ලීමට	215
ලීය	244
ලීයෙන්	253
ලීලා	1013
ලීලාවෙන්	338
ලීව	275
ලීවා	358
ලීවේ	760
ලීසිං	724
ලු	5352
ලුක්	341
ලුණු	3747
ලුණුගම්වෙහෙර	272
ලුතිතන්	415
ලුතිනන්	2920
ලුනු	765
ලුම්පන්	260
ලුම්බිණි	398
ලුවිස්	513
ලුවී	357
ලුහු	386
ලුහුඬු	204
ලුහුබැඳ	291
ලූ	1684
ලූක්	478
ලූණු	795
ලූතර්	303
ලූතිනන්	542
ලූනු	793
ලූෂන්	364
ලූහුඩු	214
ලෙ	461
ලෙංගතු	375
ලෙක්චර්	526
ලෙක්චර්ස්	378
ලෙටර්	350
ලෙඩ	6057
ලෙඩක්	2643
ලෙඩ්ඩු	890
ලෙඩ්ඩුන්ට	241
ලෙඩා	755
ලෙඩාට	286
ලෙඩුන්	281
ලෙඩෙක්	589
ලෙඩේ	2522
ලෙඩේට	301
ලෙදර්	259
ලෙන	616
ලෙනන්	203
ලෙන්	1185
ලෙන්ගතු	559
ලෙන්ස්	764
ලෙනින්	1739
ලෙනින්ගේ	376
ලෙනින්වාදී	233
ලෙබනනයේ	269
ලෙමන්	466
ලෙයින්	891
ලෙලි	715
ලෙව	650
ලෙවල්	2324
ලෙව්කේ	225
ලෙස	293805
ලෙසකින්	1158
ලෙසකින්වත්	221
ලෙසට	12053
ලෙසටත්	599
ලෙසටද	460
ලෙසටම	1057
ලෙසටය	684
ලෙසටයි	1854
ලෙසත්	8630
ලෙසත්ය	215
ලෙසද	5627
ලෙසම	3118
ලෙසය	4185
ලෙසයි	12684
ලෙස්ටර්	1027
ලෙස්ලි	461
ලෙසි	316
ලෙසින්	14022
ලෙසින්ද	515
ලෙසින්ම	419
ලෙසිනි	2591
ලෙසේ	329
ලෙහෙසි	904
ලෙහෙසියෙන්	721
ලේ	16724
ලේකම්	47134
ලේකම්ගේ	516
ලේකම්ට	380
ලේකම්තුමා	391
ලේකම්වරයා	6114
ලේකම්වරයාගේ	675
ලේකම්වරයාට	861
ලේකම්වරයෙකු	427
ලේකම්වරිය	617
ලේකම්වරු	631
ලේකම්වරුන්	1636
ලේකම්වරුන්ගේ	196
ලේකම්වරුන්ට	289
ලේක්	792
ලේක්හවුස්	980
ලේඛක	1056
ලේඛකයකු	337
ලේඛකයන්	584
ලේඛකයා	1587
ලේඛකයාගේ	402
ලේඛකයාට	395
ලේඛකයින්	210
ලේඛකයෙක්	549
ලේඛකයෙකු	327
ලේඛකාධිකාරී	321
ලේඛණ	1112
ලේඛණය	319
ලේඛන	6059
ලේඛනගත	507
ලේඛනය	1587
ලේඛනයක්	739
ලේඛනයට	374
ලේඛනයේ	711
ලේඛනවල	277
ලේඛනාගාරය	302
ලේඛම්	290
ලේඩි	370
ලේන්	572
ලේන්සු	259
ලේන්සුව	372
ලේන්සුවක්	244
ලේනා	226
ලේබර්	705
ලේබලය	981
ලේබලයක්	218
ලේබල්	1740
ලේයර්	248
ලේලන්ඩ්	341
ලේලි	293
ලේලිය	272
ලේසර්	624
ලේස්	224
ලේස්ති	219
ලේසි	5185
ලේසිම	661
ලේසියට	330
ලේසියි	2573
ලේසියෙන්	2420
ලේසියෙන්ම	1044
ලේසී	215
ලො	249
ලොක	459
ලොකය	399
ලොකයෙහි	206
ලොකයේ	630
ලොක්	1145
ලොක්ක	1858
ලොක්කගෙ	356
ලොක්කගේ	483
ලොක්කට	1098
ලොක්කත්	326
ලොක්කන්	502
ලොක්කන්ගේ	211
ලොක්කන්ට	324
ලොක්කා	5464
ලොක්කාගේ	451
ලොක්කාට	406
ලොක්කි	283
ලොක්කෙක්	656
ලොක්කො	399
ලොක්කෝ	725
ලොකු	71082
ලොකුගේ	501
ලොකුබණ්ඩාර	202
ලොකුම	7839
ලොකුයි	1208
ලොකුවට	2522
ලොකූ	1051
ලොකෙ	437
ලොකේ	1225
ලොග්	1818
ලොජික්	250
ලොට්	425
ලොට්ට	301
ලොතරැයි	1694
ලොතරැයිය	217
ලොප්	394
ලොබ	509
ලොම්	663
ලොමු	237
ලොරි	4358
ලොරිය	728
ලොරියක	356
ලොරියක්	778
ලොරියට	222
ලොරියේ	357
ලොල්	2100
ලොව	30597
ලොවක	820
ලොවකට	285
ලොවක්	1838
ලොවට	5118
ලොවටම	727
ලොවපුරා	804
ලොවම	2802
ලොව්තුරා	541
ලොවි	491
ලොවින්	605
ලොවෙත්	1605
ලොවෙන්	474
ලොවෙහි	360
ලොවේ	2322
ලොස්	740
ලොහාන්	302
ලෝ	2530
ලෝක	45117
ලෝකඩ	990
ලෝකය	21648
ලෝකයක	996
ලෝකයකට	222
ලෝකයක්	2660
ලෝකයට	5763
ලෝකයටම	894
ලෝකයත්	405
ලෝකයම	1670
ලෝකයයි	216
ලෝකයා	1098
ලෝකයාගේ	210
ලෝකයාට	708
ලෝකයෙ	352
ලෝකයෙන්	1637
ලෝකයෙහි	1328
ලෝකයේ	29820
ලෝකයේම	913
ලෝකල්	390
ලෝකවල	466
ලෝකවාසී	406
ලෝකාන්තය	249
ලෝකෙ	7391
ලෝකෙක	630
ලෝකෙට	3304
ලෝකෙටම	860
ලෝකෙන්	927
ලෝකෙන්ම	263
ලෝකෙම	1652
ලෝකේ	9194
ලෝකෝත්තර	606
ලෝගෝ	286
ලෝචනා	327
ලෝටස්	534
ලෝඩ්	1567
ලෝන්	404
ලෝබ	551
ලෝභ	618
ලෝභය	472
ලෝම	273
ලෝයර්	343
ලෝරන්ස්	311
ලෝරා	250
ලෝරිරු	363
ලෝලීන්	578
ලෝවනය	368
ලෝහ	2004
ලෝහමය	309
ලෝහය	260
ලෞකික	1719
වංක	318
වංගීස	208
වංගු	720
වංගුව	417
වංගුවක්	212
වංචනික	919
වංචා	7266
වංචාව	2387
වංචාවක්	1550
වංචාවට	668
වංචාවෙන්	337
වංචාවේ	278
වංශ	1326
වංශය	1288
වංශයට	240
වංශයේ	549
වංශවත්	219
වංශික	318
වක	320
වකවානු	741
වකවානුව	918
වකවානුවක	375
වකවානුවක්	218
වකවානුවේ	1182
වකවානුවේදී	308
වක්	718
වකුගඩු	5250
වකුගඩුවක්	293
වකුටු	304
වග	11167
වගඋත්තරකරුවන්	729
වගක්	1640
වගකිම	257
වගකියන	238
වගකියන්න	596
වගකිව	3951
වගකිවයුත්තන්	286
වගකිවයුතු	1477
වගකීම	11002
වගකීමක්	5305
වගකීමකි	1899
වගකීමකින්	457
වගකීමට	308
වගකීමයි	438
වගකීම්	6077
වගකීමෙන්	1757
වගට	255
වගත්	518
වගතුග	452
වගන්ති	1256
වගන්තිය	2738
වගන්තියක්	282
වගන්තියට	428
වගන්තියේ	589
වගබලා	748
වගයක්	3421
වගයි	1222
වගවීම	524
වගවීමේ	205
වග්ගය	526
වගා	8472
වගාකරුවන්	212
වගාව	3562
වගාවක්	617
වගාවට	992
වගාවන්	945
වගාවන්ට	231
වගාවෙන්	237
වගාවේ	584
වගු	626
වගුරු	504
වගුව	765
වගුවේ	274
වගෙ	16030
වගෙත්	208
වගෙම	2230
වගෙයි	4318
වගේ	254103
වගේද	2582
වගේනෙ	535
වගේනේ	829
වගේම	71269
වගේමයි	2964
වගේය	900
වගේලු	290
වචන	27752
වචනත්	321
වචනය	7737
වචනයක	199
වචනයක්	6215
වචනයක්වත්	732
වචනයකි	398
වචනයකින්	432
වචනයට	962
වචනයයි	246
වචනයෙන්	2819
වචනයේ	1843
වචනවල	387
වචනවලට	351
වචනවලින්	1004
වචනෙ	1490
වචනෙකින්	202
වචනෙට	350
වචනෙන්	404
වචනේ	1768
වජිර	1313
වට	7848
වටකර	522
වටකරගෙන	356
වටකුරු	259
වටකොට	248
වටපිට	1481
වටපිටාව	1348
වටපිටාවක	433
වටපිටාවක්	718
වටපිටාවේ	305
වටය	842
වටයක්	664
වටයකින්	273
වටයට	935
වටයේ	1204
වටයේදී	398
වටරවුම	863
වටරවුම්	256
වටරවුමෙන්	214
වටරවුමේ	278
වටරැක	561
වටලයි	345
වටලා	960
වටවල	401
වටවී	238
වටවූ	241
වටවෙලා	294
වටහා	8294
වටහාගත	762
වටහාගත්	400
වටහාගන්න	261
වටහාගෙන	846
වට්	336
වට්ටක්කා	820
වට්ටන්න	291
වට්ටමක්	256
වට්ටම්	427
වට්ටි	414
වට්ටිය	254
වට්ටියක්	252
වට්ටෝරු	512
වට්ටෝරුව	319
වටා	11626
වටාම	540
වටාරම්	225
වටින	4874
වටිනව	1017
වටිනවද	436
වටිනවා	6539
වටින්	540
වටින්නෙ	566
වටින්නේ	1352
වටිනා	14249
වටිනාකම	8208
වටිනාකමක්	3660
වටිනාකමකින්	1359
වටිනාකමට	370
වටිනාකම්	1996
වටිනාකමින්	1033
වටිනාම	1132
වටී	1164
වටු	207
වටෙන්	358
වටේ	9644
වටේට	1632
වටේටම	686
වටේම	1081
වඩ	2172
වඩන	1218
වඩන්න	257
වඩනා	218
වඩමාරච්චි	217
වඩයි	334
වඩවන	234
වඩා	133980
වඩාගෙන	727
වඩාත්	24211
වඩාත්ම	3893
වඩි	210
වඩින	860
වඩිනවා	265
වඩින්න	280
වඩිනු	214
වඩු	845
වඩේ	1230
වණ	306
වත	2306
වත්	35032
වත්කම	387
වත්කමක්	518
වත්කම්	3969
වත්ත	3418
වත්තක	492
වත්තක්	549
වත්තට	1160
වත්තල	1892
වත්තෙ	1049
වත්තෙන්	295
වත්තේ	3119
වත්තේගම	616
වත්ද	560
වත්ම	302
වත්මන්	14906
වත්මනෙහි	238
වත්සලා	472
වතාව	960
වතාවක	266
වතාවකට	200
වතාවක්	6284
වතාවක්ම	682
වතාවට	4640
වතාවටත්	715
වතාවටයි	239
වතාවත්	1287
වතාවත්වල	597
වතාවෙ	500
වතාවේ	932
වතිකානු	285
වතින්	214
වතු	6575
වතුකරයේ	659
වතුපිටිවල	274
වතුයාය	203
වතුයායේ	793
වතුර	23558
වතුරට	1310
වතුරත්	429
වතුරෙ	426
වතුරෙන්	1212
වතුරේ	1094
වතුවල	355
වද	4757
වදන	1767
වදනක්	1144
වදනට	268
වදන්	6750
වදනින්	728
වදය	1160
වදයක්	1694
වදයට	361
වදහිංසා	437
වද්දී	266
වදාරණ	263
වදාරන	222
වදාරා	545
වදාල	600
වදාළ	3718
වදාළසේක	550
වදාළහ	452
වදාළා	357
වදාළේ	439
වදින	3462
වදිනව	229
වදිනවා	1192
වදින්න	1213
වදින්නට	329
වදින්නෙ	282
වදින්නේ	895
වදිනු	201
වදිමින්	396
වදියි	262
වදී	503
වදේ	766
වධ	1969
වධය	290
වධහිංසා	333
වන	387674
වනඅලි	238
වනගත	556
වනචර	442
වනචාරී	264
වනජිවි	446
වනජීවි	1609
වනජීවී	3484
වනතුරු	1987
වනතුරුත්	413
වනතුරුම	277
වනතෙක්	987
වනදා	16985
වනදාට	580
වනදායි	907
වනදායින්	337
වනන	371
වනනවා	242
වනම	279
වනමින්	338
වනය	808
වනයට	539
වනයෙහි	296
වනයේ	900
වනල	201
වනලා	343
වනවා	15549
වනවාට	474
වනවාද	313
වනවිට	26183
වනවිටත්	3117
වනසන	570
වනසා	681
වනසුන්දර	217
වනසේ	289
වන්	4804
වන්ට	295
වන්ත	580
වන්දනා	4392
වන්දනාකරුවන්	291
වන්දනාමාන	820
වන්දනාව	1407
වන්දනාවට	384
වන්දනාවේ	1162
වන්දි	5438
වන්දිය	444
වන්දියක්	1031
වන්න	7113
වන්නක්	571
වන්නකි	447
වන්නට	16450
වන්නටත්	527
වන්නටද	275
වන්නටය	309
වන්නන්	609
වන්නන්ට	209
වන්නා	1596
වන්නාවූ	637
වන්නාහ	219
වන්නාහුය	244
වන්නැයි	479
වන්නි	2077
වන්නිආරච්චි	1106
වන්නියේ	441
වන්නීය	392
වන්නෙ	1247
වන්නෙමි	292
වන්නෙමු	478
වන්නේ	91814
වන්නේත්	815
වන්නේද	1942
වන්නේය	5022
වන්නෝ	220
වනා	672
වනාතවිල්ලුව	340
වනාන්තර	3554
වනාන්තරය	1056
වනාන්තරයක්	328
වනාන්තරයට	251
වනාන්තරයේ	538
වනාන්තරවල	287
වනාහි	6680
වනාහී	1727
වනිගසූරිය	233
වනිතා	857
වනු	22589
වනුයේ	6134
වනේ	772
වඳ	1556
වඳවී	353
වඳින	717
වඳිනවා	311
වඳින්න	1073
වඳුරන්	308
වඳුරඹ	267
වඳුරා	364
වඳුරු	458
වපර	254
වපසරිය	484
වප්	379
වපුරන	476
වපුරා	314
වම	1434
වමට	1212
වමත්	400
වමතින්	254
වමනය	753
වමනෙ	354
වමනේ	472
වම්	4751
වම්පස	322
වම්බටු	330
වම්මු	280
වමෙන්	304
වමේ	2200
වය	350
වයන	233
වයඹ	6774
වයර්	1696
වයලින්	209
වයලීනය	235
වයස	20882
වයසක	2709
වයසක්	448
වයසට	3832
වයසත්	431
වයසයි	505
වයස්	2834
වයස්කාර	555
වයස්ගත	792
වයස්ගතම	228
වයස්වල	1101
වයසැති	1611
වයසින්	1429
වයසෙ	807
වයසෙදි	276
වයසෙන්	205
වයසේ	3177
වයසේදී	318
වයි	1859
වයිකෝ	239
වයිට්	1102
වයින්	1851
වයිබර්	243
වයිරස	257
වයිරසය	364
වයිරස්	1432
වයිස්	831
වයිෆයි	325
වයිෆ්	1220
වයිෆ්ට	243
වයෝවෘද්ධ	490
වර	7225
වරං	207
වරක	304
වරකට	670
වරක්	14904
වරක්ම	495
වරක්වත්	211
වරකා	465
වරකාගොඩ	570
වරකාපොල	444
වරකාපොළ	263
වරට	15658
වරටත්	2131
වරටයි	250
වරණය	362
වරද	6790
වරදකට	592
වරදකරු	1282
වරදකරුවන්	908
වරදක්	11389
වරදක්ද	372
වරදකාරී	399
වරදකි	763
වරදට	2055
වරදවා	1877
වරද්ද	426
වරද්දා	386
වරදාන	417
වරදින	402
වරදින්	686
වරදින්න	271
වරදින්නෙ	232
වරදින්නේ	466
වරදී	525
වරම	2014
වරමක්	517
වරම්	2949
වරය	219
වරයකු	344
වරයා	2829
වරයාගේ	442
වරයාට	446
වරයි	236
වරයෙක්	967
වරයෙකු	895
වරලත්	429
වරල්	245
වරහන්	425
වර්ක්	392
වර්ග	18724
වර්ගය	6116
වර්ගයක	590
වර්ගයක්	2781
වර්ගයකි	449
වර්ගයට	880
වර්ගයා	1517
වර්ගයාගේ	693
වර්ගයාට	437
වර්ගයේ	8471
වර්ගවල	669
වර්ගවාදය	577
වර්ගවාදී	1136
වර්ගිකරනයට	198
වර්ගීකරණ	265
වර්ගීකරණය	2616
වර්ගීකරණයට	329
වර්ගීකරනය	268
වර්චුවල්	307
වර්ජන	1448
වර්ජනය	7224
වර්ජනයක	684
වර්ජනයකට	365
වර්ජනයක්	1574
වර්ජනයට	1217
වර්ජනයෙන්	299
වර්ජනයේ	910
වර්ජිනියා	207
වර්ඩ්	672
වර්ණ	6480
වර්ණක	289
වර්ණකුලසූරිය	780
වර්ණනා	1559
වර්ණනාව	237
වර්ණපාල	291
වර්ණය	1715
වර්ණයක්	338
වර්ණයන්	214
වර්ණයෙන්	679
වර්ණවත්	1447
වර්ණසිංහ	287
වර්ණසූරිය	234
වර්ණා	471
වර්ණාවලිය	202
වර්තමාන	9420
වර්තමානය	2248
වර්තමානයට	482
වර්තමානයෙහි	228
වර්තමානයේ	7698
වර්තමානයේදී	943
වර්තා	334
වර්ථමාන	986
වර්ථමානය	264
වර්ථමානයේ	806
වර්ධක	409
වර්ධන	1813
වර්ධනය	20066
වර්ධනයක්	2502
වර්ධනයට	1346
වර්ධනයත්	200
වර්ධනයන්	423
වර්ධනයේ	530
වර්නනා	206
වර්ල්ඩ්	831
වර්ශ	330
වර්ශන්	449
වර්ශයේ	216
වර්ෂ	6925
වර්ෂන්	875
වර්ෂය	5752
වර්ෂයකට	358
වර්ෂයක්	386
වර්ෂයට	713
වර්ෂයෙන්	207
වර්ෂයේ	7843
වර්ෂයේදී	2286
වර්ෂවල	336
වර්ෂා	913
වර්ෂාපතනය	1004
වර්ෂාපතනයක්	1351
වර්ෂාව	2178
වර්ෂාවක්	330
වර්ෂාවත්	989
වර්ෂාවෙන්	375
වරා	310
වරාය	10920
වරායක්	568
වරායට	1714
වරායන්	404
වරායවල්	219
වරායෙන්	669
වරායේ	2828
වරින්	2723
වරින්වර	873
වරිපනම්	323
වරු	2425
වරුණ	972
වරුන්	2810
වරුන්ගේ	1016
වරුන්ට	1030
වරුව	265
වරුවක	203
වරුවක්	474
වරුවේ	896
වරුසා	223
වරුසාව	197
වරුසාවක්	252
වරෙං	653
වරෙක	2159
වරෙන්	3264
වරෙන්කො	283
වරෙන්කෝ	204
වරෙන්තු	1471
වරෙන්තුව	308
වරෙන්තුවක්	586
වරෙල්ලා	515
වරෙව්	289
වල	131703
වලං	380
වලංගු	2823
වලංගුයි	262
වලක	305
වලකට	243
වලක්	778
වලක්වන	317
වලක්වන්න	863
වලක්වා	1653
වලකා	347
වලකින	269
වලකින්න	664
වලගම්බා	219
වලට	125702
වලටත්	4516
වලටද	1070
වලටම	690
වලටය	356
වලටයි	936
වලත්	3379
වලත්ත	240
වලද	1210
වලදි	3639
වලදී	11563
වලදීත්	226
වලනම්	220
වලන්	218
වලපනේ	413
වලපල්ලට	293
වලම	675
වලය	460
වලයි	671
වලල්ල	219
වලලු	269
වලවල්	996
වලව්	213
වලව්ව	797
වලව්වට	272
වලව්වේ	592
වලවේ	294
වලස්	438
වලස්මුල්ල	491
වලහා	209
වල්	8003
වල්ගම	197
වල්ගා	226
වල්පල්	412
වල්පොල	614
වල්මත්	418
වල්ල	258
වලා	1138
වලාකුලු	230
වලාකුළු	1335
වලාන	291
වලි	2039
වලිං	583
වලිගය	467
වලිගෙ	279
වලින්	86462
වලින්ද	1149
වලින්ම	1230
වලිනි	1049
වලිනුත්	1174
වලිනුයි	245
වලිය	633
වලියක්	1005
වලියට	451
වලෙන්	273
වලේ	1031
වවන	407
වවන්න	397
වවමු	253
වවලා	276
වව්නියා	236
වව්නියාව	2875
වව්නියාවේ	459
වවා	487
වවාගෙන	458
වවුචර්	320
වවුනියා	289
වවුනියාව	2054
වවුනියාවේ	427
වවුලන්	270
වවුල්	322
වශයෙන්	84721
වශයෙන්ද	1074
වශයෙන්ම	5554
වශයෙනි	2625
වශයෙනුත්	497
වශී	1010
වශෙයන්	288
වස	3713
වසං	399
වසංගත	2138
වසංගතය	1512
වසංගතයක්	417
වසංගතයට	326
වසංගතයේ	229
වසකට	206
වසක්	629
වසඟ	450
වසත්	342
වසන	2042
වසන්	2129
වසන්ත	6739
වසන්තය	2659
වසන්තයක්	254
වසන්තයට	264
වසන්තයේ	838
වසන්තා	220
වසන්ති	361
වසන්තේ	338
වසන්නට	247
වසම	276
වසමට	250
වසම්	836
වසමේ	955
වසයි	395
වසයෙන්	1737
වසර	68581
වසරක	3727
වසරකට	5721
වසරකම	978
වසරක්	8791
වසරකි	325
වසරකින්	296
වසරට	2646
වසරයි	378
වසරවල	729
වසරවලදී	246
වසරින්	375
වසරෙ	1162
වසරෙදි	758
වසරෙන්	492
වසරෙහි	225
වසරේ	37926
වසරේදි	467
වසරේදී	9324
වසරේදීය	375
වසරේදීයි	215
වසල	225
වස්	4076
වස්කඩුව	376
වස්තු	4055
වස්තුන්	278
වස්තුව	4076
වස්තුවක	379
වස්තුවක්	2057
වස්තුවට	214
වස්තුවේ	537
වස්තූන්	1357
වස්සාන	381
වසා	14168
වසාගත්	244
වසාගෙන	1105
වසීම්	910
වසුරු	358
වහ	3001
වහං	274
වහගන්න	637
වහගෙන	2117
වහන	511
වහනය	820
වහනවා	322
වහන්	662
වහන්න	1175
වහන්ස	2340
වහන්සෙ	382
වහන්සේ	51484
වහන්සේගෙන්	1007
වහන්සේගේ	12483
වහන්සේට	6861
වහන්සේත්	351
වහන්සේද	447
වහන්සේය	351
වහන්සේලා	6713
වහන්සේලාගේ	873
වහන්සේලාට	1157
වහන්සේව	979
වහපු	325
වහර	377
වහරේ	212
වහල	2332
වහලක්	603
වහලට	196
වහලය	646
වහලයේ	253
වහල්	2864
වහල්ලු	387
වහලා	2516
වහලුන්	770
වහලෙ	282
වහලෙක්	213
වහලේ	509
වහසි	336
වහා	7456
වහාම	12706
වහින	723
වහිනවා	522
වහින්න	384
වහෙන්	231
වළ	1285
වළං	441
වළක්	319
වළක්වන	456
වළක්වන්න	474
වළක්වමින්	214
වළක්වා	2390
වළක්වාලමින්	405
වළකා	233
වළකින	749
වළකින්න	481
වළගම්බා	512
වළඳා	331
වළල්ල	519
වළල්ලක්	307
වළලා	255
වළලු	1076
වළවල්	269
වළා	537
වළාකුළු	806
වළේ	297
ව්	559
වා	3342
වාං	248
වාංපතුල්	290
වාකරේ	215
වාග්	1185
වාගෙ	2009
වාගෙම	785
වාගෙයි	531
වාගේ	7905
වාගේම	1481
වාගේය	318
වාචාල	353
වාචික	1094
වාචිකව	331
වාට්ටු	605
වාට්ටුව	618
වාට්ටුවට	587
වාට්ටුවේ	787
වාඩි	7913
වාඩිය	210
වාඩිවී	933
වාඩිවෙන්න	398
වාඩිවෙලා	1762
වාණිජ	4811
වාණිජමය	442
වාත	976
වාතය	1492
වාතයක්	410
වාතයේ	332
වාත්තු	221
වාතාවරණය	1155
වාතාවරණයක්	1140
වාතාවරනය	223
වාද	3557
වාදක	587
වාදන	731
වාදනය	2435
වාදය	3095
වාදයකට	202
වාදයක්	697
වාදයට	578
වාදයෙන්	231
වාදයේ	344
වාද්දුව	534
වාදියෙක්	206
වාදී	1127
වාදීන්	594
වානර	326
වානරයා	209
වාන්	1667
වානිජ	1441
වානේ	1226
වාම	2147
වාමන	214
වාමාංශික	3160
වාමාංශිකයන්	554
වායු	5813
වායුගෝලය	374
වායුගෝලයට	242
වායුගෝලයේ	802
වායුගෝලීය	447
වායුව	1046
වායුවක්	211
වායෝ	384
වාර	5856
වාරණ	1107
වාරණය	1228
වාරණයක්	442
වාරණයට	295
වාරය	2435
වාරයක්	2683
වාරයට	326
වාරයේ	900
වාරයේදී	356
වාර්ගික	2400
වාර්තා	63316
වාර්තාකර	233
වාර්තාකරණය	407
වාර්තාකරු	9754
වාර්තාකරුවන්	1834
වාර්තාගත	1291
වාර්තාමය	431
වාර්තාව	16446
වාර්තාවක	410
වාර්තාවකට	365
වාර්තාවක්	7263
වාර්තාවකින්	270
වාර්තාවට	1592
වාර්තාවන	851
වාර්තාවනවා	575
වාර්තාවන්	274
වාර්තාවන්නේ	1325
වාර්තාවල	1140
වාර්තාවලට	480
වාර්තාවලින්	219
වාර්තාවී	1122
වාර්තාවුණා	368
වාර්තාවූ	480
වාර්තාවෙන්	1017
වාර්තාවේ	5145
වාර්ථා	4143
වාර්ථාව	523
වාර්ථාවක්	308
වාර්ථාවේ	217
වාර්ශික	230
වාර්ෂික	7006
වාර්ෂිකව	2794
වාරි	1490
වාරික	1314
වාරිකය	739
වාරිමාර්ග	2664
වාරියපොල	660
වාරියපොළ	626
වාරු	765
වාරෙ	210
වාරේ	424
වාලච්චේන	290
වාලේ	387
වාව්	219
වාෂ්ප	1297
වාස	399
වාසගම	510
වාසගම්	201
වාසනා	1674
වාසනාව	3589
වාසනාවකට	848
වාසනාවක්	1242
වාසනාවකි	258
වාසනාවට	1120
වාසනාවන්	681
වාසනාවන්ත	2362
වාසනාවන්තයි	870
වාසය	8177
වාසයට	305
වාසල	544
වාසස්ථාන	710
වාසස්ථානය	284
වාස්	2504
වාස්තවික	610
වාස්තු	1708
වාසි	5879
වාසිදායක	985
වාසිය	3548
වාසියක්	2188
වාසියට	905
වාසියි	224
වාසී	733
වාසීන්	567
වාසීන්ගේ	204
වාසීන්ට	225
වාසු	776
වාසුදේව	1593
වාසේ	402
වාහක	220
වාහන	25319
වාහනමෝටර්	377
වාහනය	3831
වාහනයක	856
වාහනයකට	352
වාහනයක්	3954
වාහනයකින්	332
වාහනයට	749
වාහනයෙන්	444
වාහනයේ	1501
වාහනවල	860
වාහනවලට	504
වාහනවලින්	241
වාහනෙන්	294
වාහනේ	3728
වාහනේක	231
වාහනේට	590
වාහල්කඩ	237
වාහිනී	222
වැ	2664
වැකි	1148
වැකිය	827
වැකියක්	327
වැකුණු	258
වැගන්	253
වැගිරෙන	270
වැජඹෙන	337
වැට	3479
වැටක්	623
වැටකොළු	204
වැටට	285
වැටලීම	1868
වැටලීමකදී	982
වැටලීමට	453
වැටලීම්	1584
වැටලීමේදී	340
වැටලූ	205
වැටවල්	434
වැටහිණි	240
වැටහී	641
වැටහීම	429
වැටහීමක්	1525
වැටහුණා	221
වැටහුනා	260
වැටහුනේ	471
වැටහෙන	639
වැටහෙනවා	569
වැටහෙන්නේ	588
වැටහෙනු	355
වැටහෙයි	239
වැටහේ	445
වැටහේවි	256
වැට්	2336
වැටි	1845
වැටිච්ච	847
වැටිණි	332
වැටිය	702
වැටිල	1824
වැටිලා	5827
වැටී	10683
වැටීගෙන	268
වැටීම	3764
වැටීමකට	200
වැටීමක්	679
වැටීමට	1076
වැටීමත්	318
වැටීම්	618
වැටීමෙන්	1700
වැටීමේ	637
වැටුණ	707
වැටුණා	1543
වැටුණි	467
වැටුණු	4101
වැටුණේ	663
වැටුන	2529
වැටුනට	242
වැටුනත්	349
වැටුනම	346
වැටුනා	2174
වැටුනි	601
වැටුනු	1843
වැටුනෙ	492
වැටුනේ	1328
වැටුනොත්	560
වැටුප	4019
වැටුපක්	1644
වැටුපට	726
වැටුප්	13612
වැටුපෙන්	459
වැටෙද්දි	234
වැටෙද්දී	391
වැටෙන	7700
වැටෙනකොට	218
වැටෙනව	564
වැටෙනවා	2946
වැටෙන්	408
වැටෙන්න	2228
වැටෙන්නට	1008
වැටෙන්නෙ	787
වැටෙන්නේ	1858
වැටෙනා	416
වැටෙනු	553
වැටෙමින්	862
වැටෙයි	1603
වැටේ	1887
වැඩ	119406
වැඩක	577
වැඩකට	3366
වැඩකටයුතු	2190
වැඩකරන	3749
වැඩකරනවා	220
වැඩකරන්න	550
වැඩකරන්නෙ	210
වැඩකරන්නේ	310
වැඩකරපු	339
වැඩක්	47261
වැඩක්ද	621
වැඩක්නෙ	274
වැඩක්නේ	357
වැඩක්ම	404
වැඩකි	819
වැඩකුත්	882
වැඩකොටසක්	241
වැඩට	6190
වැඩත්	1320
වැඩද	566
වැඩදායක	264
වැඩනේ	229
වැඩපල	223
වැඩපිලිවෙල	755
වැඩපිලිවෙලක්	661
වැඩපිළිවෙල	2242
වැඩපිළිවෙලක්	2457
වැඩපිළිවෙලට	425
වැඩපිළිවෙලේ	209
වැඩපිළිවෙළ	2989
වැඩපිළිවෙළක්	2444
වැඩපිළිවෙළට	505
වැඩපිළිවෙළේ	253
වැඩබලන	3013
වැඩබිම්	237
වැඩම	4093
වැඩමවා	233
වැඩමුළු	1230
වැඩමුළුව	1298
වැඩමුළුවක්	763
වැඩමුළුවට	236
වැඩමුළුවේ	247
වැඩය	722
වැඩයි	402
වැඩවර්ජන	527
වැඩවර්ජනය	1065
වැඩවර්ජනයක්	402
වැඩවර්ජනයට	292
වැඩවල	363
වැඩවලට	1293
වැඩවලින්	227
වැඩවසන	331
වැඩවසම්	1511
වැඩසටහන	18180
වැඩසටහනක	356
වැඩසටහනකට	949
වැඩසටහනකදී	274
වැඩසටහනක්	5635
වැඩසටහනකි	207
වැඩසටහනකින්	256
වැඩසටහනට	3274
වැඩසටහන්	14851
වැඩසටහන්වල	397
වැඩසටහන්වලට	410
වැඩසටහනින්	364
වැඩසටහනෙන්	279
වැඩසටහනෙහි	250
වැඩසටහනේ	3185
වැඩසටහනේදී	421
වැඩසිටි	304
වැඩසිටින	246
වැඩි	115589
වැඩිකමට	239
වැඩිකර	1066
වැඩිකරන	341
වැඩිකල්	600
වැඩිකිරීම	554
වැඩිකිරීමට	381
වැඩිද	722
වැඩිදියුණු	2957
වැඩිදියුනු	244
වැඩිදුර	9474
වැඩිදුරට	217
වැඩිදුරටත්	18137
වැඩිදෙනෙක්	306
වැඩිනම්	298
වැඩිපුර	9335
වැඩිපුරම	3292
වැඩිම	11051
වැඩිමනක්	246
වැඩිමනත්	292
වැඩිමල්	1276
වැඩිමලා	258
වැඩිමහල්	1976
වැඩිමහලු	217
වැඩිය	17083
වැඩියම	494
වැඩියා	766
වැඩියි	9359
වැඩියෙ	342
වැඩියෙන්	8519
වැඩියෙන්ම	4133
වැඩියේ	434
වැඩිවන	1187
වැඩිවිය	834
වැඩිවියට	297
වැඩිවිස්තර	229
වැඩිවී	955
වැඩිවීම	1737
වැඩිවීමක්	1488
වැඩිවීමට	388
වැඩිවීමත්	244
වැඩිවීමේ	278
වැඩිවූ	232
වැඩිවෙන	520
වැඩිවෙනවා	586
වැඩිවෙන්න	302
වැඩිවෙමින්	355
වැඩිවෙයි	397
වැඩිවෙලා	1013
වැඩිවේ	586
වැඩිහරියක්	403
වැඩිහිටි	5038
වැඩිහිටියන්	2153
වැඩිහිටියන්ගේ	456
වැඩිහිටියන්ට	1751
වැඩිහිටියෙක්	456
වැඩිහිටියො	253
වැඩිහිටියෝ	531
වැඩී	2081
වැඩීම	746
වැඩීමට	307
වැඩුණු	1203
වැඩුන	218
වැඩුනු	578
වැඩුනේ	202
වැඩූ	233
වැඩෙ	958
වැඩෙත්	916
වැඩෙන	2255
වැඩෙන්	654
වැඩෙන්නට	238
වැඩෙන්නේ	224
වැඩෙමින්	350
වැඩෙයි	202
වැඩෙහි	241
වැඩේ	40454
වැඩේට	5620
වැඩේම	423
වැඬේ	684
වැතිර	899
වැතිරිලා	242
වැතිරී	407
වැද	2182
වැදගත්	48287
වැදගත්කම	3956
වැදගත්කමක්	1163
වැදගත්කමකින්	221
වැදගත්ම	3638
වැදගත්ය	1591
වැදගත්වන	264
වැදගැම්මකට	277
වැදලා	227
වැද්ද	249
වැද්දන්	378
වැද්දා	421
වැද්දෝ	236
වැදෑරුම්	313
වැදි	2208
වැදිච්ච	254
වැදිල	574
වැදිලා	1704
වැදී	4009
වැදීම	1219
වැදීමට	833
වැදීමෙන්	1037
වැදීමේ	236
වැදුණා	403
වැදුණු	1700
වැදුණේ	290
වැදුන	1069
වැදුනා	1284
වැදුනු	953
වැදුනෙ	222
වැදුනේ	806
වැදුනොත්	233
වැදුම්	531
වැදූ	365
වැදෙන	324
වැනසී	249
වැන්	781
වැන්දඹු	451
වැන්දා	332
වැන්න	1175
වැන්නක්	296
වැන්නට	213
වැන්නන්	523
වැන්නවුන්	441
වැන්නේ	770
වැන්නේද	254
වැනි	88224
වැනිදා	19212
වැනිදාට	710
වැනිදාය	451
වැනිදායි	554
වැනිදායින්	297
වැනිම	492
වැනිය	1386
වැනී	449
වැනුවා	326
වැනෙන	315
වැඳ	2946
වැඳගෙන	276
වැඳපුදා	342
වැඳල	243
වැඳලා	665
වැඳීම	332
වැඳුම්	517
වැප්	1163
වැපා	252
වැම්පයර්	448
වැය	13185
වැයකර	495
වැයක්	209
වැයට	218
වැයවන	546
වැයෙන්	464
වැර	480
වැරද්ද	572
වැරද්දක්	1271
වැරදි	28238
වැරදිකරු	514
වැරදිකරුවන්	529
වැරදිකරුවන්ට	241
වැරදිද	965
වැරදිනම්	210
වැරදිය	693
වැරදියට	1437
වැරදියි	5061
වැරදිලා	1756
වැරදිලාවත්	816
වැරදිවලට	321
වැරදී	1032
වැරදීමක්	641
වැරදීමකින්	743
වැරදීම්	371
වැරදුණු	303
වැරදුන	484
වැරදුනා	821
වැරදුනු	340
වැරදුනේ	443
වැරදුනොත්	264
වැරහැලි	205
වැරැද්ද	4688
වැරැද්දක්	3937
වැරැද්දට	297
වැරැදි	1501
වැරෙන්	367
වැල	3758
වැලක	252
වැලක්	1257
වැලක්වීමට	250
වැලකි	235
වැලකිය	207
වැලකී	879
වැලකීම	221
වැලට	200
වැලද	273
වැලන්ටයින්	1437
වැලඳ	580
වැලපෙන	320
වැලමිට	219
වැලලාගෙන	276
වැල්	4448
වැල්ල	418
වැල්ලම්පිටිය	758
වැල්ලවත්ත	1106
වැල්ලවත්තේ	358
වැල්ලවාය	1215
වැල්ලේ	684
වැල්වටාරම්	209
වැලැක්විය	503
වැලැක්වීම	966
වැලැක්වීමට	975
වැලැක්වීමේ	502
වැලි	7803
වැලිඅමුණ	279
වැලිඔය	333
වැලිකඩ	2578
වැලිකන්ද	744
වැලිගම	1346
වැලිපැන්න	352
වැලිමඩ	922
වැලිවිට	410
වැලිවේරිය	852
වැලිවේරියේ	224
වැලිසර	584
වැලේ	784
වැව	5059
වැවක	209
වැවක්	448
වැවට	937
වැව්	5007
වැවිලා	202
වැවිලි	1606
වැවී	237
වැවීම	247
වැවෙන	521
වැවෙන්	281
වැවේ	1956
වැස	258
වැස්ම	285
වැස්ස	6026
වැස්සක	234
වැස්සකට	297
වැස්සක්	1754
වැස්සට	1684
වැස්සත්	450
වැස්සා	211
වැස්සෙ	408
වැස්සෙන්	589
වැස්සේ	1120
වැසි	20609
වැසිකිලි	1393
වැසිකිලිය	249
වැසිකිලියක්	199
වැසිකිලියට	236
වැසිකිළි	1147
වැසිකිළිය	223
වැසියන්	5426
වැසියන්ගේ	943
වැසියන්ට	1422
වැසියා	491
වැසියෙක්	245
වැසියෝ	984
වැසී	2242
වැසීම	304
වැසීමට	281
වැසුණු	388
වැසුනු	238
වැසුම්	418
වැසූ	426
වැසෙන	386
වැසේ	354
වැහැලා	428
වැහි	5088
වැහිල	291
වැහිලා	836
වැහුවා	254
වැහෙන	346
වැහෙන්න	447
වැළකිය	292
වැළකී	1471
වැළකීම	403
වැළකුණේ	199
වැළද	228
වැළදී	311
වැළඳ	1535
වැළඳගෙන	276
වැළඳී	778
වැළඳීම	226
වැළඳුණු	290
වැළපෙන	238
වැළලාගෙන	573
වැළලී	274
වැළැක්විය	794
වැළැක්වීම	2451
වැළැක්වීමට	1791
වැළැක්වීමේ	1710
වෑඩ	714
වෑඩක්	413
වෑඩි	409
වෑඩේ	367
වෑදගත්	243
වෑන්	12896
වෑනි	223
වෑයම	1155
වෑයමක්	545
වෑයම්	1133
වෑරදි	199
වෑහෙන	355
වි	12767
විකට	1089
විකට්	482
විකල්	410
විකල්ප	6412
විකල්පය	1290
විකල්පයක්	2599
විකසනය	218
විකසිත	826
වික්කා	265
වික්ටර්	4281
වික්ටර්ගේ	214
වික්ටෝරියා	1181
වික්ටෝරියානු	364
වික්ෂිප්ත	344
විකා	218
විකාර	4550
විකාරයක්	1025
විකාශ	213
විකාශණය	238
විකාශන	1219
විකාශනය	2453
විකාශය	5119
විකි	394
විකිණිමට	2806
විකිණිය	285
විකිණීම	2075
විකිණීමට	3287
විකිණීමෙන්	272
විකිණීමේ	628
විකිණූ	245
විකිණෙන	436
විකිණේ	317
විකිනීම	241
විකිනීමට	824
විකිපීඩියා	7031
විකිපීඩියාව	591
විකිපීඩියාවට	357
විකිපීඩියාවෙහි	250
විකිපීඩියාවේ	366
විකිරණ	1291
විකිරණශීලී	273
විකිලීක්ස්	610
විකුණගන්න	204
විකුණගෙන	225
විකුණන	3006
විකුණනවා	607
විකුණන්	276
විකුණන්න	1462
විකුණන්නට	287
විකුණන්නේ	468
විකුණනු	274
විකුණමින්	324
විකුණයි	347
විකුණල	287
විකුණලා	1114
විකුණා	2646
විකුණාගෙන	273
විකුණුම්	10938
විකුණූ	246
විකුනන	517
විකුනනවා	317
විකුනන්න	818
විකුනන්නේ	254
විකුනලා	322
විකුනා	410
විකුම්	564
විකුර්ති	359
විකෘත	202
විකෘති	4099
විකෘතියක්	312
විකොස	394
විගඩම්	271
විගණක	198
විගණකාධිපති	819
විගණකාධිපතිවරයා	301
විගණන	3042
විගණනය	794
විගණනයට	273
විගමන	1830
විගස	3113
විගසම	522
විගසින්	366
විගහට	265
විග්නේශ්වරන්	711
විග්නේෂ්වරන්	1620
විග්නේස්වරන්	324
විචලනය	218
විචා	341
විචාර	3100
විචාරක	2445
විචාරකයන්	647
විචාරකයා	250
විචාරකයින්	434
විචාරකයෙක්	205
විචාරකයෝ	351
විචාරණය	306
විචාරණයකට	283
විචාරණයක්	614
විචාරය	1729
විචාරයක්	1051
විචාරයට	460
විචාරයේ	220
විචාරා	214
විචාරාත්මක	388
විජය	6385
විජයකලා	417
විජයගේ	462
විජයදාස	896
විජයබා	425
විජයබාහු	800
විජයමුණි	504
විජයවර්ධන	707
විජ්ජා	400
විජාතික	1411
විජිත	4707
විජිතය	289
විජිතයක්	337
විජිත්	1107
විජේ	1007
විජේකෝන්	249
විජේගුණරත්න	430
විජේතුංග	729
විජේදාස	1386
විජේනායක	462
විජේපාල	367
විජේරත්න	2179
විජේරාම	397
විජේවර්ධන	1794
විජේවීර	2972
විජේවීරගේ	481
විජේසිංහ	1765
විජේසිරි	356
විජේසුන්දර	360
විජේසූරිය	1124
විජේසේකර	1333
විඤ්ඤාණ	653
විඤ්ඤාණය	1380
විඥාණය	210
විඥානය	1191
විඥානයක්	225
විට	158322
විටක	3147
විටකත්	207
විටකදී	307
විටකම	488
විටක්	750
විටක්ම	211
විටත්	7479
විටද	650
විටදි	444
විටදී	1125
විටම	5079
විටමින්	1085
විටය	1060
විටයි	655
විටින්	4494
විටෙක	6943
විටෙකත්	546
විටෙකම	219
විඩා	393
විඩාපත්	212
විඩාබර	383
විඩාව	396
විඩියෝ	2256
විඩියෝව	352
විඩීයෝ	435
විණ	371
විණි	1753
විත	376
විතර	41675
විතරක්	32792
විතරක්ද	460
විතරක්ම	1151
විතරද	2421
විතරනෙ	449
විතරනේ	853
විතරම	290
විතරමද	309
විතරමයි	1684
විතරය	521
විතරය්	209
විතරයි	41422
විතරයිනෙ	253
විතරයිනේ	412
විතරලු	277
විතර්ක	666
විත්	4322
විත්ති	1240
විත්තිකරු	872
විත්තිකරුට	319
විත්තිකරුවන්	1179
විත්තිකරුවන්ට	347
විත්තිකාර	348
විත්තිය	1341
විත්තියේ	436
විතාන	492
විතානගේ	1572
විතාරණ	762
විතැන්	372
විද	1636
විදගන්න	275
විදග්ධ	331
විදගෙන	209
විදපු	366
විදර්ශන	372
විදර්ශනා	907
විදල	212
විදලා	652
විදවන්න	211
විදහා	1877
විද්ද	263
විද්දා	230
විද්යා	301
විද්යාල	243
විද්යාව	299
විද්යුත්	714
විද්වත්	2119
විද්වතා	260
විද්වතුන්	2141
විද්වතුන්ගේ	484
විදා	273
විදානපතිරණ	242
විදානේ	604
විදි	1278
විදින	2214
විදිනවා	626
විදින්න	1796
විදින්නට	574
විදින්නේ	348
විදිමින්	484
විදිය	6544
විදියක	581
විදියකට	1707
විදියක්	3319
විදියකින්	836
විදියට	52383
විදියටත්	570
විදියටනම්	266
විදියටම	3470
විදියටයි	1149
විදියත්	315
විදියයි	307
විදියෙ	972
විදියෙන්	285
විදියේ	2438
විදිහ	5075
විදිහක	533
විදිහකට	1475
විදිහක්	2496
විදිහකින්	644
විදිහට	45524
විදිහටත්	506
විදිහටද	256
විදිහටනම්	235
විදිහටම	2796
විදිහටයි	1009
විදිහත්	282
විදිහයි	269
විදිහෙ	1121
විදිහෙන්	235
විදිහේ	1826
විදී	275
විදීම	268
විදීමට	401
විදු	638
විදුර	701
විදුරු	327
විදුලි	27808
විදුලිබල	5572
විදුලිබලය	299
විදුලිබිල	272
විදුලිය	8480
විදුලියක්	258
විදුලියට	390
විදුලියෙන්	716
විදුලියේ	774
විදුලිසැර	263
විදුලොවින්	281
විදුසර	665
විදුහල	2467
විදුහලට	831
විදුහල්	1197
විදුහල්පති	3477
විදුහල්පතිතුමා	399
විදුහල්පතිනිය	480
විදුහල්පතිවරයා	1059
විදුහල්පතිවරයාට	214
විදුහල්පතිවරු	309
විදුහල්පතිවරුන්	988
විදුහල්පතිවරුන්ට	387
විදුහලෙන්	198
විදුහලේ	2472
විදූ	212
විදූශා	226
විදෙස්	14794
විදෙස්ගත	714
විදෙස්ගතව	245
විදේශ	29652
විදේශගත	1289
විදේශගතව	627
විදේශයක	294
විදේශයන්	254
විදේශයන්හි	434
විදේශික	568
විදේශිකයන්	1033
විදේශිකයන්ට	442
විදේශිකයින්	527
විදේශිය	518
විදේශීය	7524
විධ	768
විධාන	1730
විධානය	1136
විධානයට	312
විධායක	12674
විධායකය	797
විධායකයේ	232
විධි	1966
විධිමත්	4650
විධිමත්ව	643
විධිය	440
විධියට	2513
විධිවිධාන	2241
විධිහට	242
වින	928
විනය	6908
විනයක්	947
විනයගරුක	255
විනයානුකූල	233
වින්	452
වින්චැට්	223
වින්ඩොස්	553
වින්ඩෝ	269
වින්ඩෝස්	5042
වින්ද	1063
වින්දන	448
වින්දනය	1373
වින්දනයක්	804
වින්දනයට	212
වින්දනයේ	293
වින්දනාත්මක	208
වින්දනීය	252
වින්දා	1347
වින්දිතයන්	214
වින්දෙමි	299
වින්දේ	356
වින්සන්ට්	445
විනා	2758
විනාකිරි	301
විනාඩි	11771
විනාඩියකට	341
විනාඩියක්	717
විනාශ	20140
විනාශකර	255
විනාශකාරී	1571
විනාශය	4150
විනාශයක්	1577
විනාශයට	2045
විනාශයන්	344
විනාශයි	265
විනාශයෙන්	263
විනාශයේ	312
විනාශවී	311
විනාස	2203
විනාසය	315
විනාසයක්	339
විනාසයි	391
විනාසේ	288
විනි	477
විනිමය	2786
විනිවිද	2181
විනිවිදභාවය	215
විනිශ්චය	2923
විනිශ්චයක්	229
විනිසුරන්	269
විනිසුරු	8416
විනිසුරුවන්	673
විනිසුරුවරයා	1441
විනිසුරුවරයෙකු	281
විනිසුරුවරිය	459
විනිසුරුවරුන්	1093
විනිසුරුවරුන්ගේ	241
විනීත	450
විනෝද	3187
විනෝදය	1268
විනෝදයක්	470
විනෝදයට	423
විනෝදයෙන්	310
විනෝදාංශ	463
විනෝදාංශය	421
විනෝදාංශයක්	587
විනෝදාත්මක	615
විනෝදාස්වාද	290
විනෝදාස්වාදය	369
විඳ	2786
විඳගන්න	662
විඳගෙන	293
විඳපු	801
විඳල	271
විඳලා	825
විඳවන	335
විඳවන්න	534
විඳි	1525
විඳිති	314
විඳින	4536
විඳිනවා	1344
විඳින්න	3597
විඳින්නට	1393
විඳින්නෙ	201
විඳින්නේ	801
විඳිනා	288
විඳිනු	227
විඳිමි	251
විඳිමින්	1397
විඳිය	595
විඳියි	310
විඳී	202
විඳීම	714
විඳීමට	1209
විඳීම්	388
විඳීමේ	308
විපක්ෂ	9471
විපක්ෂනායක	428
විපක්ෂය	6924
විපක්ෂයක්	559
විපක්ෂයට	1339
විපක්ෂයෙන්	346
විපක්ෂයේ	7080
විපක්ෂව	475
විපත	670
විපතක්	624
විපතට	2448
විපත්	1184
විපරම්	882
විපර්යාස	1313
විපර්යාසය	292
විපරීත	502
විපස්සනා	293
විප්ලව	1095
විප්ලවකාරී	393
විප්ලවය	4184
විප්ලවයක්	1173
විප්ලවයට	793
විප්ලවයෙන්	515
විප්ලවයේ	1824
විප්ලවවාදී	2914
විප්ලවවාදීන්	257
විප්ලවීය	1827
විපාක	3223
විපාකය	593
විපාකයක්	265
විපුල	505
විබාග	357
විභව	415
විභවය	422
විභවයක්	223
විභාග	14211
විභාගය	7812
විභාගයකට	248
විභාගයක්	1227
විභාගයකින්	425
විභාගයට	5719
විභාගයෙන්	1100
විභාගයේ	2022
විභාගයේදී	447
විභාගෙ	1190
විභාගෙට	658
විභාගේ	1405
විභීෂණ	552
විභූතිය	208
විභේදනය	236
විම	1904
විමක්	232
විමට	1278
විමත්	238
විමතිය	202
විමතියට	425
විමතියෙන්	198
විමන්	234
විමයි	199
විමර්ශණ	1421
විමර්ශණය	235
විමර්ශන	14641
විමර්ශනය	3938
විමර්ශනයකට	210
විමර්ශනයක්	2541
විමර්ශනයට	843
විමර්ශනයේදී	280
විමර්ශනවල	211
විමර්ශනවලට	378
විමර්ශනවලදී	729
විමර්ශනවලින්	207
විමර්ෂණ	599
විමල	245
විමලධර්මසූරිය	263
විමලරතන	283
විමලරත්න	383
විමලවීර	377
විමලසිරි	315
විමලසේන	306
විමල්	10708
විමල්ගේ	772
විමල්ට	611
විමලා	377
විමලෙ	296
විමලෙගෙ	286
විමලේ	436
විමසන	1590
විමසනවා	248
විමසන්න	1230
විමසන්නට	427
විමසන්නේ	305
විමසනු	280
විමසමින්	425
විමසයි	587
විමසා	8668
විමසිය	694
විමසිල්ලෙන්	1068
විමසිලිමත්	912
විමසීම	3482
විමසීමකට	284
විමසීමකදී	3273
විමසීමක්	2944
විමසීමකින්	240
විමසීමට	1840
විමසීම්	1369
විමසීමෙන්	386
විමසීමේ	766
විමසීමේදී	1002
විමසීය	710
විමසු	250
විමසුම	3569
විමසුමක්	717
විමසුමට	382
විමසුම්	613
විමසුවා	685
විමසුවාය	257
විමසුවෙමි	198
විමසුවේ	509
විමසුවේය	242
විමසූ	1760
විමාන	910
විමානය	271
විමුක්ති	13075
විමුක්තිය	2038
විමුක්තියක්	216
විමෙන්	332
විමේ	376
විමෝචන	332
විමෝචනය	490
විය	195083
වියට	703
වියට්නාම	620
වියට්නාමය	821
වියට්නාමයේ	677
වියට්නාම්	837
වියත්	534
වියතුන්	294
වියදං	474
වියදම	5769
වියදමක්	1516
වියදමකින්	391
වියදමට	504
වියදම්	16266
වියදමින්	1680
වියදමෙන්	478
වියන	660
වියන්	443
වියන්ගොඩ	672
වියපත්	1303
වියමන	661
වියමන්	454
වියයුතු	900
වියයුතුය	300
වියයුතුයි	372
වියරණ	220
වියරු	994
වියරුව	263
වියරුවෙන්	320
වියලි	1513
වියලී	268
වියවුල්	506
වියහැක	243
වියහැකි	631
වියළි	3665
වියළී	240
වියානා	432
වියැකී	591
වියැති	687
වියුක්ත	1719
වියුණු	337
වියෙහි	506
වියේ	4193
වියේදී	651
වියෝ	616
වියෝව	497
වියෝවෙන්	245
විර	203
විරංග	258
විරල	743
විරවංශ	339
විරසක	373
විරහ	736
විරහව	728
විරහිත	3512
විරහිතව	1145
විරාගය	251
විරාජ්	2976
විරාට්	206
විරාත්	218
විරාම	860
විරාමය	547
විරාමයක්	765
විරැකියා	425
විරැකියාව	865
විරිත්	1069
විරිදු	280
විරිඳු	221
විරිය	230
විරු	1140
විරුද්ද	1206
විරුද්දයි	273
විරුද්දව	1181
විරුද්ධ	15043
විරුද්ධත්වය	1419
විරුද්ධත්වයක්	595
විරුද්ධය	332
විරුද්ධයි	1511
විරුද්ධව	13219
විරුද්ධවාදීන්	564
විරුදාවලිය	251
විරුවන්	1341
විරුවන්ගේ	250
විරුවන්ට	230
විරුවා	201
විරුවෝ	201
විරූ	1228
විරූපී	261
විරෝදය	269
විරෝදී	414
විරෝධතා	8117
විරෝධතාකරුවන්	1261
විරෝධතාකරුවන්ට	242
විරෝධතාව	1765
විරෝධතාවක	1526
විරෝධතාවක්	1511
විරෝධතාවට	556
විරෝධතාවන්	218
විරෝධතාවය	1230
විරෝධතාවයක	688
විරෝධතාවයක්	922
විරෝධතාවයට	468
විරෝධතාවයේ	1518
විරෝධතාවල	222
විරෝධතාවලට	217
විරෝධය	15492
විරෝධයක්	2230
විරෝධයට	568
විරෝධයේ	397
විරෝධි	1749
විරෝධී	15022
විරෝධීන්	593
විරෝධීව	931
විල	1823
විලංගු	289
විලක්	706
විලට	381
විලවුන්	816
විලස	697
විලසට	214
විලසින්	524
විල්	1412
විල්ගමුව	262
විල්පත්තු	1212
විල්පත්තුව	726
විල්පත්තුවේ	296
විල්බට්	258
විල්සන්	679
විලා	207
විලාප	768
විලාපය	393
විලාශය	436
විලාසය	645
විලාසිතා	2194
විලාසිතාව	341
විලාසිතාවක්	487
විලි	1271
විලියම්	1817
විලියම්ස්	388
විලී	339
විලේ	752
විවධ	307
විවර	3660
විවරණ	747
විවරණය	1445
විවරණයක්	386
විවරය	285
විවාද	2218
විවාදය	2267
විවාදයකට	433
විවාදයක්	1414
විවාදයට	2419
විවාදයේ	513
විවාදයේදී	307
විවාදාත්මක	447
විවාපත්	201
විවාහ	14804
විවාහක	1925
විවාහය	4443
විවාහයක්	948
විවාහයට	1338
විවාහයන්	206
විවාහයෙන්	1006
විවාහයේ	554
විවිද	2234
විවිධ	48544
විවිධත්ව	387
විවිධත්වය	1425
විවිධත්වයක්	415
විවිධත්වයෙන්	200
විවිධාකාර	2717
විවිධාකාරයි	197
විවිධාකාරයෙන්	466
විවිධාකාරයේ	737
විවියන්	205
විවුර්ත	349
විවෘත	25888
විවෘතයි	626
විවෘතව	2433
විවෘත්ත	300
විවේක	2103
විවේකය	911
විවේකයක්	1237
විවේකයෙන්	357
විවේකී	239
විවේකීව	319
විවේචන	3174
විවේචනය	6780
විවේචනයක්	1136
විවේචනයට	1644
විවේචනාත්මක	493
විශ	321
විශය	1002
විශයක්	231
විශයන්	300
විශ්	323
විශ්කම්භය	209
විශ්ණු	283
විශ්මය	465
විශ්මයජනක	250
විශ්මයට	429
විශ්මි	540
විශ්මිත	1036
විශ්ලේෂක	204
විශ්ලේෂකයන්	214
විශ්ලේෂණ	864
විශ්ලේෂණය	2667
විශ්ලේෂණයක්	407
විශ්ලේෂණාත්මක	204
විශ්ලේෂනය	403
විශ්ව	26540
විශ්වකෝෂය	4992
විශ්වගේ	226
විශ්වය	2107
විශ්වයට	289
විශ්වයම	261
විශ්වයේ	2144
විශ්වසනීය	558
විශ්වසනීයත්වය	208
විශ්වාශ	197
විශ්වාස	22497
විශ්වාසනීය	593
විශ්වාසනීයත්වය	211
විශ්වාසභංග	1243
විශ්වාසභංගය	297
විශ්වාසය	9485
විශ්වාසයක්	3550
විශ්වාසයකින්	325
විශ්වාසයට	337
විශ්වාසයන්	585
විශ්වාසයයි	1136
විශ්වාසයි	1144
විශ්වාසයෙන්	863
විශ්වාසයේ	265
විශ්වාසවන්ත	705
විශ්වීය	646
විශාකා	324
විශාඛා	370
විශාදය	211
විශාරද	1730
විශාල	54688
විශාලතම	5119
විශාලත්වය	878
විශාලත්වයෙන්	254
විශාලනය	243
විශාලම	1355
විශාලය	521
විශාලයි	760
විශාලව	199
විශාලා	266
විශිෂ්ට	5012
විශිෂ්ටතම	1159
විශිෂ්ටත්වය	309
විශිෂ්ටතා	197
විශිෂ්ටයි	607
විශිෂ්ඨ	2641
විශිෂ්ඨතම	561
විශිෂ්ඨයි	511
විශුද්ධිකරණ	240
විශුද්ධිකරණය	219
විශෙෂයෙන්	202
විශේශ	319
විශේශයෙන්	235
විශේෂ	59898
විශේෂඥ	6066
විශේෂඥයකු	206
විශේෂඥයන්	709
විශේෂඥයින්	740
විශේෂඥයෙකු	218
විශේෂඥයෝ	236
විශේෂණ	349
විශේෂත්වය	2079
විශේෂත්වයක්	3258
විශේෂත්වයකි	1502
විශේෂම	289
විශේෂය	1307
විශේෂයක්	2162
විශේෂයකි	434
විශේෂයන්	253
විශේෂයි	1054
විශේෂයෙන්	15063
විශේෂයෙන්ම	9481
විශේෂවිශේෂාංගසයිබර්	341
විශේෂාංග	4571
විශේෂාංගය	900
විශේෂිත	3455
විෂ	4337
විෂන්	242
විෂබීජ	659
විෂබීජහරණය	297
විෂම	942
විෂමතා	1034
විෂමතාවය	243
විෂය	10886
විෂයක්	1118
විෂයට	678
විෂයන්	1910
විෂයභාර	513
විෂයය	1009
විෂයයක්	615
විෂයයන්	1577
විෂයයෙහි	245
විෂයෙහි	836
විෂයේ	218
විෂ්කම්භය	216
විෂ්ණු	990
විෂුවල්	451
විස	2217
විසකුරු	213
විසදගන්න	199
විසදන්න	451
විසදා	653
විසදීම	398
විසදීමට	457
විසදුම	937
විසදුමක්	1984
විසදුම්	2301
විසන්ධි	1210
විසඳ	217
විසඳගන්න	401
විසඳන	510
විසඳන්න	1078
විසඳා	1697
විසඳාගත	250
විසඳිය	658
විසඳීම	1202
විසඳීමට	1415
විසඳීමේ	282
විසඳුම	2724
විසඳුමකට	308
විසඳුමක්	6142
විසඳුම්	6909
විසර්ජන	649
විසල්	2389
විස්කම්	337
විස්කි	1057
විස්කෝතු	205
විස්ටා	527
විස්තර	40261
විස්තරත්	419
විස්තරය	2354
විස්තරයක්	4215
විස්තරයට	301
විස්තරාත්මක	787
විස්තරාත්මකව	510
විස්තරේ	2550
විස්ථාපනය	414
විස්මය	334
විස්මයට	321
විස්මිත	1230
විස්වාස	2461
විස්වාසය	326
විස්වාසයක්	305
විස්වාසයි	207
විස්ස	2334
විස්සක	531
විස්සකට	801
විස්සක්	2056
විස්සට	287
විස්සයි	2023
විස්සේ	317
විස්සෝප	224
විසා	455
විසාල	1238
විසි	11208
විසිකර	378
විසිකරලා	202
විසික්	555
විසිට්	296
විසිත්ත	217
විසිතුරු	2033
විසින්	223085
විසින්ද	903
විසින්ම	5166
විසින්ය	224
විසිනි	7822
විසිනුයි	666
විසිපස්	332
විසිපහකට	224
විසිපහක්	379
විසිර	1572
විසිරි	512
විසිරිලා	524
විසිරී	1621
විසිරුණු	582
විසිරුවා	269
විසිරෙන	240
විසිල්	876
විසිවන	890
විසිවැනි	216
විසිවී	287
විසිහතර	280
විසීම	264
විසු	481
විසුණු	289
විසුනු	298
විසුරුවා	3676
විසුළු	397
විසූ	2594
විසෙන්	226
විසේ	287
විහඟ	710
විහඟුන්	204
විහරණය	308
විහාර	4073
විහාරමහා	287
විහාරමහාදේවි	218
විහාරය	5683
විහාරයක්	328
විහාරයට	1312
විහාරයේ	3100
විහාරයේදී	301
විහාරස්ථ	199
විහාරස්ථාන	1183
විහාරස්ථානය	1625
විහාරස්ථානයක	378
විහාරස්ථානයක්	230
විහාරස්ථානයට	707
විහාරස්ථානයේ	2577
විහාරස්ථානයේදී	395
විහාරස්ථානවල	283
විහාරාධිපති	2659
විහිද	419
විහිදා	302
විහිදී	990
විහිදුණු	309
විහිදුනු	307
විහිදුම්	198
විහිදුවා	210
විහිදෙන	941
විහින්	383
විහිලු	1755
විහිලුව	234
විහිලුවක්	918
විහිලුවට	739
විහිළු	2990
විහිළුව	425
විහිළුවක්	2160
විහිළුවකි	344
විහිළුවට	711
විළි	304
වී	212302
වීක්	283
වීගෙන	438
වීජ	257
වීඩියෝ	19134
වීඩියෝව	4239
වීඩියෝවක්	1848
වීඩියෝවට	205
වීඩියෝවෙන්	359
වීඩියෝවේ	689
වීඩීයෝ	312
වීණා	369
වීථි	447
වීද	695
වීදි	2602
වීදිය	1717
වීදියට	339
වීදියේ	1583
වීදුරු	3549
වීදුරුව	1107
වීදුරුවක්	922
වීදුරුවට	287
වීදුරුවෙන්	280
වීම	71457
වීමකට	329
වීමක්	5664
වීමකි	481
වීමකින්	451
වීමට	38885
වීමටත්	1062
වීමටද	665
වීමටය	293
වීමටයි	344
වීමත්	7456
වීමද	1081
වීමම	255
වීමය	1847
වීමයි	6711
වීම්	3787
වීමි	2091
වීමු	686
වීමෙන්	11108
වීමෙනි	620
වීමේ	12084
වීමේදී	1166
වීය	1838
වීර	3875
වීරක්කොඩි	829
වීරකැටිය	446
වීරකුමාර	363
වීරකෝන්	515
වීරත්වය	426
වීරතුංග	1193
වීරයකු	342
වීරයන්	1285
වීරයා	2987
වීරයාගේ	212
වීරයින්	287
වීරයෙක්	1723
වීරයෙකි	237
වීරයෙකු	362
වීරයො	313
වීරයෝ	1156
වීරරත්න	598
වීරවංශ	6158
වීරවංශගේ	642
වීරවංශට	375
වීරවංස	385
වීරවර්ධන	289
වීරවිල	278
වීරසිංහ	2604
වීරසූරිය	238
වීරසේකර	1096
වීර්ය	305
වීර්යය	391
වීරිය	504
වීරෝදාර	380
වීරෝධාර	338
වීලර්	204
වීල්	1578
වීලා	501
වීසා	3800
වීසි	1008
වු	22464
වුණ	6069
වුණත්	14814
වුණහම	282
වුණා	53191
වුණාට	5608
වුණාද	871
වුණානම්	302
වුණානේ	254
වුණාම	2517
වුණාලු	475
වුණි	1257
වුණු	10023
වුණෙ	285
වුණෙත්	494
වුණෙමි	307
වුණේ	22978
වුණේය	242
වුණොත්	3112
වුත්	267
වුද	283
වුන	11901
වුනත්	23869
වුනහම	632
වුන්	1324
වුන්ට	265
වුනා	33710
වුනාට	9106
වුනාද	1370
වුනානම්	856
වුනානෙ	318
වුනානේ	578
වුනාම	3867
වුනාලු	464
වුනි	805
වුනු	8092
වුනෙ	569
වුනෙත්	775
වුනෙමි	516
වුනේ	26308
වුනේය	222
වුනොත්	5457
වුයේ	7281
වුයේය	338
වුල්ෆ්	314
වුව	10251
වුවක්	259
වුවත්	22050
වුවද	18833
වුවන්	367
වුවමනා	1963
වුවමනාව	721
වුවමනාවක්	946
වුවමනාවට	285
වුවමනාවන්	285
වුවහොත්	5606
වුවා	787
වුවාය	419
වුවොත්	360
වුහ	1004
වූ	298454
වූණා	204
වූත්	1757
වූද	1477
වූයෙන්	1012
වූයෙමි	687
වූයෙමු	314
වූයේ	47118
වූයේත්	300
වූයේද	879
වූයේය	2612
වූව	527
වූවක්	1858
වූවකි	1317
වූවත්	2449
වූවද	1562
වූවන්	2735
වූවන්ගේ	699
වූවන්ට	590
වූවා	5275
වූවාක්	239
වූවාට	813
වූවාද	267
වූවානම්	289
වූවාය	3665
වූවාහු	201
වූවෙක්	239
වූවෙකි	267
වූවේ	677
වූවේය	540
වූවොත්	242
වූවෝ	809
වූවෝය	284
වූහ	11680
වූහාන්	424
වෘක්ෂ	350
වෘක්ෂය	311
වෘක්ෂලතා	386
වෘත්ත	215
වෘත්තාකාර	214
වෘත්තාන්ත	214
වෘත්තික	201
වෘත්තිකයන්	914
වෘත්තිකයන්ගේ	308
වෘත්තිකයන්ට	212
වෘත්තිකයින්	381
වෘත්තිමය	438
වෘත්තිය	5086
වෘත්තියක්	413
වෘත්තියට	559
වෘත්තියෙන්	708
වෘත්තියේ	956
වෘත්තීන්	412
වෘත්තීමය	776
වෘත්තීය	18531
වෘත්තීයමය	329
වෘතීය	237
වෘශ්චික	370
වෘෂණ	463
වෘෂභ	531
වෙ	1372
වෙච්ච	23520
වෙච්ච්	308
වෙච්චි	6817
වෙජිටේරියන්	315
වෙඩි	23968
වෙඩිං	307
වෙඩිතබා	439
වෙඩින්	1532
වෙඩිම	250
වෙඩිල්ල	279
වෙඩිල්ලක්	263
වෙඩිවර්ධන	449
වෙණ	294
වෙත	98608
වෙතට	4043
වෙතටයි	310
වෙතත්	29505
වෙතද	517
වෙතම	409
වෙතය	550
වෙතයි	576
වෙත්	2394
වෙත්තසිංහ	234
වෙත්ද	840
වෙත්ම	330
වෙත්වා	615
වෙතැයි	1232
වෙති	11254
වෙතින්	11686
වෙතොත්	816
වෙද	4191
වෙදආරච්චි	271
වෙදකම	889
වෙදකමට	213
වෙදකම්	462
වෙදකමේ	260
වෙදනා	522
වෙද්ද	227
වෙද්දි	7476
වෙද්දිත්	693
වෙද්දිම	213
වෙද්දී	7532
වෙද්දීත්	245
වෙදා	271
වෙන	118249
වෙනකං	1431
වෙනකක්	375
වෙනකන්	2883
වෙනකන්ම	358
වෙනකම්	4337
වෙනකම්ම	850
වෙනකල්	2539
වෙනකල්ම	452
වෙනකොට	14681
වෙනකොටත්	1666
වෙනකොටම	417
වෙනතක	384
වෙනතකට	328
වෙනත්	56104
වෙනතුරු	680
වෙනද	1672
වෙනදට	1383
වෙනදටත්	211
වෙනදා	4435
වෙනදාට	1237
වෙනදාටත්	379
වෙනදේ	282
වෙනම	15213
වෙනමම	1836
වෙනයම්	677
වෙනව	14133
වෙනවට	1091
වෙනවත්	274
වෙනවද	3599
වෙනවනම්	1017
වෙනවනෙ	777
වෙනවනේ	1557
වෙනවයි	334
වෙනවලු	896
වෙනවා	92033
වෙනවාට	463
වෙනවාද	995
වෙනවානම්	449
වෙනවානේ	399
වෙනවාමයි	203
වෙනවාය	1082
වෙනවිට	231
වෙනස	10917
වෙනසක	304
වෙනසකට	1606
වෙනසකටත්	364
වෙනසක්	17050
වෙනසකින්	235
වෙනසට	762
වෙනස්	83079
වෙනස්කම	287
වෙනස්කමක්	337
වෙනස්කම්	6995
වෙනස්කර	280
වෙනස්ම	1486
වෙනස්ය	806
වෙනස්ව	583
වෙනස්වන	782
වෙනස්විය	207
වෙනස්වී	237
වෙනස්වීම	940
වෙනස්වීමක්	208
වෙනස්වීමට	203
වෙනස්වීම්	1150
වෙනස්වූ	210
වෙනස්වෙලා	199
වෙන්	23768
වෙන්කර	3014
වෙන්කරන	406
වෙන්කරවා	223
වෙන්කල	213
වෙන්කළ	322
වෙන්කිරීම	291
වෙන්කොට	480
වෙන්ට	3795
වෙන්ටත්	200
වෙන්ටැ	448
වෙන්ටැති	236
වෙන්ටෑ	438
වෙන්ඩ	3653
වෙන්ඩ්ට්	240
වෙන්දේසි	913
වෙන්දේසිය	575
වෙන්දේසියේ	381
වෙන්න	115779
වෙන්නට	5562
වෙන්නටත්	254
වෙන්නත්	6559
වෙන්නද	945
වෙන්නප්පුව	925
වෙන්නම	973
වෙන්නම්	678
වෙන්නයි	1025
වෙන්නවත්	335
වෙන්නැති	2756
වෙන්නෑ	717
වෙන්නෙ	31910
වෙන්නෙත්	2837
වෙන්නෙම	620
වෙන්නේ	54808
වෙන්නේත්	334
වෙන්ව	2500
වෙන්වන	225
වෙන්වී	1096
වෙන්වීම	725
වෙන්වීමක්	221
වෙන්වීමේ	258
වෙන්වූ	810
වෙන්වූයේ	220
වෙන්වෙලා	558
වෙනි	13150
වෙනිද	447
වෙනිදට	341
වෙනිදා	5920
වෙනිදාට	357
වෙනින්	462
වෙනියා	338
වෙනිසියුලාවේ	211
වෙනී	476
වෙනු	1764
වෙනුර	345
වෙනුවට	25640
වෙනුවන්	276
වෙනුවෙන්	103673
වෙනුවෙන්ද	605
වෙනුවෙන්ම	1419
වෙනුවෙනි	1947
වෙනුවෙනුත්	502
වෙනුවෙනුයි	302
වෙබ්	39705
වෙබ්සයිට්	197
වෙබි	476
වෙමි	5275
වෙමින්	24600
වෙමිනි	1173
වෙමියි	280
වෙමු	6604
වෙමුද	337
වෙයං	320
වෙයන්	1089
වෙයල්ලා	297
වෙයි	66127
වෙයිද	8089
වෙර	2282
වෙරල	612
වෙරලේ	321
වෙරළ	5161
වෙරළට	1733
වෙරළබඩ	749
වෙරළාරක්ෂක	472
වෙරළු	697
වෙරළේ	1176
වෙරි	1607
වෙරෝනිකා	259
වෙල	2285
වෙලට	215
වෙලත්	1770
වෙලද	623
වෙලඳ	1986
වෙලඳපොල	1016
වෙලඳපොලවල	219
වෙලඳපොලවල්	385
වෙලඳපොලේ	266
වෙලඳාම	328
වෙලයි	1149
වෙලවට	248
වෙල්	1646
වෙල්කම්	568
වෙල්ගම	1129
වෙල්යාය	205
වෙල්ලස්ස	600
වෙල්ලස්සේ	229
වෙල්ලාල	218
වෙලා	151196
වෙලාගෙන	316
වෙලාද	3227
වෙලානෙ	495
වෙලානේ	728
වෙලාම	1013
වෙලාය	666
වෙලාලු	395
වෙලාව	10558
වෙලාවක	9480
වෙලාවකට	4931
වෙලාවකම	700
වෙලාවකවත්	213
වෙලාවක්	11444
වෙලාවකින්	2014
වෙලාවට	29812
වෙලාවටත්	221
වෙලාවටම	316
වෙලාවත්	1194
වෙලාවයි	414
වෙලාවල්	1500
වෙලාවලුත්	412
වෙලාවෙ	6093
වෙලාවෙත්	599
වෙලාවෙදි	505
වෙලාවෙන්	254
වෙලාවෙම	1530
වෙලාවේ	9470
වෙලාවේදී	335
වෙලාවේම	387
වෙලී	1029
වෙලෙත්	333
වෙලේ	4512
වෙලේම	1249
වෙව්ලන	307
වෙවා	679
වෙවි	594
වෙවී	2184
වෙසක්	10880
වෙස්	2694
වෙස්ටන්	222
වෙස්ටර්න්	301
වෙස්ට්	417
වෙස්සන්තර	525
වෙසින්	435
වෙසෙති	277
වෙසෙන	5438
වෙසෙස්	648
වෙසෙසින්	276
වෙහෙර	1899
වෙහෙරගල	254
වෙහෙරට	211
වෙහෙස	3443
වෙහෙසකර	720
වෙහෙසක්	1462
වෙහෙසට	673
වෙහෙසී	212
වෙහෙසෙන	586
වෙහෙසෙන්නේ	245
වෙළද	3384
වෙළදපොල	305
වෙළදපොළ	218
වෙළදසැල්	283
වෙළදාම	486
වෙළදාම්	235
වෙළඳ	12484
වෙළඳපල	360
වෙළඳපළ	792
වෙළඳපොල	1485
වෙළඳපොලට	530
වෙළඳපොලේ	942
වෙළඳපොළ	1337
වෙළඳපොළට	506
වෙළඳපොළේ	557
වෙළඳසැලක	237
වෙළඳසැල්	928
වෙළඳසැලේ	215
වෙළඳාම	1195
වෙළඳාමට	219
වෙළඳාම්	506
වෙළඳාමේ	321
වෙළඳුන්	457
වෙළී	206
වෙළුම	613
වෙළුම්	238
වෙළෙද	754
වෙළෙන්දන්	421
වෙළෙන්දා	481
වෙළෙන්දෝ	317
වෙළෙඳ	6243
වෙළෙඳපොල	205
වෙළෙඳපොළ	1620
වෙළෙඳපොළට	591
වෙළෙඳපොළේ	751
වෙළෙඳසැල්	211
වෙළෙඳාම	486
වෙළෙඳුන්	428
වේ	111032
වේග	1826
වේගන	420
වේගය	8576
වේගයක්	894
වේගයකින්	1199
වේගයට	530
වේගයන්	248
වේගයෙන්	8403
වේගයෙන්ම	244
වේගවත්	3947
වේගවත්ම	632
වේගවත්ව	353
වේගාස්	215
වේගෙ	301
වේගෙට	251
වේගෙන	982
වේගෙන්	1598
වේගේ	302
වේටර්	413
වේතන	394
වේද	6547
වේදනා	3623
වේදනාකාරී	556
වේදනාත්මක	302
වේදනාව	5755
වේදනාවක්	2598
වේදනාවකින්	279
වේදනාවකුත්	306
වේදනාවට	651
වේදනාවත්	205
වේදනාවන්	616
වේදනාවෙන්	1336
වේදනාවේ	238
වේදනීය	278
වේදය	435
වේදයක්	204
වේදැයි	752
වේදිකා	4317
වේදිකාගත	320
වේදිකාව	2978
වේදිකාවක	369
වේදිකාවක්	848
වේදිකාවට	2084
වේදිකාවල	375
වේදිකාවෙන්	501
වේදිකාවේ	2527
වේදීන්	358
වේනම්	359
වේය	580
වේයන්ගොඩ	917
වේයැයි	413
වේරහැර	228
වේල	1450
වේලක්	1361
වේලට	302
වේල්	714
වේල්ල	521
වේල්ස්	604
වේලා	1406
වේලාව	3458
වේලාවක	540
වේලාවකට	1217
වේලාවක්	2941
වේලාවකින්	983
වේලාවට	1734
වේලාවන්	592
වේලාවෙන්	802
වේලාවෙහිදීය	7213
වේලාවේ	590
වේලාවේදී	325
වේලාසන	315
වේලාසනින්	292
වේලි	947
වේලිච්ච	227
වේලිලා	450
වේලුපිල්ලේ	231
වේලෙන්න	203
වේලෙහි	255
වේලේ	420
වේවා	28864
වේවායි	828
වේවැල	197
වේවැල්	742
වේවි	11868
වේවිද	1659
වේවී	466
වේශ	205
වේශයෙන්	377
වේස	402
වේසි	285
වේළුපිල්ලේ	241
වෛද්ය	267
වෛදික	440
වෛර	2145
වෛරය	2545
වෛරයක්	784
වෛරයකින්	206
වෛරයට	312
වෛරයෙන්	744
වෛරයේ	212
වෛරස	1102
වෛරසය	7462
වෛරසයක්	382
වෛරසයට	538
වෛරසයෙන්	482
වෛරසයේ	671
වෛරස්	2852
වෛරී	783
වෛෂයික	488
වොක්ස්වැගන්	491
වොච්	380
වොට්	615
වොට්සන්	602
වොඩ්කා	361
වොන්	460
වොයිස්	823
වොලිබෝල්	1199
වොෂ්	453
වොෂිංටනය	250
වොෂිංටනයේ	230
වොෂිංටන්	394
වොෂින්ටනය	1547
වොෂින්ටනයේ	881
වොෂින්ටන්	837
වෝ	372
වෝකර්	270
වෝටර්	470
වෝටර්ස්	317
වෝඩ්	421
වෝල්	1296
වෝල්ටර්	367
වෝල්ට්	268
වෝහාරික	239
ශංකර්	302
ශක්ති	3485
ශක්තිමත්	13822
ශක්තිමත්ව	793
ශක්තිය	12339
ශක්තියක්	4259
ශක්තියට	342
ශක්තියත්	251
ශක්තියෙන්	1046
ශක්තියේ	346
ශක්තීන්	458
ශත	3269
ශතක	755
ශතකය	1049
ශතකයක්	545
ශතවර්ෂ	352
ශතවර්ෂය	291
ශතවර්ෂයේ	593
ශනි	1494
ශපීරෝ	1044
ශබ්ද	4830
ශබ්දකෝෂය	292
ශබ්දය	1702
ශබ්දයක්	899
ශබ්දයෙන්	227
ශබ්දයේ	240
ශබ්ධ	339
ශම්මි	225
ශර්ට්	265
ශර්මා	376
ශරියා	231
ශරිර	228
ශරිරය	252
ශරීර	6172
ශරීරගත	484
ශරීරය	4898
ශරීරයක්	553
ශරීරයට	1860
ශරීරයාගේ	214
ශරීරයෙන්	813
ශරීරයෙහි	266
ශරීරයේ	3268
ශරීරාගාරයේ	218
ශලනි	275
ශෂී	713
ශ්	388
ශ්රී	989
ශ්වසන	590
ශ්වේත	391
ශා	941
ශාක	5052
ශාකය	920
ශාකයක්	410
ශාකයේ	417
ශාකවල	255
ශාකුන්තල	626
ශාකුන්තලගේ	217
ශාඛ	352
ශාඛා	1535
ශාඛාව	1581
ශාඛාවක්	472
ශාඛාවේ	767
ශානක	281
ශාන්	776
ශාන්ත	7338
ශාන්ති	1326
ශාන්තිකර	632
ශාන්තිකර්ම	287
ශාන්තිය	340
ශානි	611
ශානිකා	546
ශානුක	231
ශාප	479
ශාපය	356
ශාරිරික	240
ශාරීරික	2646
ශාරීරිකව	365
ශාරුක්	420
ශාලා	3245
ශාලාව	3475
ශාලාවක	810
ශාලාවකට	297
ශාලාවක්	1040
ශාලාවට	1198
ශාලාවල	375
ශාලාවෙන්	381
ශාලාවේ	3363
ශාලාවේදී	1673
ශාලිකා	252
ශාසන	1663
ශාසනය	1238
ශාසනයට	420
ශාසනයෙහි	930
ශාසනයේ	559
ශාසනාරක්ෂක	199
ශාසනික	586
ශාස්තෘ	309
ශාස්තෘන්	342
ශාස්තෲ	219
ශික්	456
ශික්ෂණ	2255
ශික්ෂණය	292
ශික්ෂා	292
ශිරන්ති	710
ශිරාණි	797
ශිරාන්	287
ශිරානි	415
ශිරාල්	351
ශිල්ප	2198
ශිල්පය	1597
ශිල්පයට	230
ශිල්පයේ	352
ශිල්පි	480
ශිල්පිණියක්	269
ශිල්පින්	237
ශිල්පිනිය	239
ශිල්පිනියක	299
ශිල්පිනියක්	719
ශිල්පිනියන්	257
ශිල්පිනී	426
ශිල්පියකු	647
ශිල්පියා	1720
ශිල්පියාගේ	311
ශිල්පියාට	223
ශිල්පියෙක්	1284
ශිල්පියෙකි	233
ශිල්පියෙකු	940
ශිල්පී	2099
ශිල්පීන්	3001
ශිල්පීන්ගේ	490
ශිල්පීන්ට	407
ශිල්පීය	675
ශිලා	877
ශිව	1050
ශිෂ්ට	920
ශිෂ්ටාචාර	465
ශිෂ්ටාචාරය	1093
ශිෂ්ටාචාරයේ	518
ශිෂ්ඨ	633
ශිෂ්ඨාචාර	237
ශිෂ්ඨාචාරය	479
ශිෂ්ඨාචාරයේ	238
ශිහාන්	422
ශීට්	348
ශීත	1525
ශීතකරණ	241
ශීතල	398
ශීර්ෂ	1200
ශීර්ෂය	591
ශීල	562
ශීලය	737
ශීලයෙන්	231
ශීලා	226
ශීලාචාර	292
ශු	480
ශුද්ධ	5350
ශුද්ධවූ	537
ශුද්ධාත්මයාණන්	331
ශුද්ධෝත්තම	427
ශුභ	1003
ශුභාරංචිය	259
ශුවර්	731
ශුෂ්ක	250
ශූර	759
ශූරතා	676
ශූරතාව	1433
ශූරතාවය	612
ශූරතාවලිය	309
ශූරතාවලියේ	213
ශූරයන්	243
ශූරයා	290
ශූරීන්	590
ශෘංගාර	268
ශෙයා	439
ශෙයාර්	238
ශෙහාන්	243
ශේප්	1631
ශේෂ	1266
ශේෂය	1006
ශේෂයන්	212
ශෛලමය	455
ශෛලිය	1077
ශෛලියක්	271
ශෛලීන්	307
ශොට්	321
ශෝ	424
ශෝක	1765
ශෝකය	1249
ශෝකයට	236
ශෝකයෙන්	348
ශෝක්	598
ශෝකී	316
ශෝචනීය	364
ෂ	355
ෂඩ්	266
ෂර්ට්	2195
ෂර්මා	276
ෂර්ලොක්	853
ෂරියා	296
ෂරීෆ්	223
ෂහ්	406
ෂ්	364
ෂා	1658
ෂාරුක්	564
ෂාහ්	214
ෂැම්පු	218
ෂික්	619
ෂිට්	216
ෂියා	464
ෂිහ්	214
ෂී	537
ෂීට්	738
ෂුවර්	3408
ෂුවර්ද	230
ෂූට්	211
ෂෙඩ්	260
ෂෙයා	273
ෂෙයාර්	463
ෂෙල්	638
ෂෙල්ටන්	361
ෂෙහාන්	508
ෂේන්	259
ෂේප්	1566
ෂොට්	1317
ෂොප්	704
ෂොපින්	498
ෂෝ	2006
ෂෝක්	856
ෂෝට්	431
ෂෝන්	229
ෂෝයි	369
සංකර	264
සංකලනය	314
සංකලනයක්	244
සංකල්ප	4405
සංකල්පනා	825
සංකල්පනාව	360
සංකල්පය	6018
සංකල්පයකට	370
සංකල්පයක්	2295
සංකල්පයකි	363
සංකල්පයට	584
සංකල්පයන්	269
සංකල්පයෙන්	263
සංකල්පයේ	339
සංකල්පීය	311
සංක්ෂිප්ත	469
සංකා	405
සංකිර්ණ	217
සංකීර්ණ	5141
සංකීර්ණය	2484
සංකීර්ණයක	250
සංකීර්ණයක්	559
සංකීර්ණයට	441
සංකීර්ණයි	431
සංකීර්ණයේ	1628
සංකීර්ණයේදී	519
සංකීර්න	433
සංකූලතා	324
සංකේත	2586
සංකේතය	935
සංකේතයක්	876
සංකේතවත්	1367
සංකේතාත්මක	409
සංකේතාත්මකව	357
සංකේතීය	264
සංකෝචනය	246
සංඛ	865
සංඛාර	517
සංඛාරා	281
සංගක්කාර	2038
සංගක්කාරට	246
සංගණන	362
සංගණනය	388
සංගත	1510
සංගමය	17239
සංගමයක්	502
සංගමයට	1357
සංගමයෙන්	759
සංගමයේ	12532
සංගම්	4345
සංගම්වල	382
සංගමේ	353
සංගා	1209
සංගාට	218
සංගායනාව	249
සංගිත	352
සංගිතය	277
සංගීත	14183
සංගීතඥ	217
සංගීතඥයා	241
සංගීතමය	635
සංගීතය	8418
සංගීතයක්	522
සංගීතයට	1228
සංගීතයත්	239
සංගීතයෙන්	593
සංගීතයේ	1038
සංගීතවත්	456
සංගීතවේදී	210
සංගීත්	352
සංගීතා	245
සංගෘහිත	226
සංඝ	3065
සංඝටක	405
සංඝනායක	817
සංඝමිත්තා	440
සංඝයා	1693
සංඝයාට	287
සංඝරත්නය	1901
සංඝරත්නයට	263
සංඝරත්නයේ	430
සංඝරාජ	257
සංචලනය	206
සංචාර	1207
සංචාරක	11664
සංචාරකයන්	1439
සංචාරකයන්ගේ	382
සංචාරකයන්ට	520
සංචාරකයා	205
සංචාරකයින්	1269
සංචාරකයින්ගේ	310
සංචාරකයින්ට	336
සංචාරකයෝ	267
සංචාරය	8105
සංචාරයක	3511
සංචාරයකට	536
සංචාරයක්	2322
සංචාරයට	1118
සංචාරයෙන්	389
සංචාරයේ	1715
සංචාරයේදී	1021
සංචාලන	3058
සංචිත	1313
සංචිතය	829
සංචිතයක්	226
සංචිතයට	467
සංචිතයේ	244
සංජය	969
සංජානන	534
සංජානනය	661
සංජීව	1944
සංජීවනී	227
සංජු	673
සංඥා	3889
සංඥාව	1117
සංඥාවක්	618
සංතෘප්ත	283
සංතෝසයි	261
සංදර්භය	327
සංදර්ශන	1227
සංදර්ශනය	478
සංදර්ශනයක්	445
සංදීප	280
සංදේශ	1994
සංදේශය	1313
සංදේශයක්	479
සංදේශයට	708
සංධ්වනිය	219
සංධාන	465
සංධානය	956
සංධානයට	321
සංධානයේ	686
සංධිස්ථානයක්	212
සංනිවේදන	265
සංයමය	233
සංයමයකින්	273
සංයමයෙන්	297
සංයුක්ත	2427
සංයුක්තය	314
සංයුත්ත	477
සංයුත්තය	204
සංයුතිය	1054
සංයෝග	1179
සංයෝගය	307
සංයෝගයක්	239
සංයෝජන	321
සංයෝජනය	422
සංරක්ෂණ	3094
සංරක්ෂණය	2112
සංරක්ෂණයට	217
සංරචක	280
සංවත්සර	1043
සංවත්සරය	2063
සංවත්සරයට	515
සංවර	1041
සංවරය	318
සංවරව	223
සංවර්ධන	35490
සංවර්ධනය	16011
සංවර්ධනයක්	1570
සංවර්ධනයට	2259
සංවර්ධනයේ	1293
සංවර්ධිත	935
සංවාද	5022
සංවාදය	3059
සංවාදයක	517
සංවාදයකට	871
සංවාදයක්	3025
සංවාදයට	1769
සංවාදයේ	716
සංවාදයේදී	218
සංවාදාත්මක	198
සංවිදානය	325
සංවිධාන	19040
සංවිධානය	33513
සංවිධානයක	514
සංවිධානයකට	298
සංවිධානයක්	2808
සංවිධානයකි	261
සංවිධානයට	2925
සංවිධානයයි	215
සංවිධානයෙන්	747
සංවිධානයේ	11383
සංවිධානවල	1305
සංවිධානවලට	708
සංවිධානවලින්	215
සංවිධානාත්මක	2055
සංවිධානාත්මකව	383
සංවිධායක	5272
සංවිධායකයන්	366
සංවිධායකයින්	393
සංවිධායකවරයා	467
සංවිධායකවරු	470
සංවිධායකවරුන්	637
සංවිධිත	240
සංවෘත	475
සංවේගය	839
සංවේගයට	256
සංවේගයෙන්	255
සංවේදක	413
සංවේදන	245
සංවේදනය	259
සංවේදනා	215
සංවේදි	712
සංවේදියි	277
සංවේදී	7161
සංවේදීයි	198
සංවේදීව	290
සංශෝධන	4392
සංශෝධනය	10015
සංශෝධනයක්	1179
සංශෝධනයට	1514
සංශෝධනයෙන්	649
සංශෝධනයේ	561
සංශෝධිත	941
සංසදය	2019
සංසදයේ	1311
සංසන්දනය	1555
සංසන්දනාත්මකව	197
සංසරණය	730
සංසර්ගය	449
සංසර්ගයේ	526
සංස්	206
සංස්කරණ	1331
සංස්කරණය	28896
සංස්කරණයක්	410
සංස්කරණයන්	249
සංස්කරණයේ	213
සංස්කරනය	577
සංස්කාර	1022
සංස්කාරක	1933
සංස්කාරයන්	212
සංස්කෘත	1480
සංස්කෘති	421
සංස්කෘතික	13776
සංස්කෘතිකමය	389
සංස්කෘතිය	9647
සංස්කෘතියක	449
සංස්කෘතියකට	307
සංස්කෘතියක්	2460
සංස්කෘතියට	2581
සංස්කෘතියත්	250
සංස්කෘතියෙන්	574
සංස්කෘතියෙහි	525
සංස්කෘතියේ	1730
සංස්කෘතීන්	911
සංස්ථා	2026
සංස්ථාගත	309
සංස්ථාපනය	233
සංස්ථාපිත	400
සංස්ථාපිතය	479
සංස්ථාපිතයේ	338
සංස්ථාව	3571
සංස්ථාවක්	205
සංස්ථාවට	936
සංස්ථාවෙන්	207
සංස්ථාවේ	2945
සංසාර	1430
සංසාරය	390
සංසාරයේ	482
සංසාරෙ	275
සංසාරේ	1853
සංසිද්ධි	391
සංසිද්ධිය	692
සංසිද්ධියක්	532
සංසිද්ධීන්	297
සංසුන්	363
සංහතිය	306
සංහතියේ	241
සංහාර	271
සංහාරය	1070
සංහාරයක්	309
සංහාරයට	254
සංහිදියා	280
සංහිදියාව	947
සංහිඳ	311
සංහිඳියා	752
සංහිඳියාව	2447
සංහිඳියාවක්	259
සංහිඳියාවට	227
සංහිඳියාවේ	205
සක	354
සකර්බර්ග්	299
සකල	1488
සකලවිධ	220
සකසන	1212
සකසනය	221
සකසන්න	227
සකසමින්	304
සකස්	22358
සකස්කර	727
සකස්කොට	219
සකසා	4441
සක්	975
සක්කාය	245
සක්මන	273
සක්මන්	970
සක්වල	611
සක්වළ	330
සක්විති	1346
සක්සුදක්	235
සකි	434
සකුරා	332
සකෘදාගාමී	229
සග	223
සගයන්	878
සගයා	741
සගයින්	450
සගයෙක්	296
සගයෝ	205
සගරාව	390
සගවා	847
සගවාගෙන	200
සඟ	992
සඟරා	1209
සඟරාව	1947
සඟරාවක	248
සඟරාවක්	513
සඟරාවට	433
සඟරාවේ	1267
සඟවන	225
සඟවන්න	280
සඟවා	3279
සඟවාගෙන	757
සචිත්	258
සචින්	627
සචිනි	466
සචී	292
සජ්ජා	214
සජ්ජායනා	208
සජ්ඣායනා	263
සජිත්	6612
සජිත්ගේ	288
සජිත්ට	356
සජින්	1049
සජීව	837
සජීවි	733
සජීවී	2145
සජීවීකරණ	265
සජීවීව	1527
සට	731
සටන	6380
සටනක	649
සටනකට	305
සටනක්	1885
සටනකින්	276
සටනට	2803
සටන්	19592
සටන්කරුවන්	336
සටන්කාමී	618
සටන්කාමීන්	579
සටන්පාඨ	210
සටනින්	572
සටනේ	1556
සටනේදී	666
සටහන	13521
සටහනක	446
සටහනකට	358
සටහනක්	7501
සටහනකි	495
සටහනකින්	323
සටහනට	1422
සටහනත්	233
සටහනයි	211
සටහන්	28792
සටහන්ව	1152
සටහනින්	336
සටහනෙන්	344
සටහනේ	2003
සණස	201
සත	2834
සතක්	281
සතකු	235
සතන්	621
සතයක්	320
සතයක්වත්	239
සතර	5460
සතරක්	506
සතරකින්	243
සතරවන	211
සතරවරම්	208
සත්	4764
සත්කාර	3189
සත්කාරක	1158
සත්කාරකත්වය	380
සත්කාරය	670
සත්කාරයක්	282
සත්ගුණවත්	257
සත්තකින්ම	606
සත්තයි	924
සත්ත්ව	3023
සත්ත්වයන්	343
සත්ත්වයා	539
සත්ත්වයින්	236
සත්තු	4317
සත්තුන්ට	564
සත්පුරුෂ	390
සත්ය	355
සත්ව	5515
සත්වන	286
සත්වයන්	776
සත්වයන්ගේ	219
සත්වයන්ට	239
සත්වයා	1451
සත්වයාගේ	406
සත්වයාට	265
සත්වයින්	435
සත්වයෙක්	516
සත්වයෙකු	207
සත්වයෝ	635
සත්සර	325
සතා	2355
සතාගේ	305
සතාට	341
සති	16357
සතිපට්ඨාන	389
සතිපට්ඨානය	203
සතිපතා	749
සතිය	4789
සතියක	1091
සතියකට	3588
සතියක්	3818
සතියකින්	611
සතියට	1176
සතියෙ	1515
සතියෙත්	219
සතියෙන්	457
සතියෙම	246
සතියේ	10717
සතියේදී	1044
සතු	12704
සතුට	12790
සතුටක්	7797
සතුටකි	588
සතුටකින්	488
සතුටට	3113
සතුටත්	342
සතුටයි	342
සතුටින්	9268
සතුටිනි	245
සතුටු	13473
සතුටුදායක	1167
සතුටුයි	6436
සතුටෙන්	1108
සතුටේ	205
සතුන්	8816
සතුන්ගෙන්	386
සතුන්ගේ	1397
සතුන්ට	1390
සතුන්රු	2939
සතුය	994
සතුයි	606
සතුරන්	1808
සතුරන්ට	305
සතුරා	1767
සතුරාගේ	335
සතුරාට	560
සතුරු	2725
සතුරෙක්	233
සතුරෙකු	217
සතුව	9094
සතුවූ	215
සතෙක්	1932
සතෙකු	491
සතෙකුට	238
සතේ	447
සතොස	1336
සද	2093
සදන	244
සදරු	504
සදහට	336
සදහටම	1707
සදහනක්	310
සදහන්	29540
සදහන්ය	307
සදහන්ව	308
සදහම්	1358
සදහා	62564
සදහාත්	321
සදහාද	637
සදහාම	496
සදහාය	422
සදහායි	600
සද්	240
සද්ද	3429
සද්දන්ත	297
සද්දය	289
සද්දයක්	2539
සද්දෙ	2100
සද්දෙට	1275
සද්දෙත්	265
සද්දෙන්	521
සද්දේ	1971
සද්ධර්ම	388
සද්ධර්මය	897
සද්ධාතිස්ස	682
සද්භාවයෙන්	269
සදා	3737
සදාකල්	601
සදාකාල	384
සදාකාලික	2176
සදාකාලිකව	498
සදාකාලිකවම	248
සදාචාර	1463
සදාචාරමය	222
සදාචාරය	1746
සදාචාරයක්	400
සදාචාරයට	286
සදාචාරවාදී	1180
සදාචාරාත්මක	1470
සදාතනික	732
සදාම්	397
සදාහරිත	367
සදිසි	266
සදු	518
සදුදා	1874
සදුන්	242
සදෙව්මි	295
සනත්	4488
සනසන	324
සනසන්න	272
සනසා	362
සනහා	202
සන්	1144
සන්ඩේ	1060
සන්තක	436
සන්තකයේ	1358
සන්තුෂ්	221
සන්තෝෂයි	266
සන්තෝස	310
සන්තෝසයි	861
සන්තෝසෙන්	494
සන්තෝසේ	216
සන්දර්භය	719
සන්දියේ	253
සන්දේශ	284
සන්දේශය	221
සන්ධාන	5357
සන්ධානගත	286
සන්ධානය	7882
සන්ධානයක්	637
සන්ධානයට	1812
සන්ධානයෙන්	1050
සන්ධානයේ	7001
සන්ධි	572
සන්ධිය	333
සන්ධිස්ථානයක්	458
සන්නද්ධ	5352
සන්නද්ධව	423
සන්නස	580
සන්නස්	299
සන්නස්ගල	1031
සන්නාම	368
සන්නාමය	213
සන්නායක	471
සන්නාහ	253
සන්නිය	377
සන්නිවේදන	5557
සන්නිවේදනය	2117
සන්නිවේදනයේ	264
සන්සන්දනය	439
සන්සුන්	1425
සන්සුන්ව	377
සනා	661
සනාත	442
සනාතන	291
සනාථ	4429
සනිටුහන්	2485
සනිරු	198
සනී	688
සනීප	1954
සනීපයක්	283
සනීපයි	550
සනීපාරක්ෂක	943
සනීපාරක්ෂාව	231
සනීපෙ	197
සනීපෙට	278
සඳ	13406
සඳකඩ	377
සඳක්	754
සඳකැන්	286
සඳට	629
සඳමාලි	252
සඳයි	207
සඳරු	2140
සඳරුවන්	787
සඳරූ	285
සඳහ	236
සඳහන	283
සඳහනක්	1172
සඳහන්	131038
සඳහන්ය	1221
සඳහන්ව	1043
සඳහන්වේ	297
සඳහා	294667
සඳහාත්	1867
සඳහාද	1829
සඳහාම	1368
සඳහාය	1698
සඳහායි	2191
සඳා	318
සඳැස්	246
සඳු	1226
සඳුදා	4625
සඳුන්	1644
සඳුනි	255
සඳේ	670
සපත්තු	4083
සපත්තුව	504
සපතේරු	349
සපථ	475
සපයන	5694
සපයනවා	544
සපයන්න	558
සපයන්නට	318
සපයන්නන්	323
සපයන්නා	243
සපයන්නේ	684
සපයනු	1307
සපයමින්	718
සපයයි	1322
සපයා	4295
සප්	907
සප්ත	785
සප්පායම්	627
සප්ලයි	324
සපා	819
සපැමිණි	409
සපිරි	1503
සපිරීම	327
සපිරෙන	277
සපුගස්කන්ද	511
සපුමල්	302
සපුරන	228
සපුරා	3483
සපුරාලීම	367
සපුරාලීමට	265
සපෝට්	1349
සපෝර්ට්	475
සඵල	589
සබ	242
සබදතා	1441
සබදතාවක්	198
සබදතාවය	207
සබන්	1929
සබඳ	689
සබඳකම්	391
සබඳතා	7305
සබඳතාව	824
සබඳතාවක්	1088
සබඳතාවය	515
සබඳතාවයක්	521
සබරගමු	1090
සබරගමුව	5462
සබරගමුවේ	371
සබ්	4164
සබ්ජෙක්ට්	756
සබ්ජෙක්ට්ස්	304
සබ්බ	637
සබ්බේ	262
සබ්මැරීන	288
සබ්මැරීන්	267
සබා	316
සබැදි	414
සබැදී	348
සබැඳි	6550
සබැඳිය	532
සබැඳියෙන්	272
සභා	27596
සභාග	445
සභාගත	486
සභානායක	769
සභාපති	25323
සභාපතිගේ	251
සභාපතිට	284
සභාපතිත්වය	457
සභාපතිත්වයෙන්	391
සභාපතිතුමා	305
සභාපතිනි	483
සභාපතිනිය	360
සභාපතිවරයා	4920
සභාපතිවරයාගේ	385
සභාපතිවරයාට	488
සභාපතිවරයෙකු	286
සභාපතිවරු	227
සභාපතිවරුන්	430
සභාව	21608
සභාවක	374
සභාවක්	1692
සභාවට	6206
සභාවල	980
සභාවලට	844
සභාවෙ	221
සභාවෙන්	1250
සභාවේ	19701
සභාවේදී	805
සභික	1550
සභිකයන්	280
සභිකයින්	357
සම	12443
සමකය	1385
සමක්	285
සමකාලීන	1275
සමග	116121
සමගත්	561
සමගද	650
සමගම	6755
සමගය	1439
සමගයි	1901
සමගාමිව	377
සමගාමී	742
සමගාමීව	4599
සමගි	1646
සමගින්	6052
සමගිනි	897
සමගිය	1907
සමගියට	233
සමගියෙන්	565
සමඟ	74040
සමඟත්	290
සමඟද	314
සමඟම	3289
සමඟය	815
සමඟයි	1395
සමඟි	286
සමඟින්	3086
සමඟිනි	300
සමඟිය	440
සමච්චලයට	297
සමච්චල්	290
සමට	385
සමතයකට	246
සමතලා	841
සමත්	18761
සමත්කම්	230
සමත්ය	237
සමත්ව	2035
සමත්විය	1294
සමත්වී	639
සමත්වීම	315
සමත්වුණා	389
සමත්වූ	456
සමතුලිත	407
සමථ	733
සමථයකට	516
සමනය	1496
සමනල	1762
සමනලයා	333
සමනල්	287
සමනල්ලු	407
සමනලී	704
සමනළ	867
සමනළී	220
සමන්	8076
සමන්ත	2176
සමන්තා	288
සමන්ති	441
සමන්තුරේ	259
සමන්මලී	378
සමන්විත	9955
සමන්විතය	613
සමන්විතයි	687
සමන්විතව	286
සමනොළ	200
සමපාත	797
සමබර	1012
සමබරතාවය	223
සමබරව	446
සමබිම	463
සමභ	215
සමය	5366
සමයං	590
සමයක	699
සමයක්	539
සමයට	527
සමයයි	354
සමයෙන්	215
සමයෙහි	760
සමයේ	12683
සමයේදී	2470
සමර	302
සමරකෝන්	1159
සමරජීව	199
සමරතුංග	472
සමරන	1607
සමරනවා	416
සමරන්න	1120
සමරන්නට	362
සමරන්නේ	563
සමරනායක	770
සමරනු	735
සමරමින්	493
සමරමු	275
සමරයි	572
සමරවීර	4566
සමරසිංහ	2840
සමරසේකර	639
සමර්	287
සමර්ථ	212
සමරා	309
සමරිසි	571
සමරු	3401
සමරුව	708
සමරේ	250
සමලිංගික	2095
සමලිංගිකත්වය	969
සමලිංගිකයන්	278
සමව	706
සමසමාජ	1315
සමස්ත	15228
සමස්තය	376
සමස්තයක්	1820
සමස්ථ	3459
සමස්ථයක්	388
සමස්ථානික	225
සමසේ	200
සමහ	214
සමහන්	290
සමහර	59148
සමහරක්	4881
සමහරවිට	6556
සමහරු	12728
සමහරුන්	1718
සමහරුන්ගේ	509
සමහරුන්ට	2141
සමහරෙක්	792
සම්	797
සම්පත	1822
සම්පතක්	1017
සම්පතකි	202
සම්පත්	19878
සම්පත්තිය	488
සම්පන්න	2590
සම්පාදක	523
සම්පාදන	3448
සම්පාදනය	5184
සම්පාදිත	232
සම්පුර්ණ	4088
සම්පුර්ණයෙන්	1036
සම්පුර්ණයෙන්ම	1389
සම්පුර්න	199
සම්පූර්ණ	17148
සම්පූර්ණයි	236
සම්පූර්ණයෙන්	4925
සම්පූර්ණයෙන්ම	6819
සම්පූර්න	1168
සම්පූර්නයෙන්	408
සම්පූර්නයෙන්ම	479
සම්ඵස්සය	708
සම්බන්ද	3586
සම්බන්දතා	326
සම්බන්දන්	283
සම්බන්දය	276
සම්බන්දයක්	543
සම්බන්දයි	227
සම්බන්දයෙන්	1473
සම්බන්දව	959
සම්බන්දෙ	261
සම්බන්ධ	46348
සම්බන්ධක	215
සම්බන්ධකම්	1431
සම්බන්ධතා	5511
සම්බන්ධතාව	756
සම්බන්ධතාවක්	789
සම්බන්ධතාවය	1478
සම්බන්ධතාවයක්	1329
සම්බන්ධතාවයන්	311
සම්බන්ධන්	2222
සම්බන්ධය	3217
සම්බන්ධයක්	4256
සම්බන්ධයට	212
සම්බන්ධයි	1338
සම්බන්ධයෙන්	97063
සම්බන්ධයෙන්ද	1132
සම්බන්ධයෙනි	565
සම්බන්ධයෙනුත්	221
සම්බන්ධයෙනුයි	222
සම්බන්ධව	10693
සම්බන්ධවන	210
සම්බන්ධවයි	392
සම්බන්ධවී	297
සම්බන්ධවීම	210
සම්බන්ධවූ	210
සම්බන්ධිකරණ	278
සම්බන්ධිත	547
සම්බන්ධීකරණ	2192
සම්බන්ධීකරණය	1170
සම්බන්ධීකාරක	497
සම්බා	526
සම්බාධක	1422
සම්බාහන	311
සම්බුද්ධ	1538
සම්බුද්ධත්ව	623
සම්බුදු	1608
සම්බුදුරජාණන්	401
සම්බොජ්ඣංගය	220
සම්බෝධි	348
සම්බෝල	549
සම්භන්ද	296
සම්භන්ධ	433
සම්භවය	865
සම්භවයක්	858
සම්භාරය	418
සම්භාරයක්	544
සම්භාවනාවට	262
සම්භාවනීය	651
සම්භාවිතා	214
සම්භාවිතාව	679
සම්භාවිතාවක්	428
සම්භාවිතාවය	201
සම්මත	13387
සම්මතය	706
සම්මතයක්	415
සම්මතයට	253
සම්මතයන්	366
සම්මතයි	287
සම්මතයෙන්	208
සම්මා	2943
සම්මාදම්	459
සම්මාන	15450
සම්මානනීය	578
සම්මානය	5002
සම්මානයක්	1559
සම්මානයට	1061
සම්මානයෙන්	1146
සම්මානලාභී	316
සම්මානිත	326
සම්මුඛ	4216
සම්මුති	904
සම්මුතිය	1112
සම්මුතියකට	304
සම්මුතියක්	487
සම්මුතියට	343
සම්මුතියේ	255
සම්මුතිවාදී	419
සම්මුතීන්	320
සම්මේලන	514
සම්මේලනය	2836
සම්මේලනයට	571
සම්මේලනයේ	1956
සම්මේලනයේදී	249
සමා	1749
සමාගම	18288
සමාගමක	986
සමාගමකට	1213
සමාගමක්	3530
සමාගමකි	206
සමාගමකින්	269
සමාගමට	4135
සමාගමයි	260
සමාගම්	11061
සමාගම්වල	1179
සමාගම්වලට	856
සමාගම්වලින්	197
සමාගමෙන්	1251
සමාගමේ	10072
සමාජ	50974
සමාජගත	1671
සමාජජාල	347
සමාජභාවය	253
සමාජමය	866
සමාජය	21022
සමාජයක	2755
සමාජයකට	627
සමාජයක්	5954
සමාජයට	7260
සමාජයටත්	215
සමාජයටම	246
සමාජයත්	390
සමාජයන්	437
සමාජයම	586
සමාජයීය	1663
සමාජයෙ	358
සමාජයෙන්	1993
සමාජයෙහි	353
සමාජයේ	16373
සමාජයේම	284
සමාජවල	335
සමාජවාදය	3505
සමාජවාදයට	323
සමාජවාදයේ	453
සමාජවාදි	297
සමාජවාදී	11909
සමාජවාදීන්	488
සමාජික	200
සමාජිකයන්	270
සමාජිකයින්	344
සමාජීය	2772
සමාජෙ	344
සමාජෙට	269
සමාජේ	425
සමාදන්	1223
සමාදාන	288
සමාදානය	325
සමාධි	2514
සමාධිය	1126
සමාධියෙන්	272
සමාන	17261
සමානකමක්	229
සමානකම්	616
සමානත්වය	202
සමානතා	1462
සමානතාව	220
සමානතාවය	216
සමානම	213
සමානය	1201
සමානයි	1772
සමානව	1748
සමානවම	345
සමාන්තර	1165
සමාන්තරව	957
සමානාත්මතාව	382
සමානාත්මතාවය	447
සමානුපාතික	786
සමානුපාතිකව	246
සමාප්ති	427
සමාරම්භක	1962
සමාරම්භය	264
සමාලෝචන	878
සමාලෝචනය	1166
සමාලෝචනයක්	241
සමාලෝචිත	922
සමාව	7591
සමාවක්	905
සමාවන්න	592
සමාවෙන්න	4165
සමාවෙයන්	358
සමිත	432
සමිතා	383
සමිති	12463
සමිතිය	1096
සමිතියක්	305
සමිතියට	199
සමිතියේ	825
සමිතිවල	658
සමිතිවලට	291
සමිදුන්	274
සමිඳු	296
සමිඳුන්	708
සමිබන්ධ	269
සමිබන්ධයෙන්	268
සමීකරණ	1574
සමීකරණය	579
සමීක්ෂණ	1664
සමීක්ෂණය	794
සමීක්ෂණයක්	422
සමීක්ෂණයකින්	243
සමීක්ෂණයට	206
සමීප	6347
සමීපතම	708
සමීපයට	550
සමීපයි	326
සමීපයෙහි	564
සමීපයේ	467
සමීපව	1748
සමීර	1728
සමු	2552
සමුගත්	1450
සමුගත්තා	224
සමුගන්න	455
සමුගන්නවා	246
සමුගන්නා	407
සමුගනී	593
සමුගැනීම	453
සමුගැනීමට	244
සමුගැනීමේ	277
සමුගෙන	1111
සමුච්චිත	231
සමුදය	285
සමුද්දේශ	247
සමුදාය	411
සමුදායක්	526
සමුදී	198
සමුදුර	1174
සමුදුරේ	241
සමුදෙන්න	207
සමුපකාර	1666
සමුප්පාදය	391
සමුලුව	514
සමුලුවට	233
සමුලුවේ	232
සමුහ	557
සමුහය	249
සමුහයක්	245
සමුළු	579
සමුළුව	6102
සමුළුවකට	240
සමුළුවක්	688
සමුළුවට	3218
සමුළුවෙන්	206
සමුළුවේ	1743
සමුළුවේදී	930
සමූපකාර	1094
සමූල	731
සමූලඝාතනය	311
සමූහ	3524
සමූහය	1391
සමූහයක	209
සමූහයක්	1379
සමූහයට	313
සමූහයා	393
සමූහයේ	662
සමූහාණ්ඩුව	410
සමූහාණ්ඩුවේ	207
සමෘද්ධි	2247
සමෘද්ධිමත්	469
සමෘද්ධිය	556
සමේ	1050
සය	1333
සයක්	226
සයනය	415
සයනයිඩ්	245
සයන්ස්	683
සයවන	198
සයිකලය	216
සයිකල්	1047
සයිකලේ	386
සයිටම්	4030
සයිට්	7156
සයිඩ්	948
සයින්	303
සයිබරය	204
සයිබරයේ	661
සයිබර්	7700
සයිමන්	1078
සයිලන්ට්	314
සයිස්	2825
සයුර	1177
සයුරි	1539
සයුරු	472
සයුරෙන්	206
සයුරේ	605
සර	1257
සරණ	3814
සරණං	504
සරණංකර	279
සරණක්	459
සරණයි	2616
සරණාගත	949
සරණාගතයන්	539
සරණාගතයින්	668
සරණින්	228
සරණිය	220
සරණේ	257
සරත්	18219
සරත්ට	213
සරදමක්	272
සරදම්	610
සරදියෙල්	370
සරන	698
සරම	2129
සරමක්	533
සරම්	393
සරඹ	340
සරල	11868
සරලම	393
සරලයි	921
සරලව	3701
සරලවම	604
සරවනමුත්තු	234
සරස	389
සරසන	294
සරසවි	8282
සරසවිය	2259
සරසවියට	953
සරසවියෙ	215
සරසවියෙන්	431
සරසවියේ	2709
සරස්වතී	413
සරසා	721
සරළ	2331
සරළයි	240
සරළව	816
සර්	17091
සර්කස්	503
සර්කිට්	337
සර්ගෙ	611
සර්ගේ	821
සර්ච්	1286
සර්ට	1413
සර්ප	994
සර්පයන්	354
සර්පයා	839
සර්පයාගේ	196
සර්පයින්	336
සර්පයෙක්	409
සර්පයෝ	263
සර්ලා	334
සර්ව	3452
සර්වජන	339
සර්වඥ	1240
සර්වඥයන්	447
සර්වබලධාරී	246
සර්වර්	977
සර්වාගමික	261
සර්විස්	1350
සර්විස්ගේ	205
සරා	1474
සරාගී	894
සරි	572
සරින්	263
සරිලන	1933
සරීර	228
සරු	1946
සරුංගලය	202
සරුංගලයක්	265
සරුංගල්	840
සරුංගලේ	495
සරුවට	386
සරුවල්	210
සරුසාර	526
සරෝජා	237
සරෝජිනී	275
සල	327
සලකති	325
සලකන	4024
සලකනවා	787
සලකන්න	4095
සලකන්නට	247
සලකන්නෙ	456
සලකන්නේ	1853
සලකනු	1358
සලකපු	248
සලකමි	330
සලකමින්	318
සලකමු	337
සලකයි	597
සලකල	310
සලකලා	527
සලකා	12537
සලකුණ	1088
සලකුණක්	602
සලකුණු	3411
සලකුනු	1203
සලන	354
සලමින්	313
සලසන	1197
සලසනු	210
සලසමින්	338
සලසයි	276
සලස්වන	289
සලස්වන්න	269
සලස්වා	690
සලසා	4008
සල්	1748
සල්පිල	216
සල්මන්	596
සල්මාන්	298
සල්ලල්ලාහු	247
සල්ලාල	308
සල්ලි	32203
සල්ලිකාර	223
සල්ලිත්	952
සල්ලිවලට	606
සල්ලිවලින්	482
සල්ලී	209
සලා	800
සලාක	335
සලාතය	418
සලාද	262
සලාම්	297
සලිත	576
සලු	205
සවන	294
සවනට	333
සවනත	227
සවන්	4665
සවස	8810
සවසට	238
සවස්	1846
සව්	353
සවාරි	691
සවාරිය	505
සවාරියක්	393
සවාරියේ	238
සවි	3511
සවිකර	1571
සවිකරන	201
සවිකළ	199
සවිකිරීම	273
සවිඥානික	247
සවිබල	986
සවිමත්	1027
සවිය	848
සවියක්	358
සවිස්තර	535
සවිස්තරව	477
සවිස්තරාත්මක	626
සවිස්තරාත්මකව	341
සවුත්	424
සවුත්තු	516
සවුදි	1099
සවුන්ඩ්	480
සශ්මික	224
සස	711
සසඳන	760
සසඳා	626
සසප	1997
සසර	3844
සසරින්	404
සසරේ	730
සසල	1347
සසස	753
සසසස	1014
සසසසස	921
සසසසසස	656
සසසසසසස	472
සසසසසසසස	322
සස්රුත	275
සසුන	962
සසුනට	410
සසුන්	302
සසුනේ	424
සහ	518043
සහකරු	675
සහකරුවන්	287
සහකරුවා	197
සහකරුවෙක්	198
සහකාර	9633
සහකාරිය	633
සහගත	8456
සහගතය	567
සහගතයි	506
සහගතව	1267
සහචරයින්	228
සහජ	690
සහජීවනය	1434
සහජීවනයෙන්	340
සහතික	14224
සහතිකපත්	411
සහතිකය	2696
සහතිකයක්	1826
සහතිකයි	392
සහතිකයේ	326
සහතිකේ	359
සහන	10627
සහනදායි	221
සහනදායී	283
සහනය	2354
සහනයක්	2929
සහන්	3959
සහන්ට	228
සහනාධාර	1876
සහනාධාරය	1005
සහනාධාරයක්	206
සහබාගි	327
සහභාගි	16661
සහභාගිත්වය	772
සහභාගිත්වයෙන්	1568
සහභාගිවන	382
සහභාගිවී	395
සහභාගිවීම	813
සහභාගිවීමට	871
සහභාගිවූ	298
සහභාගී	16256
සහභාගීත්වය	693
සහභාගීත්වයෙන්	1833
සහභාගීවන	380
සහභාගීවීම	320
සහභාගීවීමට	455
සහභාගීවූ	233
සහමුලින්	427
සහමුලින්ම	1036
සහය	14685
සහයක	622
සහයක්	922
සහයට	699
සහයෙන්	384
සහයෝගය	10239
සහයෝගයක්	1386
සහයෝගයට	337
සහයෝගයෙන්	2714
සහයෝගිතා	905
සහයෝගිතාව	574
සහයෝගිතාවය	232
සහයෝගීතා	690
සහයෝගීතාව	861
සහයෝගීතාවය	478
සහරා	222
සහරාන්	685
සහල්	5446
සහසක්	315
සහා	1494
සහාය	13495
සහායක	1195
සහායක්	501
සහායට	378
සහායෙන්	240
සහිත	43600
සහිතය	862
සහිතයි	1859
සහිතව	10859
සහිතවය	243
සහිතවයි	250
සහිතවූ	618
සහිරා	245
සහෘද	1029
සහෘදයන්	365
සහෘදයා	460
සහො	228
සහොදරයා	242
සහෝ	6710
සහෝදර	5309
සහෝදරත්වය	935
සහෝදරත්වයෙන්	317
සහෝදරත්වයේ	516
සහෝදරය	406
සහෝදරයට	230
සහෝදරයන්	933
සහෝදරයන්ට	212
සහෝදරයා	5922
සහෝදරයාගේ	840
සහෝදරයාට	639
සහෝදරයින්	547
සහෝදරයෙක්	870
සහෝදරයෙකු	391
සහෝදරයො	226
සහෝදරයෝ	711
සහෝදරවරු	401
සහෝදරවරුන්	201
සහෝදරවරුනි	246
සහෝදරිය	772
සහෝදරියක්	399
සහෝදරියගේ	210
සහෝදරියන්	1163
සහෝදරියන්ට	196
සහෝදරියෝ	303
සහෝදරී	506
සළකන	468
සළකන්න	379
සළකන්නේ	206
සළකා	2185
සළකුණ	243
සළකුණක්	226
සළකුණු	891
සළසා	421
සළු	1280
සළුව	366
සෆාරි	437
ස්	2791
ස්කන්ධ	1261
ස්කන්ධය	1073
ස්කන්ධයක්	340
ස්කයි	274
ස්කයිප්	1124
ස්කෑන්	1134
ස්කූටර්	334
ස්කූටර්රු	12718
ස්කූල්	802
ස්කොට්	453
ස්කොට්ලන්ත	318
ස්කොට්ලන්තය	304
ස්කොට්ලන්තයේ	405
ස්කොලේ	252
ස්කෝර්	292
ස්කෝලෙ	424
ස්කෝලේ	365
ස්ටයිල්	1134
ස්ටාට්	276
ස්ටාර්	2411
ස්ටාර්ට්	482
ස්ටාලින්	668
ස්ටාෆ්	410
ස්ටැන්ලි	644
ස්ටැලින්	340
ස්ටැලින්වාදී	837
ස්ටෑන්ඩ්	685
ස්ටිකර්	568
ස්ටීල්	222
ස්ටීවන්	829
ස්ටීව්	828
ස්ටුඩියෝ	255
ස්ටේජ්	736
ස්ටේටස්	529
ස්ටේශන්	207
ස්ටේෂන්	777
ස්ටේෂම	199
ස්ටොක්	279
ස්ටෝරි	323
ස්තර	213
ස්තුති	3845
ස්තුතිය	2366
ස්තුතියි	26587
ස්තුතිවන්ත	772
ස්තුතී	852
ස්තූති	2456
ස්තූතිය	2487
ස්තූතියි	29085
ස්තූතිවන්ත	916
ස්තූතී	706
ස්තූපය	203
ස්ථර	767
ස්ථරය	599
ස්ථරයක්	227
ස්ථවිර	529
ස්ථවිරයන්	939
ස්ථවිරාවදානය	304
ස්ථාන	18324
ස්ථානගත	1682
ස්ථානය	14120
ස්ථානයක	2838
ස්ථානයකට	1435
ස්ථානයකදී	299
ස්ථානයක්	4655
ස්ථානයකි	838
ස්ථානයකින්	301
ස්ථානයට	7779
ස්ථානයත්	227
ස්ථානයන්	509
ස්ථානයන්හි	338
ස්ථානයයි	486
ස්ථානයෙන්	2039
ස්ථානයෙහි	290
ස්ථානයේ	8301
ස්ථානයේදී	599
ස්ථානයේදීම	330
ස්ථානයේම	312
ස්ථානවල	2976
ස්ථානවලට	1741
ස්ථානවලදී	213
ස්ථානවලින්	395
ස්ථානාධිපති	2071
ස්ථානාධිපතිවරයා	1081
ස්ථානාධිපතිවරයාට	246
ස්ථානාධිපතිවරුන්	308
ස්ථානීය	435
ස්ථාපනය	5463
ස්ථාපිත	8394
ස්ථායි	225
ස්ථායී	228
ස්ථාවර	4659
ස්ථාවරත්වය	656
ස්ථාවරය	2390
ස්ථාවරයක	347
ස්ථාවරයක්	404
ස්ථාවරයේ	397
ස්ථාවරව	335
ස්ථිර	5259
ස්ථිරයි	341
ස්ථිරව	486
ස්ථිරවම	377
ස්ථිරසාර	279
ස්ථීර	1784
ස්ථූප	208
ස්ථූපය	258
ස්නයිපර්	370
ස්නානය	813
ස්නායු	2012
ස්නෝඩන්	436
ස්පන්දනය	285
ස්පර්ශ	2178
ස්පර්ශය	614
ස්පර්ශයෙන්	213
ස්පර්ෂ	297
ස්පාඤ්ඤ	1246
ස්පාඤ්ඤය	625
ස්පාඤ්ඤයේ	611
ස්පැෂල්	204
ස්පෑම්	755
ස්පීකර්	287
ස්පීඩ්	1069
ස්පුට්නික්	205
ස්පෙෂල්	261
ස්පේස්	304
ස්පොට්	343
ස්පෝර්ට්ස්	214
ස්ඵටික	279
ස්භාවය	240
ස්භාවික	228
ස්මරණය	241
ස්මාට්	692
ස්මාරක	494
ස්මාරකය	851
ස්මාරකයක්	281
ස්මාර්ට්	1235
ස්මාර්ට්ෆෝන්	222
ස්මිත්	968
ස්ලෝ	523
ස්ව	830
ස්වකීය	3093
ස්වදේශ	1872
ස්වදේශික	486
ස්වදේශීය	431
ස්වප්නා	226
ස්වභාව	2350
ස්වභාවකොට	322
ස්වභාවධර්මය	311
ස්වභාවය	8247
ස්වභාවයක්	1641
ස්වභාවයට	461
ස්වභාවයන්	441
ස්වභාවයයි	588
ස්වභාවයසියලුම	976
ස්වභාවයෙන්	785
ස්වභාවයෙන්ම	561
ස්වභාවයේ	405
ස්වභාවික	5248
ස්වභාවිකව	525
ස්වයං	5726
ස්වයංපෝෂිත	436
ස්වර	1683
ස්වරය	619
ස්වරයකින්	238
ස්වරයෙන්	722
ස්වර්ග	348
ස්වර්ගය	477
ස්වර්ගයට	374
ස්වර්ගයේ	223
ස්වර්ණ	1182
ස්වර්ණමය	1064
ස්වර්ණමාලි	326
ස්වර්ණමාලී	198
ස්වර්ණවාහිනිය	202
ස්වර්ණවාහිනියේ	236
ස්වර්ණවාහිනී	327
ස්වර්ණා	653
ස්වර්ණාභරණ	1007
ස්වරාජ්	333
ස්වරූප	353
ස්වරූපය	2163
ස්වරූපයක්	967
ස්වරූපයකින්	243
ස්වරූපයට	235
ස්වරූපයෙන්	910
ස්වල්ප	1410
ස්වල්පයක	251
ස්වල්පයක්	1204
ස්වසන	323
ස්වාධින	549
ස්වාධීන	8653
ස්වාධීනත්වය	1255
ස්වාධීනත්වයට	236
ස්වාධීනව	1496
ස්වාභාවය	328
ස්වාභාවික	3887
ස්වාභාවිකව	373
ස්වාමි	1821
ස්වාමින්	1897
ස්වාමින්වහන්සේ	579
ස්වාමිනාදන්	311
ස්වාමිනි	407
ස්වාමිනී	222
ස්වාමිපුරුෂයා	475
ස්වාමියා	1232
ස්වාමියාගේ	313
ස්වාමියාට	347
ස්වාමීන්	4969
ස්වාමීන්වහන්සේ	1025
ස්වාමීන්වහන්සේගේ	204
ස්වාමීනි	2685
ස්වාමීනී	424
ස්වායත්ත	421
ස්විච්	407
ස්විට්සර්ලන්ත	476
ස්විට්සර්ලන්තය	460
ස්විට්සර්ලන්තයේ	671
ස්විස්	1075
ස්වීට්	387
ස්වීඩනය	298
ස්වීඩනයේ	321
ස්වීඩන්	361
ස්වීප්	239
ස්වීස්	1252
ස්වෙච්ඡා	327
ස්වේච්ඡා	1201
ස්වේච්ඡාවෙන්	530
ස්වෛරී	412
ස්වෛරීත්වය	225
ස්වෛරීභාවය	226
ස්වෝත්තමවාදී	300
සා	5122
සාංඝික	297
සාකච්චා	2524
සාකච්චාව	367
සාකච්චාවක්	466
සාකච්චාවට	253
සාකච්ඡා	26497
සාකච්ඡාව	5341
සාකච්ඡාවක	1193
සාකච්ඡාවකට	2070
සාකච්ඡාවකදී	2248
සාකච්ඡාවකදීයි	279
සාකච්ඡාවක්	6744
සාකච්ඡාවකින්	932
සාකච්ඡාවට	4438
සාකච්ඡාවන්	521
සාකච්ඡාවල	424
සාකච්ඡාවලට	366
සාකච්ඡාවලදී	363
සාකච්ඡාවලින්	289
සාකච්ඡාවෙන්	931
සාකච්ඡාවේ	865
සාකච්ඡාවේදී	2207
සාකච්ජා	1114
සාකච්ජාවක්	260
සාක්	501
සාක්කි	1911
සාක්කු	546
සාක්කුව	219
සාක්කුවට	765
සාක්කුවෙ	359
සාක්කුවෙන්	367
සාක්කුවේ	1166
සාක්ශි	264
සාක්ෂරතාව	358
සාක්ෂරතාවය	278
සාක්ෂාත්	1766
සාක්ෂි	11427
සාක්ෂිකරු	701
සාක්ෂිකරුවන්	573
සාක්ෂිකරුවන්ට	208
සාක්ෂිය	1362
සාක්ෂියක්	1203
සාක්ෂියකි	201
සාක්ෂියට	430
සාගර	3734
සාගරය	1265
සාගරයක්	1119
සාගරයට	309
සාගරයේ	1621
සාගරික	311
සාගරිකා	211
සාගරේ	592
සාගල	1243
සාජන්	680
සාඩම්බර	516
සාතන්	826
සාත්තර	281
සාත්තු	750
සාතිශය	398
සාද	636
සාදක	244
සාදන	1759
සාදනු	214
සාදය	1084
සාදයකට	328
සාදයකදී	246
සාදයක්	696
සාදයට	477
සාදයි	251
සාදයේ	313
සාදරයෙන්	2400
සාදා	3902
සාදාගත්	325
සාදාගෙන	260
සාදාරන	253
සාදු	2861
සාධක	9149
සාධකය	2104
සාධකයක්	2204
සාධකයකි	463
සාධකයන්	234
සාධන	1148
සාධනය	1208
සාධනීය	1666
සාධාරණ	8858
සාධාරණත්වය	1170
සාධාරණද	389
සාධාරණය	2071
සාධාරණයක්	1403
සාධාරණයි	892
සාධාරණව	596
සාධාරණීකරණය	1234
සාධාරණීකරනය	296
සාධාරන	799
සාධාරනය	204
සාධාරනීකරනය	255
සාධු	1132
සාධූ	240
සාන්ත	1443
සානුකම්පිත	221
සාප	856
සාපය	255
සාපරාධි	271
සාපරාධී	1186
සාප්පු	1666
සාප්පුව	266
සාප්පුවට	222
සාපේක්ශව	280
සාපේක්ෂ	1493
සාපේක්ෂතාවාදය	291
සාපේක්ෂයි	370
සාපේක්ෂව	6302
සාම	4129
සාමකාමි	223
සාමකාමී	2769
සාමකාමීව	861
සාමණේර	538
සාමණේරයන්	210
සාමනේර	380
සාමය	7834
සාමයක්	416
සාමයට	445
සාමයික	205
සාමයෙන්	643
සාමයේ	661
සාමසාධක	305
සාම්පල	973
සාම්පලයක්	228
සාම්පල්	489
සාම්පූර්	545
සාමා	273
සාමාජික	4400
සාමාජිකත්වය	2392
සාමාජිකත්වයෙන්	248
සාමාජිකයකු	873
සාමාජිකයන්	7299
සාමාජිකයන්ගෙන්	237
සාමාජිකයන්ගේ	781
සාමාජිකයන්ට	1186
සාමාජිකයා	1400
සාමාජිකයාඅද	1080
සාමාජිකයාඊයේ	1624
සාමාජිකයාවිනාඩි	248
සාමාජිකයින්	6790
සාමාජිකයින්ගේ	667
සාමාජිකයින්ට	734
සාමාජිකයෙක්	1464
සාමාජිකයෙකි	409
සාමාජිකයෙකු	1820
සාමාජිකයෝ	912
සාමාජිකාවක්	256
සාමාජිකාවන්	351
සාමාජීය	611
සාමාන්ය	688
සාමාන්යයෙන්	207
සාමාන්යෙන්	352
සාමාර්ථ	360
සාමාර්ථයක්	285
සාමි	381
සාමුහික	699
සාමුහිකව	222
සාමූහික	1592
සාමූහිකත්වය	206
සාමූහිකව	460
සාය	684
සායන	824
සායනය	288
සායනයක්	199
සායනයට	200
සායනික	1201
සායම්	863
සාර	1045
සාරංග	843
සාරධර්ම	989
සාරය	823
සාරවත්	650
සාරස	277
සාර්	281
සාර්ක්	708
සාර්තක	630
සාර්තකව	198
සාර්ථක	16187
සාර්ථකත්වය	1854
සාර්ථකත්වයක්	426
සාර්ථකත්වයට	574
සාර්ථකත්වයේ	204
සාර්ථකද	227
සාර්ථකම	399
සාර්ථකයි	1337
සාර්ථකව	5758
සාර්ව	335
සාරා	732
සාරාංශ	421
සාරාංශය	630
සාරාංශයක්	334
සාරි	1926
සාරිපුත්ත	267
සාරිය	1198
සාරියක්	613
සාලය	389
සාලයට	224
සාලයේ	455
සාලාව	608
සාලි	951
සාලින්ද	263
සාලිය	995
සාලෙ	499
සාලෙට	301
සාලේ	429
සාවධානව	275
සාසනය	282
සාස්තර	529
සාස්තරේ	282
සාහසික	845
සාහිත	283
සාෆි	258
සැ	1192
සැක	12522
සැකකටයුතු	722
සැකකරන	364
සැකකරු	12326
සැකකරුගෙන්	321
සැකකරුගේ	742
සැකකරුට	767
සැකකරුවකු	438
සැකකරුවන්	15350
සැකකරුවන්ගෙන්	281
සැකකරුවන්ගේ	299
සැකකරුවන්ට	693
සැකකරුවෙක්	351
සැකකරුවෙකු	2440
සැකකරුවෝ	226
සැකක්	297
සැකකාර	2654
සැකකාරිය	530
සැකකාරියන්	223
සැකකෙරෙන	351
සැකපිට	2022
සැකය	1953
සැකයක්	5411
සැකයකින්	400
සැකයට	394
සැකයි	999
සැකයෙන්	588
සැකසහිත	240
සැකසිය	412
සැකසී	495
සැකසීම	2214
සැකසීමට	660
සැකසීමේ	624
සැකසීමේදී	236
සැකසු	272
සැකසුණු	295
සැකසුනු	206
සැකසුම	481
සැකසුම්	2072
සැකසූ	1138
සැක්	246
සැකැස්ම	614
සැකිල්ල	1937
සැකිල්ලෙහි	199
සැකිලි	558
සැකෙන්	342
සැකෙවින්	446
සැගව	401
සැගවී	573
සැගවුණු	326
සැගවුනු	200
සැඟ	303
සැඟව	1710
සැඟවිලා	318
සැඟවී	2318
සැඟවීමට	326
සැඟවුණු	1265
සැඟවුන	282
සැඟවුනු	596
සැඟවූ	267
සැට	284
සැටලයිට්	767
සැට්	2704
සැටි	1502
සැටිත්	237
සැටියෙන්	446
සැඩ	973
සැණකෙළි	262
සැණකෙළිය	443
සැණින්	1129
සැණෙකින්	310
සැත	286
සැතපුම්	3069
සැතපෙන	486
සැත්කම	791
සැත්කමකට	230
සැත්කමක්	781
සැත්කමකින්	204
සැත්කම්	1358
සැදැහැ	223
සැදැහැවත්	444
සැදැහැවතුන්	435
සැදෑ	289
සැදි	441
සැදී	1187
සැදීම	217
සැදීමට	199
සැදුම්	500
සැදුම්ලත්	789
සැදූ	297
සැනසිල්ල	226
සැනසිල්ලක්	262
සැනසිල්ලේ	448
සැනසීම	983
සැනසීමක්	686
සැනසීමට	294
සැනසුම	770
සැනසුමක්	242
සැනසුම්	604
සැනසෙන	207
සැනසෙන්න	307
සැන්	554
සැන්ටා	202
සැන්ඩි	256
සැන්දෑ	343
සැනින්	2102
සැනෙකින්	496
සැනෙන්	220
සැඳෑ	630
සැප	10454
සැපක්	760
සැපට	779
සැපත	506
සැපත්	719
සැපද	563
සැපය	728
සැපයක්	347
සැපයි	643
සැපයිය	775
සැපයීම	7444
සැපයීමට	1985
සැපයීම්	293
සැපයීමෙන්	218
සැපයීමේ	971
සැපයීය	242
සැපයු	252
සැපයුම	3328
සැපයුමක්	326
සැපයුමට	207
සැපයුම්	2322
සැපයුම්කරු	203
සැපයුම්කරුවන්	303
සැපයූ	1461
සැපයෙන	728
සැපයෙන්	267
සැපයේ	266
සැපවත්	388
සැපවූ	341
සැපසේ	244
සැප්	1073
සැප්තැම්බරයේ	534
සැප්තැම්බර්	14515
සැපෙන්	260
සැබවින්	673
සැබවින්ම	3370
සැබැ	661
සැබැවින්	665
සැබැවින්ම	3206
සැබෑ	19213
සැබෑම	802
සැබෑය	572
සැබෑව	427
සැබෑවක්	557
සැබෑවකි	403
සැබෑවට	198
සැබෑවටම	675
සැම	5726
සැමගෙන්	211
සැමගේ	1148
සැමට	5685
සැමටත්	627
සැමටම	832
සැමදා	1889
සැමදාම	303
සැමන්	559
සැමරිය	250
සැමරීම	1251
සැමරීමට	1026
සැමරීමේ	375
සැමරුම	1882
සැමරුමක්	274
සැමරුමට	458
සැමරුම්	3166
සැමරුවේ	207
සැමරූ	363
සැමරෙන	223
සැමරේ	239
සැමවිට	263
සැමවිටම	1264
සැම්සන්	409
සැම්සුන්	407
සැම්සුන්ග්	287
සැමා	393
සැමි	479
සැමියන්	508
සැමියා	6391
සැමියාගෙන්	263
සැමියාගේ	1088
සැමියාට	999
සැමියෙක්	311
සැමුවෙල්	431
සැර	4252
සැරට	616
සැරයක්	3862
සැරයක්ම	294
සැරයන්	869
සැරයන්වරයා	287
සැරයි	661
සැරව	306
සැරසිලා	250
සැරසිලි	959
සැරසී	2170
සැරසුණු	630
සැරසුනු	273
සැරසෙන	1094
සැරසෙන්නේ	607
සැරසෙයි	1047
සැරසේ	565
සැරි	1115
සැරින්	684
සැරියුත්	760
සැරිසර	290
සැරිසරන	1317
සැරිසරන්න	262
සැරිසරමින්	415
සැරිසරා	204
සැරිසැරූ	229
සැරෙත්	277
සැරෙන්	595
සැරේ	4459
සැරේට	470
සැරේම	206
සැල	602
සැලකිය	9198
සැලකියයුතු	481
සැලකිල්ල	731
සැලකිල්ලක්	1247
සැලකිල්ලට	4094
සැලකිල්ලෙන්	365
සැලකිලි	779
සැලකිලිමත්	2855
සැලකීම	1424
සැලකීමක්	385
සැලකීමට	567
සැලකීමේ	321
සැලකීමේදී	367
සැලකුම්	218
සැලකුව	211
සැලකුවා	322
සැලකුවේ	622
සැලකූ	1211
සැලකෙන	3253
සැලකෙනවා	363
සැලකෙන්නේ	1094
සැලකෙයි	339
සැලකේ	1874
සැලඩ්	215
සැලසිය	250
සැලසී	228
සැලසීම	1820
සැලසීමට	774
සැලසීමේ	494
සැලසුම	1703
සැලසුමක්	1477
සැලසුමට	208
සැලසුම්	18451
සැලසුම්කර	211
සැලසුම්කරණය	318
සැලසුම්ගත	206
සැලසෙන	668
සැලසෙනවා	263
සැලසෙනු	211
සැලසේ	418
සැල්	727
සැලැස්ම	3050
සැලැස්මක්	2080
සැලැස්මට	447
සැලැස්මේ	333
සැලැස්වීම	437
සැලැසුම්	523
සැලියුට්	238
සැලී	381
සැලුන්	384
සැලෙන	597
සැලෙන්න	241
සැලේ	366
සැවැත්	476
සැවැත්නුවර	308
සැවොම	1566
සැසඳීමේදී	294
සැසි	757
සැසිය	568
සැසිවාරය	1110
සැසිවාරයට	612
සැසිවාරයේ	229
සැසිවාරයේදී	359
සැහැල්ලු	2655
සැහැල්ලුයි	211
සැහැල්ලුව	691
සැහැල්ලුවක්	425
සැහැල්ලුවෙන්	1149
සැහැල්ලූ	287
සැහෙන	1214
සැහෙන්න	1027
සැළ	291
සැළකිය	1125
සැළකිල්ලට	719
සැළකිලිමත්	408
සැළකීම	197
සැළකෙන	516
සැළකේ	202
සැළසුම	219
සැළසුම්	2080
සැළැස්ම	213
සෑ	1046
සෑඩපහර	749
සෑදිය	248
සෑදී	825
සෑදීම	1299
සෑදීමට	925
සෑදීමේ	432
සෑදු	334
සෑදූ	567
සෑදෙන	455
සෑන්ඩර්ස්	263
සෑබෑ	329
සෑම	35889
සෑමවිටම	529
සෑම්	1903
සෑම්ගේ	515
සෑමා	2241
සෑමාගේ	722
සෑමාට	646
සෑමෝ	299
සෑය	1380
සෑයේ	425
සෑර්	2145
සෑහීමකට	1347
සෑහීමට	414
සෑහෙන	10801
සෑහෙන්ඩ	211
සෑහෙන්න	6744
සෑහේ	399
සි	2987
සිං	1940
සිංගප්පුරු	346
සිංගප්පුරුව	361
සිංගප්පුරුවේ	355
සිංගප්පූරු	2740
සිංගප්පූරුව	1576
සිංගප්පූරුවට	496
සිංගප්පූරුවේ	1615
සිංගර්	745
සිංදු	6328
සිංදුව	3400
සිංදුවක්	2371
සිංදුවට	327
සිංදුවේ	302
සිංහ	4962
සිංහබාහු	582
සිංහයන්	363
සිංහයා	1421
සිංහයාගේ	208
සිංහයෙක්	372
සිංහයෝ	376
සිංහරාජ	854
සිංහරාජය	330
සිංහල	112391
සිංහලකම	266
සිංහලට	1545
සිංහලත්	198
සිංහලය	645
සිංහලයට	1010
සිංහලයන්	2902
සිංහලයන්ගේ	808
සිංහලයන්ට	1476
සිංහලයා	2171
සිංහලයාගේ	630
සිංහලයාට	531
සිංහලයින්	682
සිංහලයින්ට	228
සිංහලයෙක්	469
සිංහලයේ	449
සිංහලයෝ	962
සිංහලෙන්	11291
සිංහලෙන්ම	492
සිංහලේ	1520
සිංහළ	747
සිංහාසනය	249
සික්	922
සික්ස්	394
සිකා	267
සිකියුරිටි	280
සිකුරාද	212
සිකුරාදා	8209
සිකුරිටි	324
සිකුරු	1792
සිකුරුයි	281
සිගරට්	4219
සිගරැට්	661
සිග්නල්	1393
සිගිති	279
සිගිරිය	213
සිඟමන්	210
සිඟා	295
සිඟිති	1089
සිට	134765
සිටගෙන	867
සිටද	233
සිටන	235
සිටන්	269
සිටම	6995
සිටය	910
සිටයි	945
සිට්	243
සිටි	94169
සිටිත්	369
සිටිති	10272
සිටිද්දී	651
සිටින	95779
සිටිනව	242
සිටිනවා	13464
සිටිනවාද	412
සිටින්න	8319
සිටින්නට	2717
සිටින්නන්	535
සිටින්නා	395
සිටින්නැයි	301
සිටින්නීය	445
සිටින්නෙ	242
සිටින්නෙමි	277
සිටින්නෙමු	874
සිටින්නේ	17005
සිටින්නේද	322
සිටින්නේය	426
සිටිනා	4087
සිටිනු	2929
සිටිනුයේ	791
සිටිම	619
සිටිමට	402
සිටිමි	4075
සිටිමින්	3186
සිටිමු	3133
සිටිය	11497
සිටියත්	3290
සිටියද	1678
සිටියදි	439
සිටියදියි	203
සිටියදී	11494
සිටියදීත්	209
සිටියදීම	400
සිටියදීය	290
සිටියදීයි	550
සිටියවුන්	202
සිටියහ	9879
සිටියහොත්	339
සිටියා	23120
සිටියාට	307
සිටියාද	417
සිටියානම්	384
සිටියාය	2864
සිටියි	8815
සිටියෙ	299
සිටියෙමි	2846
සිටියෙමු	1024
සිටියේ	56826
සිටියේද	305
සිටියේය	14056
සිටියොත්	454
සිටියෝ	286
සිටියෝය	783
සිටී	15296
සිටීද	434
සිටීනම්	312
සිටීම	9977
සිටීමට	6854
සිටීමත්	594
සිටීමද	205
සිටීමය	368
සිටීමයි	928
සිටීමෙන්	1209
සිටීමේ	1408
සිටු	799
සිටුවන	238
සිටුවරයා	206
සිටුවා	697
සිටුවීම	964
සිටුවීමට	624
සිටුවීමේ	410
සිඩ්නි	1423
සිත	28011
සිතක	1103
සිතක්	1757
සිතකින්	373
සිතට	5918
සිතත්	459
සිතති	477
සිතද	222
සිතන	4846
සිතනවා	1610
සිතනවාද	201
සිතන්න	2299
සිතන්නට	2220
සිතන්නේ	2938
සිතනා	362
සිතනු	392
සිතම	228
සිතමි	4979
සිතමින්	1470
සිතමු	1302
සිතයි	807
සිතල	312
සිත්	15489
සිත්ගත්	394
සිත්ගන්නා	444
සිත්තම	648
සිත්තමක්	336
සිත්තම්	1034
සිත්තමී	285
සිත්තර	859
සිත්තරා	461
සිත්තරේ	250
සිත්වල	299
සිත්හි	455
සිතා	12263
සිතාගත	763
සිතාගෙන	731
සිතාසි	562
සිතැඟි	458
සිතිජ	260
සිතිණි	265
සිතින්	6360
සිතිනි	250
සිතිය	3402
සිතියම	1308
සිතියමක්	503
සිතියම්	1374
සිතියමේ	462
සිතිවිල්ල	524
සිතිවිල්ලක්	450
සිතිවිලි	3936
සිතී	287
සිතීම	1748
සිතීමට	975
සිතීමේ	491
සිතු	1036
සිතුණි	456
සිතුන	241
සිතුනා	540
සිතුනි	639
සිතුනු	225
සිතුනේ	513
සිතුම්	2486
සිතුල්පව්ව	206
සිතුවත්	311
සිතුවද	227
සිතුවම	828
සිතුවමක්	644
සිතුවමට	228
සිතුවම්	3984
සිතුව්ලි	535
සිතුවා	676
සිතුවාය	228
සිතුවිල්ල	1399
සිතුවිල්ලක්	1297
සිතුවිලි	11927
සිතුවිළි	371
සිතුවෙමි	658
සිතුවේ	1372
සිතුවේය	262
සිතූ	2362
සිතෙන	1136
සිතෙනවා	386
සිතෙන්	506
සිතෙන්නට	363
සිතෙන්නේ	1087
සිතෙයි	604
සිතෙහි	1560
සිතේ	8696
සිදත්	382
සිද්ද	6373
සිද්දවෙන	229
සිද්දි	830
සිද්දිය	2541
සිද්දියක්	1005
සිද්දියට	221
සිද්දියෙන්	235
සිද්ධ	11458
සිද්ධවෙන	393
සිද්ධවෙනවා	243
සිද්ධවෙලා	202
සිද්ධස්ථාන	842
සිද්ධස්ථානයක්	216
සිද්ධාන්ත	1119
සිද්ධාන්තය	611
සිද්ධාන්තයක්	205
සිද්ධාර්ථ	1476
සිද්ධි	3694
සිද්ධින්	277
සිද්ධිය	23099
සිද්ධියකට	786
සිද්ධියක්	5956
සිද්ධියකි	398
සිද්ධියට	6598
සිද්ධියත්	424
සිද්ධියෙන්	3301
සිද්ධියේ	1691
සිද්ධියේදී	590
සිද්ධීන්	2914
සිදී	261
සිදු	114300
සිදුකර	10601
සිදුකරගෙන	568
සිදුකරන	12694
සිදුකරනවා	951
සිදුකරන්න	226
සිදුකරන්නට	298
සිදුකරන්නේ	1149
සිදුකරනු	2666
සිදුකරමින්	1635
සිදුකරයි	890
සිදුකල	3625
සිදුකලේ	282
සිදුකළ	16049
සිදුකළා	930
සිදුකළේ	877
සිදුකිරීම	2079
සිදුකිරීමට	3835
සිදුකිරීමෙන්	299
සිදුකිරීමේ	464
සිදුකෙරිණි	245
සිදුකෙරුණා	1277
සිදුකෙරුණු	398
සිදුකෙරුණේ	357
සිදුකෙරෙන	1836
සිදුකෙරෙනවා	481
සිදුකෙරෙමින්	197
සිදුකෙරේ	561
සිදුකොට	659
සිදුනොකරන	203
සිදුනොවන	437
සිදුර	698
සිදුරක්	396
සිදුරු	1634
සිදුරෙන්	232
සිදුව	15056
සිදුවන	22747
සිදුවනවා	935
සිදුවන්නක්	306
සිදුවන්නට	827
සිදුවන්නේ	7114
සිදුවනු	2285
සිදුවනුයේ	315
සිදුවි	278
සිදුවිම	261
සිදුවිම්	297
සිදුවිය	10119
සිදුවී	7451
සිදුවීම	8919
සිදුවීමකට	217
සිදුවීමක්	4139
සිදුවීමකි	627
සිදුවීමට	2126
සිදුවීමත්	412
සිදුවීමයි	302
සිදුවීම්	10275
සිදුවීම්වලට	208
සිදුවීමෙන්	950
සිදුවීමේ	625
සිදුවු	2298
සිදුවුණ	250
සිදුවුණා	2102
සිදුවුණු	721
සිදුවුණේ	894
සිදුවුන	432
සිදුවුනා	654
සිදුවුනු	461
සිදුවුනේ	619
සිදුවුයේ	567
සිදුවුවහොත්	442
සිදුවූ	19843
සිදුවූයේ	2986
සිදුවූවක්	415
සිදුවූවා	300
සිදුවෙන	1430
සිදුවෙනවා	1858
සිදුවෙන්න	232
සිදුවෙන්නේ	563
සිදුවෙමින්	1841
සිදුවෙයි	1428
සිදුවෙලා	624
සිදුවේ	5148
සිදුවේද	315
සිදුවේවි	367
සිදුහත්	1213
සිදූ	308
සිනමන්	369
සිනමා	15502
සිනමාකරුවන්	246
සිනමාත්මක	263
සිනමාපට	436
සිනමාපටය	648
සිනමාපටයක්	225
සිනමාපටයේ	230
සිනමාව	3991
සිනමාවක්	260
සිනමාවට	1936
සිනමාවෙ	262
සිනමාවෙන්	279
සිනමාවේ	2774
සිනමාවේදී	255
සිනමාහල්	212
සිනහ	1500
සිනහව	1582
සිනහවක්	959
සිනහවකින්	364
සිනහවෙන්	288
සිනහා	526
සින්	685
සින්ක්	676
සින්ඩි	951
සින්ඩිය	782
සින්ඩියක්	206
සින්ඩියට	476
සින්ඩියේ	381
සින්දු	8092
සින්දුව	4836
සින්දුවක්	3258
සින්දුවට	442
සින්දුවත්	275
සින්දුවෙ	237
සින්දුවේ	717
සින්න	391
සින්නක්කර	406
සින්හල	1543
සින්හලෙන්	386
සිනා	5696
සිනාමුසු	218
සිනාව	395
සිනාවක්	813
සිනාවකින්	216
සිනාවෙන්	272
සිනාසී	457
සිනාසෙන	620
සිනාසෙන්නට	268
සිනාසෙමින්	644
සිනාසෙයි	343
සිනි	296
සිනිදු	424
සිනිඳු	573
සිනුවර	353
සිඳ	875
සිඳී	669
සිඳු	1314
සිප	2093
සිපගන්න	256
සිප්	692
සිප්පි	233
සිප්සල	239
සිබිල්	205
සිම්	1467
සිම්පල්	1174
සිම්බාබ්වේ	1228
සිමා	833
සිමාව	284
සිමෙන්ති	2307
සිඹ	370
සිඹින	378
සිය	83450
සියක්	957
සියට	227
සියත	264
සියතට	535
සියදිවි	3597
සියපත	221
සියපත්	203
සියම්	650
සියඹලා	916
සියඹලාණ්ඩුව	277
සියඹලාපිටිය	821
සියය	563
සියයක	384
සියයකට	886
සියයක්	1664
සියයක්ම	216
සියයට	17468
සියයේ	387
සියරට	220
සියල්	321
සියල්ල	27434
සියල්ලක්ම	637
සියල්ලට	1503
සියල්ලටත්	314
සියල්ලටම	1774
සියල්ලත්	208
සියල්ලන්	1668
සියල්ලන්ගේ	323
සියල්ලන්ගේම	447
සියල්ලන්ට	712
සියල්ලන්ටම	1199
සියල්ලන්ම	1194
සියල්ලම	5492
සියල්ලෙන්	504
සියල්ලෙහි	250
සියල්ලේ	357
සියල්ලේම	361
සියල්ලෝ	1029
සියල්ලෝම	1794
සියලු	55143
සියලුදෙනා	932
සියලුදෙනාට	225
සියලුදෙනාම	304
සියලුම	18527
සියලූ	8487
සියලූදෙනා	384
සියලූම	3321
සියවස	1830
සියවසකට	320
සියවසක්	217
සියවසට	520
සියවස්	1686
සියවසෙහි	370
සියවසේ	4774
සියවසේදී	618
සියළු	18647
සියළුදෙනා	310
සියළුම	8377
සියා	396
සියාම්	221
සියැසින්	475
සියුම්	4356
සියුම්ව	593
සියුමැලි	590
සිර	6137
සිරකර	550
සිරකරු	248
සිරකරුවන්	2455
සිරකරුවන්ගේ	202
සිරකරුවන්ට	275
සිරකරුවා	243
සිරකරුවෙක්	200
සිරගත	2125
සිරගතව	418
සිරගෙදර	280
සිරදඩුවම්	209
සිරදඬුවමක්	282
සිරදඬුවම්	464
සිරභාරයට	243
සිරව	211
සිරවී	1200
සිරස	4710
සිරසට	449
සිරස්	547
සිරස්තල	363
සිරස්තලය	204
සිරසේ	482
සිරා	8063
සිරාගෙ	662
සිරාගේ	672
සිරාට	389
සිරාම	696
සිරාවට	1522
සිරාවටම	1939
සිරි	9783
සිරිකොත	1430
සිරිකොතේ	205
සිරිත	1187
සිරිතක්	1294
සිරිතකි	240
සිරිතට	218
සිරිතයි	226
සිරිත්	2087
සිරිතුංග	234
සිරිදාස	303
සිරිධම්ම	625
සිරිපා	1870
සිරිපාදේ	272
සිරිපාල	3111
සිරිමල්	401
සිරිමා	785
සිරිමාවෝ	1070
සිරිමෙවන්	322
සිරිය	388
සිරියා	357
සිරියානු	2069
සිරියාව	1705
සිරියාවට	807
සිරියාවතී	216
සිරියාවේ	1769
සිරිලංකා	223
සිරිලක	609
සිරිල්	1339
සිරිවර්ධන	1930
සිරිසඟබෝ	214
සිරිසා	392
සිරිසාව	212
සිරිසේන	30479
සිරිසේනගේ	2256
සිරිසේනට	1164
සිරී	231
සිරීපාදෙ	229
සිරීපාදේ	253
සිරුර	8913
සිරුරක්	2515
සිරුරට	1919
සිරුරු	3521
සිරුරෙන්	431
සිරුරෙහි	252
සිරුරේ	2547
සිරෝ	314
සිලබස්	242
සිල්	4306
සිල්ලර	2146
සිල්ව	252
සිල්වත්	902
සිල්වර්	203
සිල්වා	24734
සිල්වාගේ	1501
සිල්වාට	952
සිලාවතුර	217
සිලි	789
සිලිකන්	452
සිලින්ඩරයක	196
සිලෙක්ට්	417
සිලෝන්	1093
සිව	203
සිව්	5560
සිව්දෙනා	273
සිව්දෙනෙකු	494
සිව්වන	1431
සිව්වැනි	760
සිවාජිලිංගම්	425
සිවිල්	16410
සිවිලිම	280
සිවු	1244
සිවුමංසල	659
සිවුර	977
සිවුරක්	406
සිවුරු	1785
සිවුවන	233
සිවුවැනි	293
සිස්	210
සිස්ටම්	2467
සිසාරා	1016
සිසිර	1653
සිසිල	791
සිසිලස	461
සිසිල්	1889
සිසු	6714
සිසුනට	320
සිසුන්	19883
සිසුන්ගෙන්	554
සිසුන්ගේ	2573
සිසුන්ට	4881
සිසුවකු	473
සිසුවා	2682
සිසුවාගේ	841
සිසුවාට	519
සිසුවිය	1374
සිසුවියක	331
සිසුවියක්	933
සිසුවියගේ	432
සිසුවියට	239
සිසුවියන්	2423
සිසුවියන්ගේ	262
සිසුවියන්ට	448
සිසුවියෝ	208
සිසුවෙක්	991
සිසුවෙකි	265
සිසුවෙකු	1480
සිසුවෙකුට	386
සිසුහු	546
සිසේරියන්	328
සිහ	250
සිහල	618
සිහසුන	330
සිහළ	342
සිහි	8127
සිහිකර	367
සිහිකරමින්	243
සිහින	12247
සිහිනය	4987
සිහිනයක	461
සිහිනයක්	2554
සිහිනයකි	484
සිහිනයට	295
සිහිනයෙන්	508
සිහිනයේ	514
සිහින්	2801
සිහින්ව	208
සිහිනෙක	236
සිහිනෙන්	1090
සිහිනේ	618
සිහිපත්	6180
සිහිය	2624
සිහියක්	653
සිහියට	2186
සිහියෙන්	1269
සිහියේ	332
සිහිල	228
සිහිල්	907
සිහිවටන	546
සිහිවටනයක්	287
සිහිවිය	225
සිහිවේ	226
සිහිසුන්	298
සිහිසුන්ව	287
සිළුමිණ	1330
සිළුව	226
සී	24491
සීඅයිඒ	636
සීඑන්එන්	226
සීගිරි	1425
සීගිරිය	1706
සීගිරියේ	441
සීට්	3513
සීඩී	756
සීත	2262
සීතල	6212
සීතලක්	343
සීතලට	640
සීතලයි	493
සීතලෙන්	375
සීතලේ	535
සීතා	1024
සීතාවක	904
සීදුව	407
සීදූව	246
සීන්	10321
සීනා	221
සීනි	6690
සීනිගම	299
සීනියර්	449
සීනී	335
සීනු	581
සීනුව	640
සීපා	382
සීමා	15041
සීමාව	6563
සීමාවකට	232
සීමාවක්	2101
සීමාවට	906
සීමාවන්	2322
සීමාවාසික	338
සීමාවී	235
සීමාවූ	237
සීමාවෙන්	649
සීමාවේ	1491
සීමාවේදී	385
සීමාසහිත	1300
සීමිත	4242
සීමිතයි	318
සීය	1497
සීයකට	269
සීයක්	1470
සීයගෙ	320
සීයගේ	250
සීයට	1828
සීයත්	213
සීයයි	321
සීයලා	618
සීයා	4526
සීයාගේ	742
සීයාට	352
සීයෙ	229
සීයේ	628
සීරියස්	1416
සීරිස්	509
සීරීස්	963
සීරුවට	743
සීරුවෙන්	1046
සීරුවේ	591
සීල	835
සීලය	733
සීල්	1164
සීවලී	582
සීෂෙල්ස්	401
සීසන්	1012
සීසර්	602
සීසීටීවී	265
සු	1170
සුක්කානම	309
සුක්ෂම	297
සුඛ	721
සුඛිත	215
සුඛෝපබෝගී	227
සුඛෝපභෝගි	288
සුඛෝපභෝගී	2150
සුගතදාස	1081
සුගතපාල	589
සුගත්	932
සුගම	215
සුචරිත	885
සුජාත	717
සුජාතා	1004
සුජිත්	1347
සුජිව	213
සුජීව	1788
සුට්ටක්	351
සුට්ටි	209
සුටුස්	323
සුඩානය	287
සුණු	404
සුත්ත	217
සුද	436
සුදට	223
සුදත්	943
සුදත්ත	313
සුදන්ත	205
සුදර්ශන	673
සුදර්ශනී	233
සුද්ද	3221
සුද්දගෙ	356
සුද්දගේ	421
සුද්දට	577
සුද්දන්	1321
සුද්දන්ගේ	684
සුද්දන්ට	997
සුද්දා	2327
සුද්දාගේ	459
සුද්දාට	329
සුද්දි	201
සුද්දෙක්	801
සුද්දො	879
සුද්දෝ	1511
සුද්ධ	636
සුදා	977
සුදාගේ	273
සුදානම	346
සුදානමක්	311
සුදානම්	4435
සුදානමින්	404
සුදාරක	493
සුදාරකගේ	595
සුදික	304
සුදීක	1370
සුදු	30640
සුදුපාට	633
සුදුපූසි	312
සුදුම	398
සුදුමැලි	269
සුදුයි	492
සුදුවෑන්	370
සුදුස්සන්	283
සුදුස්සා	242
සුදුස්සාට	229
සුදුසු	15437
සුදුසුකම	573
සුදුසුකමක්	533
සුදුසුකම්	7475
සුදුසුද	385
සුදුසුම	1197
සුදුසුය	892
සුදුසුයි	1129
සුදුසූම	364
සුදූ	501
සුදේශ්	294
සුදෝ	672
සුනඛ	1053
සුනඛයන්	553
සුනඛයා	471
සුනඛයින්	473
සුනන්ද	1156
සුන්	1267
සුන්දර	14370
සුන්දරත්වය	2407
සුන්දරත්වයක්	372
සුන්දරත්වයෙන්	203
සුන්දරද	466
සුන්දරම	755
සුන්දරය	300
සුන්දරයි	1895
සුන්දරව	286
සුන්දරී	227
සුන්නත්	288
සුන්නි	536
සුන්බුන්	931
සුනාමි	2597
සුනාමිය	770
සුනාමියක්	334
සුනාමියට	298
සුනාමියෙන්	534
සුනිල	226
සුනිල්	9245
සුනිලා	398
සුනීත	247
සුනු	457
සුනෙත්	318
සුපතල	245
සුපර්	3668
සුප්	828
සුපිරි	16068
සුපිරිම	1388
සුපිරියට	251
සුපිරියටම	298
සුපිරියි	853
සුපිරිසිදු	344
සුපුන්	1226
සුපුරුදු	7644
සුපුවත	301
සුපෙම්	231
සුබ	20244
සුබදායක	252
සුබපල	655
සුබපැතුම්	2191
සුබම	1220
සුබවාදී	490
සුබසාධක	230
සුබසාධන	1138
සුබසාධනය	474
සුබසිංහ	598
සුභ	23515
සුභපැතුම්	1514
සුභම	1806
සුභවාදී	269
සුභසාධක	205
සුභසාධන	740
සුභසාධනය	301
සුභාවිත	485
සුභාෂ්	705
සුමංගල	1763
සුමට	516
සුමති	255
සුමතිපාල	1169
සුමන	1067
සුමනදාස	495
සුමනරතන	218
සුමනසිරි	311
සුමනසේකර	398
සුමන්තිරන්	590
සුමන්දිරන්	711
සුමනා	661
සුමනේ	265
සුමාන	283
සුමානේ	199
සුමිත්	2240
සුමින්ද	297
සුමිහිරි	265
සුමුදු	1281
සුමේධ	598
සුමේධා	212
සුර	1473
සුරංග	1256
සුරංගනා	1527
සුරක්ෂා	284
සුරක්ෂිත	2774
සුරක්ෂිතතා	335
සුරක්ෂිතතාව	486
සුරක්ෂිතතාවය	224
සුරක්ෂිතභාවය	293
සුරක්ෂිතව	538
සුරකින	702
සුරකින්න	290
සුරකිමු	570
සුරඟන	326
සුරත	599
සුරතල්	4785
සුරතලා	276
සුරත්	236
සුරතාන්තය	307
සුරතින්	636
සුරවීර	340
සුර්ය	575
සුර්යයා	232
සුරා	1207
සුරාජ්	437
සුරාබදු	1780
සුරාව	253
සුරාසැල්	250
සුරැකිව	383
සුරැකීම	634
සුරැකීමට	374
සුරැකීමේ	1486
සුරැකුම්	534
සුරැකුම්පත්	566
සුරුට්ටු	431
සුරූපී	794
සුරේකා	271
සුරේන්	479
සුරේෂ්	1209
සුලං	688
සුලක්ෂණ	351
සුලග	222
සුලඟ	405
සුලබ	1069
සුලබව	320
සුලභ	968
සුලභව	309
සුලමුල	280
සුල්තාන්	205
සුලා	404
සුලි	265
සුලු	5019
සුලූ	235
සුව	11333
සුවච	295
සුවතා	279
සුවද	2137
සුවදක්	269
සුවදායක	248
සුවදුක්	945
සුවඳ	9530
සුවඳක්	1082
සුවඳට	509
සුවඳත්	234
සුවඳයි	639
සුවඳවත්	264
සුවඳින්	551
සුවපත්	2313
සුවපහසු	517
සුවය	4986
සුවයක්	905
සුවයට	253
සුවයෙන්	477
සුවර්	909
සුවසේ	602
සුවහසක්	743
සුවිශාල	821
සුවිශේෂ	2832
සුවිශේෂත්වය	246
සුවිශේෂි	1484
සුවිශේෂී	6340
සුවිසල්	1549
සුවෙන්	323
සුෂ්මා	323
සුසංයෝගය	222
සුසන්ත	840
සුසන්තිකා	304
සුසර	355
සුසාන	1441
සුසිල්	2284
සුසිලා	225
සුසුකි	420
සුසුම	330
සුසුමක්	1336
සුසුමන්	338
සුසුම්	2829
සුහද	3458
සුහදත්වය	244
සුහදව	836
සුහදශීලී	202
සුළං	7493
සුළග	456
සුළගේ	1067
සුළඟ	2547
සුළඟක්	404
සුළඟට	801
සුළඟින්	451
සුළඟේ	891
සුළි	1622
සුළු	20359
සුළුතර	877
සුළුතරය	311
සුළුතරයක්	527
සුළුපටු	489
සුළුය	387
සුළුයි	362
සුළුවෙන්	489
සුළෙඟ්	322
සූ	951
සූකර	364
සූක්ෂම	932
සූක්ෂ්ම	236
සූකිරි	547
සූට්	432
සූටි	275
සූදානම	1417
සූදානමක්	1538
සූදානම්	22181
සූදානම්ද	222
සූදානම්ය	326
සූදානම්ව	956
සූදානමින්	1941
සූදු	1106
සූදුව	409
සූප්පු	357
සූම්	279
සූර	531
සූරත්	233
සූරයා	236
සූරසේන	223
සූර්ය	3193
සූර්යය	249
සූර්යයා	1779
සූර්යයාගේ	471
සූර්යයාට	233
සූර්යා	295
සූරා	1052
සූරාකෑම	489
සූරාකෑමට	266
සූරිය	845
සූරියආරච්චි	454
සූරියබණ්ඩාර	257
සූරියවැව	878
සූරීන්	395
සෘජු	3302
සෘජුව	1792
සෘජුවම	1621
සෘණ	549
සෘණාත්මක	303
සෘතු	410
සෘතුව	258
සෘතුවේ	226
සෘද්ධි	227
සෙ	988
සෙංකඩගල	507
සෙකන්ඩ්	562
සෙක්ෂන්	276
සෙක්ස්	1386
සෙක්සි	485
සෙටප්	232
සෙට්	27934
සෙට්වෙලා	291
සෙත	734
සෙතක්	842
සෙත්	1807
සෙන	202
සෙනග	2976
සෙනගක්	474
සෙනඟ	1712
සෙනඟක්	264
සෙනරත්	1544
සෙනවිරත්න	655
සෙනසුරාද	341
සෙනසුරාදා	6363
සෙනසුරු	1645
සෙනසුරුගේ	201
සෙන්	1129
සෙන්ටර්	827
සෙන්ට්	578
සෙන්ටි	276
සෙන්ටිමීටර	205
සෙන්ටිමීටර්	299
සෙන්නා	1295
සෙන්පති	284
සෙන්සර්	329
සෙනෙට්	925
සෙනෙවි	285
සෙනෙවිරත්න	3452
සෙනෙහස	4397
සෙනෙහසක්	415
සෙනෙහසට	315
සෙනෙහසින්	1167
සෙනෙහසේ	465
සෙනෙහෙ	835
සෙනෙහෙන්	214
සෙනෙහේ	424
සෙනේ	694
සෙනේට්	320
සෙබල	260
සෙබලා	443
සෙබලු	249
සෙබලුන්	832
සෙබලූන්	227
සෙබලෙක්	236
සෙබලෙකු	420
සෙබස්තියන්	514
සෙබළ	343
සෙබළා	446
සෙබළු	533
සෙබළුන්	2200
සෙබළුන්ගේ	257
සෙබළුන්ට	339
සෙබළෙකු	210
සෙම	652
සෙම්	433
සෙමින්	2768
සෙමෙන්	2297
සෙයක්	388
සෙයකි	629
සෙයිද්	314
සෙයින්	2023
සෙරමික්	226
සෙරෙප්පු	1594
සෙලවෙන	206
සෙල්	975
සෙල්ලං	1421
සෙල්ලන්	279
සෙල්ලම	1838
සෙල්ලමක්	905
සෙල්ලමට	487
සෙල්ලම්	9601
සෙල්ලිපි	611
සෙල්වම්	468
සෙල්සියස්	1594
සෙල්ෆි	588
සෙලාන්	295
සෙලින්කෝ	551
සෙවණ	1196
සෙවණැල්ල	222
සෙවණැලි	402
සෙවණේ	356
සෙවන	1033
සෙවනගල	296
සෙවන්	277
සෙවනැල්ල	659
සෙවනැල්ලක්	209
සෙවනැලි	536
සෙවනේ	555
සෙවල	411
සෙව්වන්දි	300
සෙව්වා	219
සෙවිය	691
සෙවිලි	500
සෙවීම	2643
සෙවීමට	2094
සෙවීම්	199
සෙවීමේ	1447
සෙවුම	207
සෙවුම්	996
සෙවූ	652
සෙස්	210
සෙස්ස	726
සෙසු	9006
සේ	33201
සේක	7468
සේකර	1098
සේක්	516
සේක්වා	444
සේඛ	207
සේත්	421
සේත්ම	326
සේද	1365
සේදී	316
සේදීම	452
සේන	866
සේනක	828
සේනසිංහ	550
සේන්දු	690
සේනා	5998
සේනාංක	532
සේනාංකය	565
සේනාංකයේ	699
සේනාංකාධිපති	421
සේනාධිනායක	303
සේනාධිපති	603
සේනාධිරාජා	482
සේනාධීර	518
සේනානායක	5701
සේනානායකගේ	244
සේනාරත්න	6123
සේනාරත්නගේ	218
සේනාරත්නට	200
සේනාව	1683
සේනාවක්	297
සේනාවට	426
සේනාවිධායක	356
සේනාවේ	487
සේනාසනය	333
සේපාල	485
සේපාලිකා	410
සේම	5942
සේමසිංහ	331
සේය	1016
සේයා	1852
සේයාරුව	406
සේයාරූ	674
සේයාවක්	340
සේරටම	729
සේරම	7501
සේරසිංහ	318
සේරුවිල	278
සේරෝම	201
සේල	336
සේලයින්	457
සේල්	582
සේල්ස්	249
සේවක	8467
සේවකයකු	405
සේවකයන්	5232
සේවකයන්ගේ	1355
සේවකයන්ට	1655
සේවකයා	1138
සේවකයාගේ	232
සේවකයාට	224
සේවකයින්	5181
සේවකයින්ගේ	1001
සේවකයින්ට	1231
සේවකයෙක්	863
සේවකයෙකු	826
සේවකයො	221
සේවකයෝ	1289
සේවනය	1089
සේවය	31189
සේවයක්	4595
සේවයට	6972
සේවයෙන්	1789
සේවයෙහි	355
සේවයේ	10285
සේව්	767
සේවා	40954
සේවාදායක	198
සේවාදායකයා	296
සේවාරු	666
සේවාව	5865
සේවාවක්	3977
සේවාවට	566
සේවාවන්	4865
සේවාවන්ට	311
සේවාවන්හි	278
සේවාවල	418
සේවාවේ	989
සේවිකා	246
සේවිකාව	478
සේවිකාවක	246
සේවිකාවක්	636
සේවිකාවන්	2388
සේසත්	287
සේෆ්ටි	267
සෛල	2723
සෛලය	285
සො	598
සොකරි	291
සොච්චම්	438
සොදුරු	2080
සොනාලි	260
සොඳ	331
සොඳුර	554
සොඳුරිය	441
සොඳුරු	9398
සොඳුරුතම	203
සොබා	1560
සොබාදහම	772
සොබාදහමට	198
සොබාදහමේ	373
සොම්නස	206
සොමි	364
සොමිය	232
සොය	548
සොයති	274
සොයන	2905
සොයනවා	476
සොයන්න	1886
සොයන්නට	1107
සොයන්නේ	758
සොයනා	348
සොයනු	263
සොයමි	793
සොයමින්	2059
සොයයි	960
සොයලා	294
සොයා	50112
සොයාගත	1579
සොයාගත්	3310
සොයාගත්තා	342
සොයාගත්තේ	249
සොයාගන්න	859
සොයාගන්නට	356
සොයාගන්නා	680
සොයාගනී	229
සොයාගනු	575
සොයාගැනීම	1083
සොයාගැනීමක්	241
සොයාගැනීමට	1246
සොයාගැනීම්	754
සොයාගැනීමේ	197
සොයාගෙන	7857
සොයාබලා	219
සොයාබැලීම	387
සොයාබැලීමට	273
සොයිසා	2901
සොයුර	418
සොයුරන්	365
සොයුරා	745
සොයුරාගේ	258
සොයුරාට	243
සොයුරිය	959
සොයුරියන්	443
සොයුරු	1019
සොර	678
සොරකම	711
සොරකමක්	261
සොරකම්	3544
සොරා	1430
සොරාගත්	385
සොරාගෙන	572
සොරි	3268
සොරිම	242
සොරු	215
සොරුන්	598
සොරොව්ව	280
සොලමන්	293
සොලවා	237
සොල්දාදුවන්	1404
සොල්දාදුවන්ට	215
සොල්දාදුවා	326
සොල්දාදුවෙක්	233
සොල්දාදුවෝ	236
සොලිසිටර්	1162
සොවින්	364
සොසේජස්	223
සොහොන	854
සොහොනක්	206
සොහොනට	246
සොහොන්	2086
සොහොයුරන්	545
සොහොයුරා	1481
සොහොයුරාගේ	248
සොහොයුරාට	340
සොහොයුරිය	516
සොහොයුරියන්	251
සොහොයුරු	791
සොහොයුරෙකු	240
සොළොස්	209
සොෆ්ට්	562
සොෆ්ට්වෙයා	1153
සොෆ්ට්වෙයාර්	893
සොෆියා	961
සෝ	1975
සෝක	337
සෝක්	374
සෝඩා	733
සෝඩියම්	475
සෝත	290
සෝදන	470
සෝදන්න	231
සෝදා	1825
සෝදිසි	2895
සෝනි	418
සෝනියා	317
සෝපාන	215
සෝබන	332
සෝභිත	3365
සෝම	1662
සෝමතිලක	336
සෝමදාස	204
සෝමපාල	536
සෝමරත්න	897
සෝමලතා	338
සෝමවංශ	1517
සෝමවීර	408
සෝමසිරි	416
සෝමා	619
සෝමාලියානු	325
සෝමාලියාව	218
සෝමාලියාවේ	215
සෝමාවතිය	392
සෝමාවතී	371
සෝමෙ	327
සෝමේ	464
සෝයා	645
සෝයි	291
සෝරත	277
සෝරෝ	393
සෝල්	256
සෝල්හයිම්	260
සෝවාන්	1182
සෝවියට්	4908
සෝෂල්	256
සෝස්	778
සෝෆා	220
සෞදි	2671
සෞදියේ	419
සෞන්දර්ය	1282
සෞන්දර්යය	561
සෞන්දර්යාත්මක	441
හංගගෙන	577
හංගන	199
හංගන්න	596
හංගලා	454
හංගා	321
හංගාගෙන	233
හංදා	332
හංදිය	815
හංදියට	210
හංදියෙන්	245
හංදියේ	563
හංවඩු	1073
හංවැල්ල	716
හංස	966
හංසමාලි	259
හංසයා	485
හංසි	556
හක	602
හක්	890
හක්ක	336
හක්මන	457
හකීම්	1758
හකුරු	885
හකුලා	426
හඟවන	245
හඟුරන්කෙත	368
හජ්	701
හට	24669
හටගත්	2854
හටගත්තා	330
හටගන්නා	1001
හටගන්නේ	254
හටගනී	252
හටගැනීම	214
හටගෙන	2354
හටත්	210
හටද	332
හටන	300
හට්	305
හට්ටි	205
හඩ	3390
හඩක්	799
හඩට	271
හඩන	309
හඩ්සන්	337
හඩා	380
හඩින්	1219
හඩු	262
හණ	224
හඬ	14305
හඬක්	2782
හඬකින්	539
හඬට	1086
හඬත්	377
හඬන	956
හඬන්නට	490
හඬනා	219
හඬපට	310
හඬමින්	368
හඬයි	447
හඬවල්	310
හඬා	1459
හඬින්	3491
හඬේ	215
හත	3001
හතක	784
හතකට	784
හතක්	2792
හතකින්	297
හතට	671
හතයි	1111
හතර	13737
හතරක	1575
හතරකට	2170
හතරක්	7047
හතරක්ම	270
හතරකින්	784
හතරට	1087
හතරදෙනා	238
හතරදෙනෙකු	400
හතරම	351
හතරයි	855
හතරවන	1820
හතරවැනි	689
හතරවෙනි	782
හතරැස්	680
හතරෙ	344
හතරෙන්	971
හතරේ	2126
හතලිස්	1580
හතලිහක්	295
හතළිස්	1315
හතළිහකට	218
හතළිහක්	372
හත්	4386
හත්තිය	212
හත්දෙනෙකු	218
හත්මුතු	269
හත්වන	542
හත්වැනි	295
හත්වෙනි	264
හත්සිය	325
හති	1453
හතිය	201
හතු	600
හතුරා	421
හතුරු	351
හතුරෙක්	243
හතෙන්	283
හතේ	1473
හද	10552
හදක්	309
හදට	719
හදද්දි	417
හදද්දී	357
හදන	12383
හදනකොට	846
හදනකොටම	282
හදනව	1020
හදනවද	301
හදනවා	5257
හදන්	457
හදන්ට	274
හදන්ඩ	322
හදන්න	13883
හදන්නට	940
හදන්නත්	432
හදන්නෙ	3597
හදන්නෙත්	235
හදන්නේ	7842
හදපිරි	320
හදපු	7740
හදමින්	279
හදමු	1226
හදයි	717
හදල	5318
හදලා	8333
හදවත	7201
හදවතක්	1129
හදවතට	2083
හදවත්	3926
හදවතින්	1436
හදවතින්ම	2134
හදවතෙහි	204
හදවතේ	2554
හද්ද	379
හද්දා	235
හදා	10228
හදාගත්	321
හදාගත්ත	779
හදාගත්තා	526
හදාගත්තු	348
හදාගන්න	5639
හදාගන්නවා	347
හදාගන්නේ	336
හදාගමු	206
හදාගෙන	5058
හදාපු	610
හදාරණ	322
හදාරන	1216
හදාරන්න	571
හදාරමින්	393
හදාරලා	212
හදාරා	1154
හදි	271
හදින්	518
හදියක්	230
හදිස්සි	635
හදිස්සිය	276
හදිස්සියකට	400
හදිස්සියක්	517
හදිස්සියට	491
හදිස්සියෙ	336
හදිස්සියෙන්	271
හදිස්සියෙම	345
හදිස්සියේ	806
හදිස්සියේම	398
හදිසි	12461
හදිසියකට	264
හදිසියක්	323
හදිසියට	231
හදිසියෙන්	261
හදිසියෙම	235
හදිසියේ	4587
හදිසියේම	2205
හදීස්	336
හදුනන	395
හදුන්	205
හදුන්නෙත්ති	206
හදුන්වන	1309
හදුන්වනවා	198
හදුන්වන්න	281
හදුන්වන්නේ	707
හදුන්වනු	607
හදුන්වයි	676
හදුන්වලා	239
හදුන්වා	3277
හදුන්වාදීම	256
හදුන්වාදීමට	258
හදුන්වාදුන්	198
හදුනා	2806
හදුනාගත	514
හදුනාගත්	443
හදුනාගන්න	226
හදුනාගැනීම	264
හදුනාගැනීමට	234
හදුනාගෙන	1094
හදෙහි	222
හදේ	1384
හන්	199
හන්තාන	2237
හන්තානට	226
හන්තානේ	372
හන්ද	1200
හන්දම	248
හන්දයි	240
හන්දා	3556
හන්දි	504
හන්දිය	2103
හන්දියක්	413
හන්දියට	758
හන්දියෙ	400
හන්දියෙන්	793
හන්දියේ	1864
හන්දියේදී	254
හනි	355
හනික	553
හනිකට	726
හනිමූන්	269
හනුමා	280
හනේ	794
හඳ	4582
හඳක්	209
හඳගම	776
හඳගමගේ	241
හඳට	883
හඳයා	297
හඳහන	202
හඳහන්	366
හඳුන	251
හඳුනගන්න	199
හඳුනන	1522
හඳුනන්නේ	304
හඳුන්	593
හඳුන්නෙත්ති	810
හඳුන්වන	3449
හඳුන්වනවා	596
හඳුන්වන්න	817
හඳුන්වන්නට	295
හඳුන්වන්නෙ	219
හඳුන්වන්නේ	2159
හඳුන්වනු	1948
හඳුන්වයි	1142
හඳුන්වල	206
හඳුන්වලා	417
හඳුන්වා	10408
හඳුන්වාදී	376
හඳුන්වාදීම	699
හඳුන්වාදීමට	613
හඳුන්වාදීමේ	305
හඳුන්වාදුන්	421
හඳුන්වාදෙන	371
හඳුනා	10537
හඳුනාගත	1789
හඳුනාගත්	1722
හඳුනාගන්න	727
හඳුනාගන්නට	310
හඳුනාගන්නා	449
හඳුනාගන්නේ	215
හඳුනාගනු	351
හඳුනාගැනීම	989
හඳුනාගැනීමට	779
හඳුනාගැනීමේ	634
හඳුනාගෙන	4983
හඳේ	565
හප	476
හපන්	906
හපන්කම්	459
හපන්න	253
හපලා	207
හප්පට	244
හප්පා	1399
හප්පේ	1318
හපා	624
හපාගෙන	236
හපුතලේ	972
හපොයි	2776
හපෝ	564
හපෝයි	340
හබක්	307
හබරණ	742
හබරල	299
හබරාදුව	261
හබරාදූව	202
හබල්	459
හබැයි	208
හම	1757
හමක්	242
හමට	209
හමන	2052
හමන්	855
හමනා	210
හමයි	207
හම්	1077
හම්බ	12886
හම්බන්තොට	15404
හම්බන්තොටට	426
හම්බන්තොටදී	206
හම්බන්තොටරු	317
හම්බන්තොටින්	299
හම්බයෝ	313
හම්බවුණා	227
හම්බවුනා	505
හම්බවුනේ	400
හම්බවෙච්ච	230
හම්බවෙන	727
හම්බවෙනවා	448
හම්බවෙන්න	946
හම්බවෙන්නෙ	268
හම්බවෙන්නේ	373
හම්බවෙයි	267
හම්බවෙලා	886
හම්බු	841
හම්බුණා	244
හම්බුන	457
හම්බුනා	1195
හම්බුනේ	1028
හම්බුනොත්	276
හම්බුවෙන්න	203
හම්බෙන	520
හම්බෙනවා	293
හම්බෙන්න	403
හම්බෙන්නේ	205
හම්බෙලා	441
හම්මේ	752
හම්මෝ	390
හමා	1542
හමාගෙන	222
හමාර	2099
හමාරක	570
හමාරකට	536
හමාරක්	1319
හමාරට	262
හමාරය	1744
හමාරයි	1427
හමාස්	479
හමීඩ්	273
හමු	13373
හමුදා	44135
හමුදාධිපති	1668
හමුදාධිපතිතුමන්	929
හමුදාපති	4095
හමුදාපතිවරයා	1324
හමුදාපතිවරුන්	361
හමුදාමය	539
හමුදාව	20349
හමුදාවක්	1377
හමුදාවට	6146
හමුදාවත්	245
හමුදාවන්	1062
හමුදාවන්ගේ	257
හමුදාවන්ට	796
හමුදාවල	476
හමුදාවලට	254
හමුදාවෙ	534
හමුදාවෙන්	1478
හමුදාවේ	9265
හමුව	4034
හමුවක	399
හමුවකට	6786
හමුවකදී	3877
හමුවකදීය	224
හමුවකදීයි	327
හමුවක්	4532
හමුවට	8804
හමුවන	3113
හමුවන්න	387
හමුවන්නට	469
හමුවන්නේ	958
හමුවිය	1329
හමුවී	5405
හමුවීම	1500
හමුවීමට	2351
හමුවීමත්	234
හමුවීම්	369
හමුවීමෙන්	365
හමුවීමේ	316
හමුවු	446
හමුවුණා	1136
හමුවුණු	270
හමුවුණේ	322
හමුවුන	316
හමුවුනා	414
හමුවුනේ	325
හමුවූ	4005
හමුවූයේ	457
හමුවෙන	762
හමුවෙනවා	561
හමුවෙන්	334
හමුවෙන්න	798
හමුවෙමු	2155
හමුවෙයි	1478
හමුවෙලා	919
හමුවෙහි	214
හමුවේ	26102
හමුවේදී	2889
හමුවේයි	284
හමේ	369
හඹා	2041
හය	5634
හයක	975
හයකට	1214
හයක්	3728
හයකින්	462
හයට	724
හයදෙනෙකු	247
හයයි	515
හයර්	680
හයවන	698
හයවැනි	338
හයවෙනි	275
හයසිය	305
හයි	2677
හයිකු	853
හයිඩ්	506
හයිය	1580
හයියක්	1286
හයියෙන්	3264
හයියෝ	1292
හයිලෙවල්	515
හයිවේ	612
හයෙන්	468
හයේ	2091
හර	1313
හරක	225
හරක්	6616
හරක්ට	383
හරකා	853
හරකුන්	486
හරකුන්ට	220
හරකෙක්	897
හරප්පා	224
හරබර	278
හරඹ	459
හරය	1500
හරයක්	429
හරයන්	262
හරව	257
හරවත්	1351
හරවන	456
හරවන්න	602
හරවල	319
හරවලා	553
හරවා	3365
හරවාගෙන	231
හරසර	270
හරසරින්	396
හරස්	3290
හරසුන්	257
හරහ	268
හරහට	1393
හරහා	45330
හරහාත්	322
හරහාද	269
හරහාම	270
හරහාය	632
හරහායි	486
හර්තාල්	416
හර්ද	214
හර්බට්	236
හර්මන්	309
හර්ෂ	2073
හර්ෂණ	642
හරාම්	505
හරි	177358
හරිගියේ	319
හරිත	2799
හරිතාගාර	621
හරිද	4510
හරින	3227
හරිනම්	488
හරිනවා	505
හරින්	339
හරින්න	1935
හරින්නට	574
හරින්නේ	526
හරිනු	989
හරිනෙ	339
හරිනේ	794
හරිබරි	200
හරිම	32091
හරිමින්	1299
හරිය	4847
හරියකට	481
හරියක්	1740
හරියට	30619
හරියටම	14525
හරියන	1634
හරියනවා	212
හරියන්න	802
හරියන්නෑ	216
හරියන්නෙ	1048
හරියන්නේ	1510
හරියයි	429
හරියාකාරව	495
හරියි	736
හරියෙ	927
හරියෙදි	348
හරියෙන්	397
හරියේ	1493
හරියේදී	210
හරිහමන්	550
හරිහැටි	1450
හරී	2124
හරීන්	1519
හරීම	386
හරුප	379
හරේ	386
හල	1088
හලන	262
හලන්න	200
හලලා	300
හල්	596
හල්දුම්මුල්ල	446
හලා	623
හලාගෙන	266
හලාල්	3075
හලාවත	4389
හලි	205
හලීම්	250
හලේ	664
හලෝ	2610
හවස	7553
හවසක	254
හවසට	2982
හවස්	2562
හව්	267
හවා	542
හවායි	315
හවු	260
හවුල	719
හවුල්	3088
හවුල්කරුවන්	280
හවුල්කාර	310
හවුලේ	820
හවුස්	1863
හෂාන්	198
හෂිත	256
හෂීම්	1360
හස	309
හසන්	691
හසන්ත	532
හසර	285
හසරක්	582
හසරැල්	453
හසල	256
හසලක	466
හස්ත	828
හස්තය	447
හස්තයක්	206
හස්ති	350
හස්තියා	353
හස්බන්ඩ්	403
හසිත	1504
හසියා	686
හසී	967
හසු	2944
හසුකර	368
හසුන	205
හසුන්	373
හසුරුවන	517
හසුරුවා	302
හසුව	786
හසුවන	396
හසුවී	773
හසුවූ	460
හහ්	1871
හළ	461
හෆ්ෆා	402
හෆොයි	1045
හ්	631
හ්ම්	5500
හ්ම්ම්	4154
හ්ම්ම්ම්	1565
හ්ම්ම්ම්ම්	526
හ්ම්ම්ම්ම්ම්	222
හා	511663
හාට්	686
හාඩ්	992
හාඩ්වෙයාර්	222
හාත්පස	915
හාත්පසින්	579
හාත්පසින්ම	844
හාද	344
හාදයා	767
හාදයෙක්	350
හාදු	769
හාදුව	317
හාදුවක්	466
හාන්සි	732
හානි	12397
හානිකර	1784
හානිකරගෙන	489
හානිදායක	323
හානිය	3226
හානියක්	5054
හානියට	1080
හානේ	240
හාබර්	265
හාමතේ	280
හාම්පුතුන්	319
හාම්පුතුන්ගේ	248
හාමි	502
හාමිනේ	2240
හාමිනේට	388
හාමු	457
හාමුදුරු	1142
හාමුදුරුවන්	1776
හාමුදුරුවන්ගෙ	576
හාමුදුරුවන්ගෙන්	259
හාමුදුරුවන්ගේ	1451
හාමුදුරුවන්ට	1823
හාමුදුරුවනේ	1867
හාමුදුරුවරු	1364
හාමුදුරුවරුන්	246
හාමුදුරුවරුන්ට	266
හාමුදුරුවො	2779
හාමුදුරුවොත්	552
හාමුදුරුවෝ	5191
හායි	1067
හාර	795
හාරන	249
හාරමින්	226
හාරලා	253
හාරසිය	310
හාර්ඩ්	277
හාරා	773
හාල්	4110
හාල්මැස්සන්	249
හාලිඇල	348
හාවඩ්	229
හාවා	1190
හාවි	267
හාවෙක්	338
හාවෝ	242
හාස්කම්	625
හාෆ්	307
හැ	808
හැංගි	648
හැංගිලා	1885
හැංගී	228
හැංගෙන්න	290
හැක	33291
හැකර්	432
හැක්	6347
හැක්කක්	721
හැක්කකි	208
හැක්කේ	10183
හැකි	148269
හැකිතරම්	446
හැකිතාක්	1253
හැකිද	5678
හැකිදැයි	595
හැකිනම්	2701
හැකින්	246
හැකිබව	324
හැකිය	32601
හැකියයි	262
හැකියා	612
හැකියාව	24630
හැකියාවක්	10950
හැකියාවට	465
හැකියාවත්	462
හැකියාවද	450
හැකියාවන්	3142
හැකියාවයි	407
හැකියාවෙන්	658
හැකියැයි	457
හැකියි	16880
හැකිලී	211
හැකිව	2392
හැකිවන	1378
හැකිවන්නේ	378
හැකිවනු	1649
හැකිවිය	1799
හැකිවී	823
හැකිවීම	1474
හැකිවුණා	544
හැකිවුනා	207
හැකිවූ	881
හැකිවූයේ	683
හැකිවෙයි	266
හැකිවේ	1045
හැකිවේද	201
හැකිවේවා	221
හැකිවේවි	393
හැගීම	1229
හැගීමක්	1349
හැගීමයි	343
හැගීම්	1809
හැගුම්	397
හැගෙන	312
හැගේ	315
හැඟිම්	261
හැඟී	616
හැඟීම	3878
හැඟීමක්	4224
හැඟීමකි	237
හැඟීමකින්	461
හැඟීමට	235
හැඟීමයි	721
හැඟීම්	5206
හැඟීම්බර	341
හැඟීමෙන්	555
හැඟුමන්	297
හැඟුම්	1408
හැඟුම්බර	255
හැඟෙන	716
හැඟෙන්නේ	462
හැඟේ	703
හැට	2744
හැටක්	539
හැටට	250
හැටන්	4502
හැට්ට	348
හැට්ටය	213
හැටි	41260
හැටිත්	1223
හැටිද	292
හැටිය	639
හැටියක්	475
හැටියට	24875
හැටියටත්	517
හැටියටනම්	205
හැටියටම	231
හැටියටය	280
හැටියටයි	946
හැටියි	379
හැටියෙ	306
හැටියෙන්	204
හැටියෙම	327
හැටියේ	1121
හැටියේම	286
හැටී	220
හැටේ	599
හැඩ	4990
හැඩකාර	315
හැඩට	291
හැඩතල	693
හැඩය	1941
හැඩයක්	740
හැඩයට	512
හැඩයි	1121
හැඩයෙන්	437
හැඩයේ	256
හැඩරුව	429
හැඩැති	444
හැඩි	646
හැඩේ	203
හැඬුම්	214
හැඬුවා	296
හැඬූ	295
හැත්ත	1045
හැත්තෑ	1340
හැත්තෑව	612
හැත්තෑවක්	266
හැතැප්ම	370
හැද	255
හැදෑරිය	277
හැදෑරීම	718
හැදෑරීමක්	313
හැදෑරීමට	776
හැදෑරූ	502
හැදි	579
හැදිච්ච	800
හැදින්	275
හැදින්විය	813
හැදින්වීම	562
හැදින්වීමක්	307
හැදින්වීමට	201
හැදින්වූ	265
හැදින්වෙන	572
හැදින්වෙන්නේ	215
හැදින්වේ	644
හැදියාව	589
හැදිල	1102
හැදිල්ල	200
හැදිලා	2710
හැදී	1312
හැදීගෙන	216
හැදීම	804
හැදීමට	384
හැදීමේ	258
හැදු	506
හැදුණා	212
හැදුණු	670
හැදුන	1099
හැදුනම	201
හැදුනා	528
හැදුනු	738
හැදුනුම්	213
හැදුනුම්පත	329
හැදුනුම්පත්	549
හැදුනෙ	333
හැදුනේ	667
හැදුනොත්	259
හැදුව	1417
හැදුවට	828
හැදුවත්	1276
හැදුවම	244
හැදුවා	3554
හැදුවෙ	1284
හැදුවේ	2640
හැදුවොත්	678
හැදූ	1249
හැදෙන	3499
හැදෙනව	424
හැදෙනවා	1838
හැදෙන්න	1299
හැදෙන්නෙ	602
හැදෙන්නේ	1092
හැදෙයි	715
හැන්ඩ්ල්	197
හැන්ද	413
හැන්දක්	440
හැන්දෑ	459
හැන්දෑව	459
හැන්දෑවක	334
හැන්දෑවට	737
හැන්දෑවෙ	324
හැන්දෑවේ	661
හැන්දෙන්	278
හැන්සාඩ්	255
හැඳ	1112
හැඳි	1342
හැඳින	452
හැඳින්	613
හැඳින්විය	1799
හැඳින්වීම	1517
හැඳින්වීමක්	631
හැඳින්වීමට	844
හැඳින්වුණු	231
හැඳින්වූ	776
හැඳින්වූයේ	634
හැඳින්වෙන	2619
හැඳින්වෙනවා	234
හැඳින්වෙන්නේ	1150
හැඳින්වෙයි	268
හැඳින්වේ	1837
හැඳුනුම්	351
හැඳුනුම්පත	883
හැඳුනුම්පතක්	404
හැඳුනුම්පත්	1521
හැඳුනුම්පතේ	202
හැප්පිලා	406
හැප්පීම්	210
හැප්පෙන	202
හැප්පෙන්න	374
හැපි	1145
හැපී	1148
හැබයි	2289
හැබැ	247
හැබැයි	57280
හැබැහින්	446
හැබෑ	1486
හැබෑට	1434
හැබෑටම	1460
හැබෑම	272
හැබෑව	495
හැබෑවටම	518
හැම	63077
හැමට	469
හැමටම	546
හැමතැනම	1928
හැමතිස්සෙම	717
හැමදා	601
හැමදාටම	573
හැමදාම	20714
හැමදාමත්	4360
හැමදෙනාටම	451
හැමදෙනාම	546
හැමදෙයක්ම	1229
හැමදේකටම	218
හැමදේටම	785
හැමදේම	5414
හැමවිට	244
හැමවිටම	1422
හැමවෙලාවෙම	267
හැමවෙලේම	602
හැමිල්ටන්	479
හැමොටම	651
හැමොම	856
හැමෝ	257
හැමෝගෙන්ම	471
හැමෝගෙම	2195
හැමෝටම	12499
හැමෝටමත්	430
හැමෝම	18826
හැමෝමත්	268
හැමෝවම	213
හැර	25099
හැරගිය	345
හැරදමා	321
හැරදා	705
හැරලා	678
හැරවිය	251
හැරවීම	499
හැරවීමට	502
හැරවීමේ	251
හැරවුම්	540
හැරි	1236
හැරිය	1404
හැරියා	649
හැරියේ	640
හැරියේය	393
හැරිල	1114
හැරිලා	2498
හැරිසන්	901
හැරිස්	270
හැරී	5495
හැරීම	4775
හැරීමක්	468
හැරීමට	3605
හැරීමටයි	198
හැරීමයි	226
හැරීම්	333
හැරීමෙන්	538
හැරීමේ	1505
හැරුණ	298
හැරුණා	657
හැරුණු	2925
හැරුණුකොට	210
හැරුණේ	222
හැරුන	478
හැරුනා	572
හැරුනු	743
හැරුනේ	287
හැරෙන	1965
හැරෙනවා	449
හැරෙන්න	1216
හැරෙන්නට	2179
හැරෙන්නේ	450
හැරෙනු	203
හැරෙමින්	498
හැරෙමු	376
හැරෙයි	262
හැරේ	447
හැල	456
හැලප	787
හැලපේ	273
හැල්මේ	358
හැලි	245
හැලිලා	305
හැලී	375
හැලුණු	239
හැලෙන	1279
හැලෙන්න	442
හැව්ලොක්	285
හැවිරිදි	21344
හැසිර	203
හැසිරවිය	254
හැසිරවීම	699
හැසිරවීමට	373
හැසිරවීමේ	364
හැසිරිය	379
හැසිරී	349
හැසිරීම	4059
හැසිරීමක්	465
හැසිරීමට	541
හැසිරීම්	2034
හැසිරීමෙන්	486
හැසිරීමේ	339
හැසිරුණු	756
හැසිරෙන	2194
හැසිරෙනවා	289
හැසිරෙන්න	634
හැසිරෙන්නට	210
හැසිරෙන්නෙ	222
හැසිරෙන්නේ	1023
හැසිරෙමින්	293
හැසිරෙයි	298
හැහ්	248
හෑ	980
හෑකි	236
හෑගොඩ	224
හෑටි	245
හෑන්ඩ්	812
හෑබෑයි	354
හෑම	646
හෑල්ල	294
හෑල්ලක්	235
හෑල්ලු	641
හෑල්ලුවට	428
හෑලි	385
හි	36316
හිංද	344
හිංදා	394
හිංදි	380
හිංසන	324
හිංසනය	915
හිංසනයට	613
හිංසා	1411
හිංසාකාරී	197
හිංසාව	251
හිංසාවට	243
හික්	12607
හික්කඩුව	1130
හික්කඩුවේ	359
හික්ස්	4634
හික්ස්ස්	324
හිකි	702
හිකිස්	2587
හිග	295
හිගය	245
හිගයක්	345
හිඟ	1911
හිඟන	624
හිඟන්නා	328
හිඟන්නෙක්	232
හිඟන්නෝ	221
හිඟය	1706
හිඟයක්	1636
හිඟයට	290
හිඟා	499
හිඟුරක්ගොඩ	568
හිච්චි	527
හිජාබ්	232
හිට	2148
හිටං	2009
හිටගෙන	2667
හිටන්	1511
හිටපං	488
හිටපන්	1106
හිටපල්ලා	210
හිටපිය	207
හිටපු	79658
හිටල	878
හිටලා	2051
හිටවන්න	253
හිටවලා	285
හිටහං	247
හිටහන්	378
හිට්	1199
හිට්ලර්	2083
හිට්ලර්ගේ	865
හිට්ලර්ට	229
හිට්ස්	1485
හිටි	6193
හිටින	567
හිටිනවා	313
හිටින්න	690
හිටින්නේ	284
හිටිය	17931
හිටියට	3340
හිටියත්	4931
හිටියද	1113
හිටියනං	512
හිටියනම්	1747
හිටියනේ	263
හිටියම	502
හිටියලු	674
හිටියා	24294
හිටියාට	300
හිටියානම්	440
හිටියාම	224
හිටියෙ	13178
හිටියෙත්	860
හිටියේ	22521
හිටියොත්	2662
හිටිවන	224
හිටිහැටියේ	252
හිටු	1335
හිඩැස	285
හිත	39640
හිතං	1218
හිතක	345
හිතකට	265
හිතකර	1560
හිතක්	2291
හිතකාමී	1139
හිතකින්	398
හිතට	17813
හිතටත්	369
හිතත්	914
හිතන	9543
හිතනකොට	328
හිතනලන්තය	523
හිතනව	1630
හිතනවට	260
හිතනවද	847
හිතනවා	8561
හිතන්	4406
හිතන්ට	266
හිතන්ඩ	261
හිතන්න	14395
හිතන්නකෝ	238
හිතන්නට	800
හිතන්නත්	456
හිතන්නවත්	681
හිතන්නෑ	199
හිතන්නෙ	10526
හිතන්නෙත්	296
හිතන්නේ	18464
හිතපන්	325
හිතපු	2239
හිතම	346
හිතමිතුරන්	205
හිතමින්	346
හිතමු	1532
හිතයි	1349
හිතල	4316
හිතලයි	236
හිතලවත්	207
හිතලා	5978
හිතවත	243
හිතවත්	4237
හිතවත්කම	264
හිතවත්කම්	304
හිතවතා	427
හිතවතුන්	1551
හිතවතුන්ගේ	246
හිතවතුන්ට	500
හිතවතෙක්	551
හිතවතෙකු	302
හිතවාදී	1651
හිතවාදීන්	558
හිතසුව	231
හිත්	5224
හිත්වල	540
හිතා	7810
හිතාගත්තා	382
හිතාගන	206
හිතාගන්න	5016
හිතාගන්නත්	398
හිතාගන්නවත්	595
හිතාගෙන	9571
හිතාදර	214
හිතාන	909
හිතාමතා	565
හිතාමතාම	552
හිතැති	597
හිතිච්ච	381
හිතින්	2452
හිතිල	526
හිතිලා	1349
හිතු	515
හිතුණ	696
හිතුණා	3291
හිතුණු	270
හිතුණෙ	400
හිතුණේ	687
හිතුන	5822
හිතුනට	251
හිතුනත්	727
හිතුනද	290
හිතුනම	252
හිතුනා	11123
හිතුනු	699
හිතුනෙ	2153
හිතුනෙම	219
හිතුනේ	4396
හිතුනොත්	603
හිතුමතේ	659
හිතුව	2400
හිතුවක්කාර	1015
හිතුවක්කාරි	266
හිතුවක්කාරී	257
හිතුවට	1009
හිතුවත්	781
හිතුවද	928
හිතුවා	6482
හිතුවෙ	3971
හිතුවෙම	207
හිතුවේ	6323
හිතුවොත්	858
හිතූ	658
හිතෙ	497
හිතෙත්	246
හිතෙන	10756
හිතෙනකොට	208
හිතෙනව	2956
හිතෙනවද	284
හිතෙනවනම්	225
හිතෙනවා	13353
හිතෙන්	1490
හිතෙන්න	1692
හිතෙන්නෙ	5392
හිතෙන්නෙත්	304
හිතෙන්නෙම	353
හිතෙන්නේ	8428
හිතෙයි	983
හිතේ	21584
හිතේවි	285
හිතෛෂී	207
හිද	865
හිදි	337
හිදිමි	201
හිදී	2637
හින	339
හින්ගල	246
හින්ට්	229
හින්ද	9626
හින්දත්	197
හින්දද	841
හින්දම	1640
හින්දමයි	246
හින්දයි	1664
හින්දා	18261
හින්දාම	257
හින්දි	4521
හින්දු	7727
හිනා	17103
හිනාත්	214
හිනාව	2304
හිනාවක්	2062
හිනාවකුත්	237
හිනාවට	314
හිනාවුනා	294
හිනාවෙන	817
හිනාවෙනව	241
හිනාවෙනවා	576
හිනාවෙන්	238
හිනාවෙන්න	1354
හිනාවෙන්නේ	209
හිනාවෙලා	1574
හිනාවෙවී	426
හිනැහී	242
හිනැහෙන	444
හිනැහෙන්න	233
හිනිදුම	400
හිඳ	3049
හිඳගෙන	598
හිඳි	226
හිඳින	459
හිඳිනා	279
හිඳිමි	360
හිඳිමින්	394
හිඳියි	230
හිඳී	427
හිඳුවා	251
හිප්	210
හිම	4768
හිම්	216
හිමාල	286
හිමාලය	288
හිමාලි	351
හිමි	32501
හිමිකම	931
හිමිකමක්	383
හිමිකම්	23439
හිමිකම්එදා	336
හිමිකර	2153
හිමිකරගත්	516
හිමිකරගෙන	578
හිමිකරු	2373
හිමිකරුගේ	216
හිමිකරුට	268
හිමිකරුවන්	982
හිමිකරුවන්ට	255
හිමිකරුවා	330
හිමිකරුවෙකු	259
හිමිකාරිත්වය	284
හිමිකාරිය	261
හිමිකාරීත්වය	344
හිමිගේ	875
හිමිට	819
හිමිදිරි	420
හිමිදිරියේ	316
හිමිනම	472
හිමිනමක්	507
හිමින්	1985
හිමිපාණන්	1680
හිමිපාණන්ගේ	250
හිමිපාණෝ	219
හිමිය	321
හිමියන්	13304
හිමියන්ගෙන්	397
හිමියන්ගේ	4599
හිමියන්ට	2698
හිමියන්ද	237
හිමියනි	351
හිමියා	670
හිමියාගේ	215
හිමියාට	237
හිමියෙන්	439
හිමියෝ	2321
හිමිව	2660
හිමිවන	1909
හිමිවනවා	351
හිමිවන්නේ	861
හිමිවනු	507
හිමිවරු	489
හිමිවරුන්	947
හිමිවරුන්ගේ	244
හිමිවිය	1872
හිමිවී	757
හිමිවීම	382
හිමිවුණා	730
හිමිවූ	902
හිමිවූයේ	429
හිමිවෙනවා	231
හිමිවෙයි	308
හිමිවේ	1620
හිමිහිට	747
හිමීට	1088
හිමෙන්	209
හිමේ	197
හියුගෝ	358
හියුමන්	321
හිර	5539
හිරකරගෙන	294
හිරගෙදර	365
හිරවී	407
හිරවෙලා	1367
හිරාන්	354
හිරැ	230
හිරි	1644
හිරිකිත	268
හිරිකිතයක්	248
හිරිගඩු	309
හිරිමල්	243
හිරිහැර	2098
හිරිහැරයක්	554
හිරු	33327
හිරුගේ	707
හිරුට	692
හිරුණිකා	1572
හිරුත්	258
හිරුනිකා	310
හිරූ	319
හිරෙන්	271
හිරේ	3560
හිරේට	339
හිල	602
හිලක්	356
හිලරි	1538
හිලව්	647
හිල්	1467
හිල්ටන්	504
හිවල්	216
හිස	13927
හිසක්	397
හිසකෙස්	852
හිසකේ	363
හිසට	2161
හිසතෙල්	282
හිසරදය	464
හිසරදයක්	512
හිස්	13261
හිස්තැනක්	295
හිස්බුල්ලා	446
හිස්ව	381
හිස්වූ	227
හිසින්	658
හිසෙහි	358
හිසේ	1543
හිහ්	2264
හිහි	989
හී	7910
හීං	300
හීතල	873
හීදී	238
හීන	8764
හීනමානය	404
හීනය	1375
හීනයක්	2864
හීන්	2282
හීනි	529
හීනියට	1011
හීනෙ	501
හීනෙකින්වත්	324
හීනෙන්	1872
හීනෙන්වත්	334
හීනේ	748
හීරෝ	227
හීල්	351
හීලෑ	908
හීලියම්	354
හු	1809
හුංගම	289
හුග	862
හුගක්	3460
හුගාක්	1353
හුඟ	1549
හුඟක්	7221
හුඟක්ම	313
හුඟාක්	1744
හුජ්ජ	475
හුට	221
හුටා	1487
හුඩ්	369
හුඩු	518
හුණු	1519
හුණුගල්	241
හුණුපිටිය	321
හුත්තට	202
හුත්තෙ	202
හුදකලා	1869
හුදකලාව	729
හුදකලාවේ	217
හුදී	688
හුදු	3364
හුදෙකලා	1622
හුදෙකලාව	539
හුදෙක්	5142
හුදෙක්ම	559
හුන්	1875
හුන්නේය	253
හුනු	219
හුම්	309
හුරතල්	2282
හුරතලේට	241
හුරු	5765
හුරුපුරුදු	742
හුරුබුහුටි	650
හුරුයි	349
හුරුව	296
හුරේ	1256
හුලං	1243
හුලන්	320
හුවමාරු	6662
හුවමාරුව	1142
හුවමාරුවක්	692
හුවමාරුවට	267
හුවමාරුවේ	240
හුවා	1516
හුස්ම	5659
හුස්මක්	1316
හුස්මට	1200
හුසේන්	1187
හුහ්	685
හුළං	1025
හුළඟ	381
හුළඟට	306
හූ	4087
හූනියම්	253
හූල්ල	333
හූවක්	289
හෘත්	222
හෘද	3521
හෘදය	1375
හෘදයාංගම	592
හෘදයාබාධ	408
හෘදයාබාධයක්	459
හෘදයාබාධයකින්	231
හෘදයේ	275
හෙ	1993
හෙංචයියන්	207
හෙක්	1395
හෙක්ටයාර	656
හෙක්ටයාර්	612
හෙක්ටර්	527
හෙජින්	275
හෙට	32993
හෙටක්	1143
හෙටට	400
හෙටත්	1367
හෙටම	671
හෙට්ටිආරච්චි	2332
හෙට්ටිගේ	311
හෙටින්	471
හෙඩ්	900
හෙඩිම	306
හෙණ	1345
හෙතුව	311
හෙතෙම	6203
හෙද	2913
හෙදිය	290
හෙදියක්	243
හෙදියන්	749
හෙන	7051
හෙනට	225
හෙනම	760
හෙනහුරා	308
හෙන්රි	3058
හෙබවූ	429
හෙබි	1210
හෙම	3837
හෙමත්	223
හෙම්බත්	810
හෙම්බත්ව	197
හෙම්බිරිස්සාව	311
හෙම්මාතගම	277
හෙමි	528
හෙමින්	5177
හෙමිහිට	2219
හෙමීට	1371
හෙයකින්	1671
හෙයින්	8645
හෙයින්ද	399
හෙයිනි	2667
හෙරොයින්	4855
හෙල	1379
හෙලන	971
හෙලනු	260
හෙලමින්	317
හෙල්	229
හෙල්ප්	646
හෙල්මට්	1329
හෙල්ල	282
හෙලා	3114
හෙලි	1994
හෙලිකොප්ටරයක්	199
හෙලිකොප්ටර්	1384
හෙලිදරව්	1177
හෙලිදරවු	250
හෙලිවී	269
හෙලීම	401
හෙලීමට	311
හෙලු	220
හෙලුවා	198
හෙලුවෙන්	458
හෙලූ	604
හෙලෝ	987
හෙවත්	26326
හෙවනැල්ල	300
හෙව්ව	265
හෙව්වා	971
හෙව්වේ	228
හෙහ්	14622
හෙහෙ	373
හෙහේ	210
හෙළ	9772
හෙළදිව	261
හෙළන	645
හෙළමින්	240
හෙළය	209
හෙළයන්	202
හෙළයා	292
හෙළයේ	844
හෙළා	2620
හෙළි	10391
හෙළිකර	525
හෙළිකරන	276
හෙළිකරයි	577
හෙළිකළ	217
හෙළිදරව්	3326
හෙළිදරව්ව	531
හෙළිදරව්වක්	493
හෙළිදරවු	439
හෙළිව	754
හෙළිවන	288
හෙළිවී	1535
හෙළිවූ	330
හෙළිවෙයි	652
හෙළිවේ	587
හෙළීම	218
හෙළු	302
හෙළුව	495
හෙළුවෙන්	913
හේ	5015
හේගල්	214
හේග්	279
හේත්	200
හේත්තු	1614
හේතු	25967
හේතුකොට	762
හේතුකොටගෙන	963
හේතුන්	851
හේතුඵල	316
හේතුව	31347
හේතුවකට	600
හේතුවක්	13908
හේතුවකි	597
හේතුවකින්	306
හේතුවත්	532
හේතුවන	1216
හේතුවයි	1293
හේතුවාදී	242
හේතුවිය	395
හේතුවී	1056
හේතුවූ	519
හේතුවෙන්	48822
හේතුවෙන්ම	197
හේතුවෙනි	2262
හේතුවෙනුයි	460
හේතුවේ	340
හේතූන්	1417
හේදිලා	214
හේන	413
හේනක්	306
හේනට	226
හේන්	971
හේනායකආරච්චි	250
හේනේ	470
හේම	310
හේමන්ත	847
හේමපාල	313
හේමමාලි	303
හේමලයා	200
හේමසිරි	784
හේමා	252
හේමාල්	423
හේරත්	4349
හේරත්ගේ	479
හේවගේ	684
හේවා	482
හේවාවිතාරණ	334
හේවිසි	313
හො	1946
හොං	252
හොංකොං	1215
හොක්	198
හොකී	523
හොට	794
හොට්	664
හොටු	818
හොටෙල්	865
හොත්	3582
හොති	200
හොද	26862
හොදක්	383
හොදට	8218
හොදටම	4253
හොදටෝම	234
හොදද	1031
හොදම	7960
හොදය	420
හොදයි	10764
හොදයිද	282
හොද්ද	527
හොද්දක්	402
හොදා	1237
හොදි	1023
හොදින්	5917
හොදින්ම	651
හොදේ	2652
හොන්ඩා	306
හොඳ	71432
හොඳක්	1113
හොඳට	17708
හොඳටම	9618
හොඳටෝම	841
හොඳද	2260
හොඳනම්	265
හොඳම	22444
හොඳය	1300
හොඳයි	24694
හොඳයිද	307
හොඳයිනේ	327
හොඳවයින්	236
හොඳහැටි	284
හොඳා	1859
හොඳාකාරවම	280
හොඳින්	16387
හොඳින්ම	1576
හොඳේ	3598
හොබවන	546
හොම්බ	402
හොම්බට	201
හොය	2405
හොයගන්න	227
හොයද්දි	249
හොයන	3277
හොයනකොට	200
හොයනව	475
හොයනවා	2123
හොයන්	691
හොයන්න	7169
හොයන්නට	262
හොයන්නත්	212
හොයන්නද	204
හොයන්නෙ	786
හොයන්නේ	1396
හොයපු	517
හොයමින්	318
හොයමු	263
හොයල	3904
හොයලා	4835
හොයා	11246
හොයාගත්ත	722
හොයාගත්තා	587
හොයාගත්තු	232
හොයාගත්තෙ	284
හොයාගත්තේ	320
හොයාගන්ට	213
හොයාගන්න	7388
හොයාගන්නත්	280
හොයාගන්නවා	206
හොයාගන්නේ	241
හොයාගෙන	6833
හොර	10027
හොරකං	366
හොරකන්	248
හොරකම	853
හොරකමක්	404
හොරකමට	225
හොරකම්	4022
හොරගොල්ල	213
හොරට	571
හොරණ	2880
හොරා	4447
හොරාගේ	213
හොරාට	709
හොරැහින්	271
හොරි	282
හොරු	5385
හොරුන්	960
හොරුන්ගේ	258
හොරුන්ට	693
හොරෙක්	1407
හොරෙන්	7576
හොරෙන්ම	567
හොරොව්පතාන	429
හොල්මං	364
හොල්මන	342
හොල්මනක්	526
හොල්මන්	3435
හොල්ලන්න	198
හොලිවුඩ්	1305
හොවා	497
හොස්ටල්	1710
හොස්ටින්	249
හොස්පිටල්	710
හොස්පිට්ල්	318
හොහ්	916
හෝ	206454
හෝකන්දර	349
හෝටන්	291
හෝටලය	1483
හෝටලයක	865
හෝටලයකට	298
හෝටලයකදී	209
හෝටලයක්	892
හෝටලයට	641
හෝටලයෙන්	222
හෝටලයේ	1903
හෝටලයේදී	646
හෝටල්	3835
හෝටල්වල	269
හෝටලේ	731
හෝටලේට	210
හෝඩිය	492
හෝඩියේ	462
හෝඩුවාවක්	522
හෝති	200
හෝද	363
හෝදගෙන	423
හෝදන	470
හෝදනවා	236
හෝදන්න	882
හෝදල	276
හෝදලා	716
හෝන්	479
හෝම්	764
හෝම්ස්	1402
හෝමාගම	2600
හෝමෝ	463
හෝමෝන	818
හෝමෝනය	219
හෝර්ටන්	568
හෝරා	961
හෝරාව	1457
හෝල්	2406
හෝල්ට්	1368
හෝල්ඩින්ග්ස්	196
හෝව්	944
හෝස්	384
ළ	715
ළං	2228
ළකුණු	353
ළග	2519
ළගට	964
ළගදි	325
ළගදීම	264
ළගම	434
ළගා	590
ළගින්	464
ළඟ	16707
ළඟට	4944
ළඟටම	626
ළඟදි	1391
ළඟදිම	357
ළඟදී	1173
ළඟදීම	1736
ළඟම	1848
ළඟය	200
ළඟයි	502
ළඟා	3543
ළඟාවීමට	343
ළඟින්	1917
ළඟින්ම	367
ළදරු	1480
ළදරුවන්	264
ළදරුවා	264
ළඳුන්	203
ළඳුනේ	285
ළපටි	375
ළමය	1477
ළමයකු	294
ළමයගෙ	409
ළමයගේ	337
ළමයට	1251
ළමයත්	295
ළමයව	389
ළමයා	5142
ළමයාගේ	776
ළමයාට	504
ළමයි	15293
ළමයිට	240
ළමයින්	4219
ළමයින්ගෙ	460
ළමයින්ගෙන්	268
ළමයින්ගේ	1326
ළමයින්ට	4425
ළමයින්ටත්	223
ළමයින්ව	454
ළමයිනුත්	372
ළමයිනේ	352
ළමයෙක්	4722
ළමයෙක්ට	350
ළමයෙකු	637
ළමයෙකුට	664
ළමයො	312
ළමයෝ	835
ළමා	17957
ළමාරක්ෂක	446
ළමාවිය	303
ළමුන්	4879
ළමුන්ගේ	589
ළමුන්ට	916
ළමෝ	278
ළය	868
ළහිරු	791
ළා	474
ළාබාල	289
ළිං	1268
ළිඳ	775
ළිඳකට	292
ළිඳක්	252
ළිඳට	546
ළිඳේ	285
ළිපි	253
ළිපිය	291
ළිපියක්	199
ළිහිණි	215
ළුණු	248
ළූණු	677
ළොකු	649
ළෝකේ	289
ෆට්ට	696
ෆන්	2119
ෆයර්	562
ෆයර්ෆොක්ස්	821
ෆයි	691
ෆයිට්	418
ෆයිනල්	550
ෆයිබර්	225
ෆයිල්	3933
ෆයිල්ස්	599
ෆයිව්	208
ෆයිසර්	985
ෆලෝ	673
ෆවුසි	396
ෆස්ට්	844
ෆ්ලයිට්	306
ෆ්ලැට්	275
ෆ්ලෑෂ්	494
ෆා	397
ෆාතිමා	380
ෆාදර්	304
ෆාම්	620
ෆාස්ට්	235
ෆැකල්ටි	314
ෆැක්ටරි	282
ෆැක්ස්	1306
ෆැන්ටසි	573
ෆැන්ටසිය	391
ෆැන්ටසියක්	227
ෆැමිලි	332
ෆැෂන්	624
ෆැසිස්ට්	545
ෆැසිස්ට්වාදය	209
ෆැසිස්ට්වාදී	302
ෆෑන්	829
ෆිච්	209
ෆිට්	1841
ෆිදෙල්	445
ෆිනෑන්ස්	678
ෆිල්	282
ෆිල්ම්	13067
ෆිල්ම්ස්	828
ෆිෂ්	370
ෆිසික්ස්	232
ෆීනික්ස්	262
ෆීල්ඞ්	237
ෆීල්ඩ්	1765
ෆීලික්ස්	380
ෆුට්	528
ෆුට්බෝල්	238
ෆුඩ්	485
ෆුල්	3325
ෆුල්ෆේස්	218
ෆෘට්	208
ෆෙඩරල්	2842
ෆෙඩෝරා	675
ෆෙයාර්	229
ෆෙස්ටිවල්	203
ෆෙස්බුක්	400
ෆේක්	467
ෆේල්	900
ෆේස්	3485
ෆේස්බුක්	8778
ෆො	205
ෆොක්ස්	594
ෆොටො	249
ෆොටෝ	7314
ෆොටෝෂොප්	349
ෆොටෝස්	584
ෆොන්	970
ෆොන්ට්	921
ෆොන්ටෙරා	355
ෆොන්සේකා	11784
ෆොන්සේකාගෙන්	265
ෆොන්සේකාගේ	1151
ෆොන්සේකාට	1613
ෆොසිල	268
ෆෝ	1021
ෆෝටෝ	262
ෆෝඩ්	245
ෆෝන්	10562
ෆෝම්	899
ෆෝමැට්	355
ෆෝරම්	482
ෆෝල්ඩර්	352
-e ඔව්	1000
නෑ	990
එහෙමද	980
මොකද	970
කොහෙද	960
ආදරෙයි	950
සුබ	940
උදෑසනක්	930
රාත්‍රියක්	920
හරි	910
එල	900
මචං	890
මල්ලි	880
අක්කෙ	870
අයියේ	860
නංගි	850
කොහොමද	840
තැන්ක්ස්	830
බොහොම	820
ස්තූතියි	810
මං	800
අපි	790
ආදරේ	780
මගේ	770
ඔයා	760
ඔයාට	750
පස්සේ	740
දැන්	730
අද	720
හෙට	710
ගෙදර	700
ගියා	690
එන්න	680
කෑවද	670
බොමු	660
නිදාගන්න	650
හොඳයි	640
නියමයි	630
මරු	620
පට්ට	610
-e කෝ	995
නැද්ද	985
ගමු	975
දෙන්න	965
බලමු	955
කියන්න	945
ගන්න	935
එක	925
අර	915
මේ	905
මොකක්ද	895
ගියාද	885
එනවද	875
ඉන්න	865
කතා	855
කරන්න	845
බැහැ	835
ඔහොම	825
මෙහෙම	815
වැඩ	805
අපෝ	795
හම්බුනා	785
ගත්තා	775
හරිද	765
මං	755
අපි	745
උදේ	735
රෑ	725
දවල්	715
ඇයි	705
කාටද	695
කොහොම	685
කොහෙ	675
දන්නවද	665
තාම	655
නැතුව	645
